cc,operator,qid,short,colour,colour_src,logo,logo_licence,group,role,note,km
cn,中国铁路,Q1073489,,,,China Railways.svg,,China Railway,,qid: search,48693
us,Amtrak,Q23239,Amtrak,#004D6E,logo,BSicon LOGO Amtrak2.svg,Public domain; National Railroad Passenger Corporation,,,"qid: 178 line votes; short: hand; logo: squarer (icon), was Amtrak logo.svg",32930
fr,SNCF Voyageurs,Q93090957,,,,LOGO SNCF GROUPE CMJN.jpg,,SNCF,,qid: 115 line votes,23476
cn,中国铁路广州局集团有限公司,Q11062219,,,,China Railway Guangzhou logo.svg,,China Railway,,qid: search,18531
cn,中国铁路成都局集团,Q5091333,,,,,,China Railway,,qid: search,15402
kz,Қазақстан темір жолы,Q1069105,KTZ,#0293DB,logo,Logo Kazakh railway.jpg,Public domain; Kazakhstan railway,,,qid: search; short: hand,14486
es,Renfe,Q2476154,Renfe,#840066,logo,Galleta de Renfe Operadora (2026).svg,Public domain; ™/®Renfe,,,"qid: 177 line votes; short: hand; logo: squarer (icon), was Logotipo de Renfe Operadora (2005-2026).svg",13781
pl,PKP Intercity,Q590406,,#002B5C,logo,Logo pkp ic.svg,Public domain; Winnetou14,,,"qid: search; logo: hand, kept the wide one (the squarer Netherlands Intercity logo.svg is the Dutch InterCity brand, not PKP's)",12151
de,DB Fernverkehr,Q452140,,,,Db-bahn.svg,,DB,,qid: 7 line votes,11974
pl,Polregio,Q1139703,,#E60102,logo,Logo PolRegio.svg,"Public domain; File:Logo Przewozy Regionalne.jpg: PolRegio
derivative work: Krzysztof Maria Różański (Upior polnocy)",,,qid: search,10493
ir,راه‌آهن جمهوری اسلامی ایران,Q748603,RAI,,,,,,,qid: hand,9199
ca,VIA Rail Canada,Q876720,VIA,#FFC930,logo,VIA Rail Canada simplified.svg,Public domain; Useddenim,,,"qid: 24 line votes; logo: hand, kept the wide one (the squarer VIA Rail Canada 2014-07-30 1406684232.jpg is a photo)",8743
ru,Октябрьская железная дорога,Q1327441,,,,Russian Railways Logo.svg,,РЖД,,qid: search,8576
tr,TCDD Taşımacılık,Q28220824,TCDD Taşımacılık,#013BA6,logo,TCDD Taşımacılık Logo.png,Public domain; TCDD Transport S.A.,,,qid: 45 line votes; short: hand,7749
cn,中国铁路哈尔滨局集团有限公司,Q10922014,,,,,,China Railway,,qid: search,7360
ru,Московская железная дорога,Q1765011,,,,,,РЖД,,qid: search,7258
in,Northern Railway,Q3595642,,,,Northern Railway Zone.svg,,Indian Railways,,qid: search,7140
jp,東日本旅客鉄道,Q499071,JR East,#0A8C0D,logo,Logo JR East.svg,Public domain; Reavi,,,"qid: 126 line votes; short: hand; logo: squarer (category), was JR logo (east).svg",7088
it,Trenitalia,Q286650,Trenitalia,#006B6B,logo,Trenitalia logo.svg,"Public domain; Unknown authorUnknown author, uploaded by Teo.raff",,,"qid: 64 line votes; short: hand; logo: hand, kept the wide one (the squarer Logo treno metropolitano Trenitalia.svg is a Trenitalia sub-brand)",6880
ru,Свердловская железная дорога,Q2095427,,,,,,РЖД,,qid: search,6395
in,North Western Railway,Q3595260,,,,North Western Railway Zone.svg,,Indian Railways,,qid: search,6184
ru,Дальневосточная железная дорога,Q1158067,,,,,,РЖД,,qid: search,6029
it,RFI,Q1060049,RFI,#006A6A,logo,Rete Ferroviaria Italiana logo.svg,Public domain; Ferrovie dello Stato Italiane,,infra,qid: search,5710
ru,Северная железная дорога,Q1946844,,,,,,РЖД,,qid: search,5559
cn,中国铁路南宁局集团有限公司,Q10907377,,,,,,China Railway,,qid: search,5288
ru,Северо-Кавказская железная дорога,Q1666874,,,,Russian Railways Logo.svg,,РЖД,,qid: search,5150
ru,Западно-Сибирская железная дорога,Q595308,,,,,,РЖД,,qid: search,5144
in,Southern Railway,Q3276096,,,,Southern Railway Zone.svg,,Indian Railways,,qid: search,5116
ru,Горьковская железная дорога,Q1351775,,,,RZD.svg,,РЖД,,qid: search,5020
hu,MÁV,Q168082,MÁV,#003B73,logo,Logo Hungary MÁV.svg,Public domain; Madboy74 at Hungarian Wikipedia,,,qid: search; short: hand,4944
cz,České dráhy,Q304944,ČD,#173A7A,logo,Ceske drahy-logo.svg,"Public domain; České dráhy, a.s.",,,qid: 58 line votes; short: hand,4864
dz,Société Nationale des Transports Ferroviaires,Q1275038,SNTF,#263567,logo,SNTF (logo).svg,Public domain; SNTF,,,"qid: search; short: hand; logo: hand, kept the wide one (the squarer Gare d'Alger (SNTF).png is a station photo)",4842
by,Беларуская чыгунка,Q76987,Belarusian Railway,#007ABB,logo,Belarus-RW-Logo.svg,Public domain; Белорусская железная дорога / Belarusian Railway,,,"qid: search; short: hand; logo: hand, kept the wide one (the squarer Emblem of the Ministry of Foreign Affairs of Belarus.svg is a ministry emblem)",4817
cn,中国铁路南昌局集团有限公司,Q10908100,,,,,,China Railway,,qid: search,4787
jp,西日本旅客鉄道,Q502125,JR West,#0068B7,logo,JR West logo.svg,Public domain; 西日本旅客鉄道,,,"qid: 94 line votes; short: hand; logo: squarer (category), was JR logo (west).svg",4714
cn,中国铁路兰州局集团有限公司,Q10893631,,,,,,China Railway,,qid: search,4468
in,Western Railway,Q3595151,,,,Western Railway Zone.svg,,Indian Railways,,qid: search,4452
au,Queensland Rail,Q379439,,#96092B,logo,Logo QR.svg,Public domain; Unknown authorUnknown author,,,qid: 16 line votes,4434
in,Northeast Frontier Railway,Q3595896,,,,The logo of Northeast Frontier Railway (cropped).jpg,,Indian Railways,,qid: search,4403
in,East Central Railway,Q3348026,,,,East Central Railway Zone.svg,,Indian Railways,,qid: search,4385
au,Journey Beyond Rail Expeditions,Q1544385,Journey Beyond,,,,,,,qid: 3 line votes; short: hand,4303
cn,中国铁路乌鲁木齐局集团有限公司,Q10878258,,,,,,China Railway,,qid: search,4259
at,ÖBB-Personenverkehr AG,Q83822,,#ED1834,wikidata,Logo ÖBB.svg,,ÖBB,,qid: 69 line votes,4247
ru,Куйбышевская железная дорога,Q1791315,,,,,,РЖД,,qid: search,4212
id,Kereta Api Indonesia,Q2745027,KAI,#2D2A70,logo,Logo PT Kereta Api Indonesia (Persero) 2020.svg,Public domain; PT Kereta Api Indonesia (Persero),,,qid: 10 line votes,4128
kr,한국철도공사,Q18169,Korail,#0067B4,logo,Korail logo.svg,Public domain; Korea Railroad Corporation,,,qid: 46 line votes; short: hand,4028
ro,CFR Călători,Q856252,CFR Călători,,,,,,,qid: search; short: hand,4024
fi,VR,Q913248,,#14B250,logo,VR logo green.svg,Public domain; VR Matkalla,,,qid: search,4013
au,NSW TrainLink,Q6955406,,,,,,,,qid: 17 line votes,3970
th,การรถไฟแห่งประเทศไทย,Q2165702,SRT,,,,,,,qid: search; short: hand,3919
ru,Восточно-Сибирская железная дорога,Q143784,,,,,,РЖД,,qid: search,3731
in,South Coast Railway,Q61900058,,,,South Coast Railway Zone.svg,,Indian Railways,,qid: search,3620
bg,Български държавни железници,Q610143,BDZ,#00529C,logo,Bulgarian National Railways.svg,CC BY-SA 4.0; HectorTroi,,,qid: search; short: hand,3609
ru,Приволжская железная дорога,Q1542016,,,,,,РЖД,,qid: search,3570
in,Central Railway,Q3345408,CR,,,Central Railway Zone.svg,,Indian Railways,,qid: 15 line votes,3552
ru,Юго-Восточная железная дорога,Q1529921,,,,,,РЖД,,qid: search,3499
in,North Central Railway,Q3595246,,,,North Central Railway Zone.svg,,Indian Railways,,qid: search,3448
ua,Львівська залізниця,Q1570315,,,,Lviv Railways.png,,Ukrainian Railways,,qid: search,3442
gb,CrossCountry,Q1141120,,,,,,,,qid: search,3412
ro,CFR,Q795231,CFR,,,,,,infra,qid: search,3368
ru,Южно-Уральская железная дорога,Q1567889,,,,,,РЖД,,qid: search,3321
in,South Western Railway,Q3595518,,,,South Western Railway Zone (variant).svg,,Indian Railways,,qid: search,3307
in,North Eastern Railway,Q3595514,,,,,,Indian Railways,,qid: search,3290
ua,Південно-Західна залізниця,Q1144530,,,,Південно-Західна залізниця.png,,Ukrainian Railways,,qid: search,3237
in,South Central Railway,Q3595157,,,,Shortened form of South Central Railway Zone of Indian Railways.jpg,,Indian Railways,,qid: 8 line votes,3211
in,West Central Railway,Q3595188,,,,West Central Railway Zone.svg,,Indian Railways,,qid: search,3174
se,SJ,Q8301325,,,,SJ (rail operator) logo.svg,Public domain; SJ AB,,,qid: search,3173
pl,Koleje Mazowieckie - KM,Q847966,Koleje Mazowieckie,#F7BA00,logo,Logo Kolei Mazowieckich.svg,CC0; Unknown authorUnknown author,,,qid: hand,3142
be,NMBS/SNCB,Q524255,SNCB,#0071B8,logo,SNCB logo.svg,Public domain; ™/®NMBS/SNCB,,,qid: 73 line votes; short: hand; logo: hand,3117
de,DB Regio AG,Q50300033,,,,DB Regio Nordost logo.svg,,DB,,qid: 28 line votes,3106
uz,Oʻzbekiston temir yoʻllari,Q2093569,Uzbek Railways,#B89124,logo,Uzbek Railways.svg,Public domain; Uzbekistan Railways,,,qid: search; short: hand,3093
ru,Забайкальская железная дорога,Q1573855,,,,,,РЖД,,qid: search,3063
ch,SBB CFF FFS,Q83835,SFR,#EC1B24,wikidata,SBB CFF FFS logo.svg,,SBB,,qid: search,2946
fr,SNCF,Q13646,SNCF,#F30001,logo,LOGO SNCF GROUPE CMJN.jpg,Public domain; Passion SNCF,,,qid: hand; logo: hand,2932
eg,الهيئة القومية لسكك حديد مصر,Q253927,Egyptian National Railways,#E9261C,logo,ENR logo.png,Public domain; Egyptian National Railways,,,qid: search; short: hand,2892
ru,Красноярская железная дорога,Q1573850,,,,,,РЖД,,qid: search,2841
ua,Одеська залізниця,Q166574,,,,Одеська залізниця.png,,Ukrainian Railways,,qid: search,2829
cn,中国铁路昆明局集团有限公司,Q11087466,,,,,,China Railway,,qid: search,2821
sk,Železničná spoločnosť Slovensko,Q393557,ZSSK,#FF6A0B,logo,Železničná spoločnosť Slovensko logo.svg,Public domain; Unknown authorUnknown author,,,qid: search; short: hand,2772
de,FlixTrain,Q55499626,,#74D700,logo,FlixTrain Logo 2020.svg,Public domain; FlixMobility GmbH,,,qid: search,2768
in,South Eastern Railway,Q7567157,,,,South Eastern Railway Zone.svg,,Indian Railways,,qid: search,2741
cn,中国铁路青藏集团有限公司,Q11662764,,,,,,China Railway,,qid: search,2697
de,DB Regio Südost,Q1152091,,,,DB Regio Südost logo.svg,,DB,,qid: 54 line votes,2697
in,Eastern Railway,Q3347937,,,,Eastern Railway Zone.svg,,Indian Railways,,qid: search,2565
cz,Správa železnic,Q1848025,Správa železnic,#FF5200,logo,Správa železnic logo.svg,"Public domain; Správa železnic, státní organizace",,infra,qid: search; short: hand,2470
in,East Coast Railway,Q3347918,,,,East Coast Railway Zone.webp,,Indian Railways,,qid: search,2470
vn,Tổng công ty Đường sắt Việt Nam,Q501329,Vietnam Railways,,,-,,,,qid: search; short: hand; logo: none (not a logo of the operator),2345
de,DB Regio NRW,Q1152084,,,,DBRegioAG RegionNRW.svg,,DB,,qid: 13 line votes,2329
gb,ScotRail,Q107980329,ScotRail,,,,,,,qid: 22 line votes,2309
tm,Türkmendemirýollary,Q17075422,Turkmen Railways,,,-,,,,qid: search; short: hand; logo: none (not a logo of the operator),2289
au,Genesee & Wyoming Australia,Q5532708,,,,,,,infra,qid: search,2247
jp,九州旅客鉄道,Q498366,JR Kyushu,#E50012,logo,Logo JR Kyushu.svg,Public domain; Kyushu Railway Company.,,,"qid: 15 line votes; short: hand; logo: squarer (category), was JR logo (kyushu).svg",2240
pt,Comboios de Portugal,Q81123,CP,#388444,logo,Logo-Comboios-de-Portugal.svg,"Public domain; José Santa-Bárbara (logo)

Andreuvv",,,"qid: hand; logo: hand, kept the wide one (the squarer Marcos CP e REFER, Alcácer, 2007.12.30.jpg is a photo of boundary posts)",2204
hr,HŽPP,Q124357728,HŽPP,,,,,,,qid: hand,2186
jp,北海道旅客鉄道,Q498930,JR Hokkaido,#44AF35,logo,JR Hokkaido Logo.svg,Public domain; Hokkaido Railway Company,,,"qid: 3 line votes; short: hand; logo: squarer (category), was JR logo (hokkaido).svg",2159
no,Vy,Q83825,Vy,#0A9679,logo,Vy logo.svg,Public domain; Vy,,,qid: 10 line votes,2148
ca,Canadian National,Q624798,CN,#DA291C,logo,CN Railway logo.svg,Public domain; Allan Fleming,,infra,qid: search,2120
in,South East Central Railway,Q3595291,,,,South East Central Railway Zone.svg,,Indian Railways,,qid: search,2077
fr,OSLO,,,,,,,SNCF,,,2054
nl,Nederlandse Spoorwegen,Q23076,NS,#003082,logo,Nederlandse Spoorwegen logo.svg,Public domain; Unknown authorUnknown author,,,"qid: hand; logo: hand, kept the wide one (the squarer NS Logo.jpg is a photo)",2001
gb,Great Western Railway,Q1419438,GWR,#0A493E,logo,Great Western Railway (2015) logo.svg,"Public domain; ™/®Great Western Railway/FirstGroup, designed by Pentagram Studio, London",,,"qid: 5 line votes; logo: hand, kept the wide one (the squarer GWR axlebox cover - geograph.org.uk - 772229.jpg is a photo of the old GWR's axlebox)",1971
ua,Південна залізниця,Q4533925,,,,Південна залізниця logo.png,,Ukrainian Railways,,qid: search,1949
jp,東海旅客鉄道,Q513679,JR Central,#EE6D00,logo,JR Central logo.svg,Public domain; 東海旅客鉄道,,,"qid: 16 line votes; short: hand; logo: squarer (category), was JR logo (central).svg",1930
pl,Koleje Dolnośląskie,Q597307,,,,,,,,qid: search,1913
ar,Trenes Argentinos,Q18170721,,#0077B6,logo,Trenes Argentinos.svg,Public domain; Trenes Argentinos (SVG by Hurfer (talk · contribs)),,,"qid: hand; logo: hand, kept the wide one (the squarer Trenes Argentinos logo.jpg is a photo)",1897
de,National Express Rail GmbH,Q19296997,National Express,#0667AB,logo,National Express Group Logo.svg,Public domain; Unknown authorUnknown author,,,qid: 8 line votes; short: hand,1896
rs,Србија Воз,,Srbija Voz,,,,,,,short: hand,1895
gb,Greater Thameslink Railway,Q136431548,,,,,,,,qid: 7 line votes,1890
se,Transdev,Q442637,,#E4001A,logo,Transdev GmbH logo.svg,Public domain; ™/®Transdev GmbH,,,"qid: hand; logo: hand, kept the wide one (the squarer Logo Transdev AMV.png is a regional Transdev brand)",1884
gb,Transpennine Express,Q23925190,TransPennine Express,,,,,,,qid: search; short: hand,1880
de,Eurobahn,Q589575,,#253877,logo,Logo Eurobahn.svg,Public domain; Eurobahn,,,qid: 6 line votes,1829
it,Trenord,Q1324935,Trenord,#006C3C,logo,Trenord Logo.svg,Public domain; Unknown authorUnknown author,,,qid: 53 line votes; short: hand,1825
ma,Office National des Chemins de Fer,Q1815809,ONCF,#FF6600,logo,Logo-oncf.png,Public domain; ONCF,,,qid: search; short: hand,1816
de,DB Regio AG - Regio Bayern,Q1152076,,,,DB Regio Bayern logo.svg,,DB,,qid: 11 line votes,1815
de,Deutsche Bahn,Q1152076,,,,DB Regio Bayern logo.svg,,DB,,qid: 3 line votes,1801
pl,Koleje Śląskie,Q776749,,#F9B129,logo,Logo Kolei Śląskich.svg,Public domain; Therud,,,qid: search,1796
pl,Łódzka Kolej Aglomeracyjna,Q9395008,ŁKA,#E40613,logo,ŁKA logo.svg,Public domain; Łódzka Kolej Aglomeracyjna,,,qid: search; short: hand,1758
gb,Northern,Q85789775,,,,,,,,qid: hand,1755
gb,Caledonian Sleeper,Q428145,,,,,,,,qid: hand,1745
pl,Koleje Wielkopolskie,Q11741120,,#C7000B,logo,Koleje Wielkopolskie.svg,Public domain; Koleje Wielkopolskie,,,qid: 14 line votes,1720
de,DB Regio AG Bayern,Q1152076,,,,DB Regio Bayern logo.svg,,DB,,qid: 8 line votes,1704
ie,Iarnród Éireann,Q73043,Irish Rail,#3DA735,logo,Iarnród Éireann simple logo.svg,Public domain; Ch1902,,,"qid: 8 line votes; short: hand; logo: squarer (category), was Irish Rail Logo.svg",1625
se,Vy Tåg,Q1503354,,,,Vy logo.svg,,Vy,,qid: search,1620
es,Intermodalidad de Levante,Q111296380,iryo,#CA151A,logo,ILSA logo.png,CC BY-SA 4.0; Sergioorozco96,,,qid: search; short: hand,1608
de,DB Regio,Q64504641,,,,DB Regio Baden-Württemberg Logo (2022).svg,,DB,,qid: 21 line votes,1596
de,DB Regio Mitte,Q60894917,,,,Db-regio-mitte-logo.jpg,,DB,,qid: 48 line votes,1594
za,Shosholoza Meyl,Q3643636,,,,,,,,qid: hand,1587
gb,Trafnidiaeth Cymru,Q55074950,,,,Transport wales logo18.svg,,Transport for Wales,,qid: 3 line votes,1576
br,Vale,Q583268,,,,,,,,qid: search,1566
nl,Arriva,Q2581356,,#00A2AD,logo,Arriva Group logo.svg,Public domain; Arriva Group,,,qid: 77 line votes,1558
at,ÖBB,Q83822,ÖBB,#ED1834,wikidata,Logo ÖBB.svg,Public domain; ™/®Österreichische Bundesbahnen,,,qid: search; short: hand,1552
gb,Lumo,,,,,,,,,,1537
my,Keretapi Tanah Melayu,Q1187590,KTM,#014F9A,logo,Keretapi Tanah Melayu Berhad Logo.svg,Public domain; Keretapi Tanah Melayu Berhad,,,qid: 10 line votes; short: hand,1511
mx,Tren Maya,Q59806309,,#3B7861,wikidata,Logo Tren Maya horizontal with slogan.svg,Public domain; Mayan Train,,,"qid: search; logo: hand, kept the wide one (the squarer Logo Tren Maya vertical.svg is too small to read at 14 px)",1494
de,DB Fernverkehr AG,Q452140,,,,Db-bahn.svg,,DB,,qid: search,1490
gb,West Midlands Trains,Q39052868,,,,,,,,qid: 10 line votes,1471
de,DB Regio AG Mitte,Q60894917,,,,Db-regio-mitte-logo.jpg,,DB,,qid: 4 line votes,1463
se,SJ AB,Q8301325,,,,SJ (rail operator) logo.svg,,SJ,,qid: search,1448
fr,Lyria,Q675756,,#E5162B,logo,TGV Lyria - logo officiel 2017.svg,Public domain; TGV Lyria,,,qid: search,1444
se,DSB Øresund,,,,,,,DSB,,,1422
nz,KiwiRail,Q3788105,,,,,,,,qid: search,1413
dk,DSB,Q83824,DSB,#C2122B,logo,DSB company logo.svg,Public domain; DSB,,,qid: 17 line votes,1408
gr,Hellenic Train,Q7832852,Hellenic Train,#005EB8,logo,Hellenic Train Symbol.svg,Public domain; Minoa.,,,qid: 30 line votes; short: hand,1368
de,DB Regio AG NRW,Q1152084,,,,DBRegioAG RegionNRW.svg,,DB,,qid: search,1367
de,DB Regio Nord,Q62594047,,,,,,DB,,qid: 5 line votes,1361
tn,Société Nationale des Chemins de Fer Tunisiens,Q2297197,SNCFT,#030446,logo,Logo - SNCFT.png,Public domain; Riad Salih,,,qid: search; short: hand,1350
au,V/Line,Q7906335,,,,,,,,qid: 28 line votes,1330
gb,London North Eastern Railway,Q53649859,LNER,#C92C30,logo,LNER Logo.svg,Public domain; ™/®London North Eastern Railway,,,qid: search; short: hand,1329
pl,Polregio S.A.,Q18853,,,,DB Regio - Logo.svg,,Polregio,,"qid: weak, 1 line vote(s)",1317
se,VR Sverige,Q112864397,,,,,,,,qid: search,1316
cn,中国铁路上海局集团有限公司徐州直属站,,,,,,,China Railway,,,1305
de,DB Regio Nordost,Q50300033,,,,DB Regio Nordost logo.svg,,DB,,qid: 5 line votes,1305
cz,ČD,Q304944,ČD,,,Ceske drahy-logo.svg,,České dráhy,,qid: 29 line votes,1229
de,DB RegioNetz Verkehrs GmbH,Q26277154,RNV,,,,,DB,,qid: search,1227
fr,TGV Lyria,Q675756,,,,TGV Lyria - logo officiel 2017.svg,,Lyria,,qid: search,1180
gb,Avanti West Coast,Q68441695,,,,,,,,qid: search,1169
si,SŽ,Q766616,SŽ,#00A8EB,logo,Slovenske železnice logo.svg,Public domain; Slovenske železnice,,,qid: search; short: hand,1151
cz,cz:ČD,,,,,,,České dráhy,,,1125
de,European Sleeper,,,,,,,,,,1106
lt,LTG Link,Q110111309,,,,,,,,qid: hand,1104
au,Intercity Train,Q7660181,,,,TfNSW T.svg,,NSW TrainLink,,qid: 8 line votes,1097
au,Vintage Rail Journeys,,,,,,,,,,1057
tw,國營臺灣鐵路股份有限公司,Q112151129,,#090980,logo,ROC Taiwan Railways Administration Logo.svg,Public domain; Taiwan Railways Administration,Taiwan Railway Corporation,,qid: search,1056
fr,Renfe / SNCF Voyageurs,,,,,,,Renfe;SNCF,,,1055
se,Inlandsbanan AB,Q1663784,,,,,,,,qid: search,1044
gb,South Western Railway,Q30602320,SWR,,,,,,,qid: search,1024
de,NordWestBahn,Q314293,NWB,#00468E,logo,NordWestBahn 2016 logo.svg,Public domain; ™/®NordWestBahn GmbH,,,qid: 11 line votes,1023
cn,兰州铁路局,Q10893631,,,,,,,,qid: search,1018
hu,GYSEV,Q181697,,#FCE000,logo,GYSEV logo.svg,Public domain; Balint36,,,qid: search,1015
de,Abellio Rail Mitteldeutschland GmbH,Q15781311,Abellio,#D50132,logo,Abellio logo.svg,Public domain; ™/®Abellio,,,qid: 12 line votes; short: hand,973
cn,中国铁路沈阳局集团有限公司,Q11139034,,,,,,China Railway,,qid: search,967
de,DB Regio AG Südost,Q1152091,,,,DB Regio Südost logo.svg,,DB,,qid: 5 line votes,965
az,Azərbaycan Dəmir Yolları,Q617956,ADY,#1B3D6E,logo,Azerbaycan Demir Yollari logo.svg,Public domain; Azərbaycan Dəmir Yolları,,,qid: search,926
de,Ostdeutsche Eisenbahn GmbH,Q145188,ODEG,#F89C0E,logo,ODEG-Logo Neu.svg,Public domain; Ostdeutsche Eisenbahn GmbH. SVG: Knut Rosenthal,,,qid: 4 line votes; short: hand,922
de,Albtal-Verkehrs-Gesellschaft mbH,Q896547,AVG,#62AF45,logo,Logo AVG.svg,Public domain; Unknown authorUnknown author,,,qid: 25 line votes,919
de,Deutsche Bahn AG,Q122870674,,,,DB InfraGo logo.svg,,DB,,qid: 3 line votes,908
gb,Transport for Wales,Q104878180,TfW,#FF0000,logo,Transport wales logo18.svg,Public domain; Smörgåsbord Studio (Cardiff),,,qid: hand,880
fr,SNCF Voyageurs Étoile d'Amiens,Q133289395,,,,,,SNCF,,qid: 24 line votes,874
za,Metrorail,Q3642663,,#F9DB4A,logo,Metrorail.png,Public domain; Unknown authorUnknown author,,,qid: 29 line votes,870
se,DSB Småland,,,,,,,DSB,,,862
de,DB Regio Bayern,Q1152076,,,,DB Regio Bayern logo.svg,,DB,,qid: 3 line votes,861
jp,四国旅客鉄道,Q496531,JR Shikoku,#309AC3,logo,JR Shikoku logo.svg,Public domain; 四国旅客鉄道,,,"qid: 3 line votes; short: hand; logo: squarer (category), was JR logo (shikoku).svg",848
lv,Vivi (Pasažieru vilciens),Q7142587,Vivi,#F7B600,logo,Vivi Latvia (2023).png,Public domain; Dizaina studija Teika,,,qid: hand,847
pl,Koleje Małopolskie,Q18609984,,#384A7C,logo,Logo Koleje Małopolskie.png,Public domain; BasilLeaf,,,qid: search,843
ar,Tren Patagónico,Q5478368,,#19456A,logo,Tren patagónico isologo.png,CC BY-SA 4.0; Tren Patagónico S.A.,,,"qid: search; logo: squarer (category), was Tren patagonico arg logo.png",831
ro,Regio Călători,Q567819,,,,,,,,qid: search,820
de,Arverio Baden-Württemberg GmbH,Q64212458,,,,Arverio-bw-logo.svg,Public domain; Arverio Baden-Württemberg GmbH,,,qid: search,813
au,Great Southern Railway,Q1544385,GSR,,,,,,,qid: search,811
se,DSBFirst,,,,,,,,,,792
de,VIAS GmbH,Q2521737,VIAS,#0FABA4,logo,VIAS logo.svg,Public domain; VIAS GmbH,,,qid: 3 line votes; short: hand,788
ru,Железные дороги Якутии,Q4179033,Yakutia Railways,,,,,,,qid: search; short: hand,786
gb,Southeastern,Q1696490,,#1C184F,logo,Southeastern logo (2014–present).svg,Public domain; Go-Ahead Group (now used by DfT Operator-owned operator also branded as Southeastern),,,qid: 3 line votes,784
us,Metra,Q1814208,,#0055A5,logo,Metra Logo.svg,Public domain; Metra,,,qid: 51 line votes,779
at,ÖBB-Personenverkehr,Q108273560,,,,Logo ÖBB.svg,,ÖBB,,qid: search,775
at,České dráhy,Q304944,ČD,,,Ceske drahy-logo.svg,,,,qid: 3 line votes,775
gb,East Midlands Railway,Q65090907,,,,,,,,qid: search,771
ua,Придніпровська залізниця,Q4378133,,,,Приднепровская железная дорога.png,,Ukrainian Railways,,qid: search,771
us,Alaska Railroad,Q1235460,,#F7FA13,logo,Alaska Railroad Logo.svg,Public domain; Alaska Railroad,,,qid: search,766
es,Ouigo España,Q97172588,,#E3006A,logo,TGV Ouigo 2013 logo.svg,Public domain; Agence Carré noir,,,qid: search,762
in,Konkan Railway,Q1706472,,,,,,,,qid: search,734
de,Hessische Landesbahn GmbH,Q896102,HLB,#D70027,logo,HLB-Logo.svg,Public domain; Unknown authorUnknown author,,,qid: search; short: hand,729
no,SJ Nord,Q50291920,,,,SJ (rail operator) logo.svg,,SJ,,qid: search,726
gb,Grand Central,-,,,,,,,,qid: hand,722
no,SJ Norge,Q50291920,,,,SJ (rail operator) logo.svg,,SJ,,qid: 3 line votes,722
de,DB Regio AG Baden-Württemberg,Q64504641,,,,DB Regio Baden-Württemberg Logo (2022).svg,,DB,,qid: 9 line votes,719
de,DB Regio AG Region Mitte,,,,,,,DB,,,718
se,Trafikverket,Q1677108,,#E5231A,logo,Trafikverkets logo på engelska.gif,Public domain; Trafikverket,,infra,qid: search,717
ee,AS Eesti Liinirongid,Q1326458,Elron,,,,,,,qid: 14 line votes; short: hand,715
us,Amtrak California,Q218438,,,,Amtrak California logo 2012.svg,,Amtrak,,qid: search,713
de,DB Regio AG/S-Bahn München,Q1152076,,,,DB Regio Bayern logo.svg,,DB,,qid: 32 line votes,698
de,DB Regio AG Nord,Q1354909,,,,Logo Erixx 2022.svg,,DB,,qid: 3 line votes,697
de,Transdev Hannover GmbH,Q79876049,,#00468C,logo,Transdev Hannover GmbH.svg,Public domain; Transdev Hannover GmbH,,,"qid: 31 line votes; logo: hand, kept the wide one (the squarer Logo Transdev AMV.png is a regional Transdev brand)",692
se,SJ Sverige,,,,,,,SJ,,,691
se,Vy Tåg AB,,,,,,,Vy,,,691
cn,临哈铁路有限责任公司,,,,,,,,,,682
za,PRASA,Q1434734,,,,,,,,qid: hand,676
ge,საქართველოს რკინიგზა,Q115880,Georgian Railway,#ED1C24,logo,Georgian Railways logo (2016-present).svg,Public domain; Georgian Railways,,,qid: search; short: hand,675
de,Go-Ahead Bayern,Q64212479,,,,Arverio-by-logo.svg,Public domain; Arverio Bayern GmbH,,,qid: search,667
de,Metronom Eisenbahngesellschaft mbH,Q265228,metronom,#1C4F9C,logo,Metronom textlogo 2019.svg,Public domain; Metronom Eisenbahngesellschaft mbH,,,qid: search; short: hand,656
mx,Ferromex,Q977145,,,,Ferromex logo.png,Public domain; Grupo México,,,qid: search,653
cn,广东城际铁路运营有限公司,Q104443987,Guangdong Intercity,,,,,,,qid: 8 line votes; short: hand,647
au,NSW Trains,Q7660181,,,,TfNSW T.svg,,NSW TrainLink,,qid: 10 line votes,644
de,DB,Q9322,DB,#F01414,logo,Deutsche Bahn AG-Logo.svg,Public domain; ™/®Deutsche Bahn AG,,,"qid: hand; logo: hand, kept the wide one (the squarer DB-Logo-data.svg is DB Cargo's logo)",644
gb,Transport for London,Q682520,TfL,#0019A9,logo,TfL roundel (no text).svg,Public domain; Dream out loud,,,"qid: 111 line votes; short: hand; logo: squarer (icon), was TfL mark.svg",642
de,DB AG,Q9322,DB,,,Deutsche Bahn AG-Logo.svg,,DB,,qid: search,637
dk,DSB Vores Tog,Q141524343,,,,,,DSB,,qid: search,637
de,agilis,Q393786,,#C5E33A,logo,Agilis Logo.svg,Public domain; Agilis,,,qid: search,634
pl,PKPIC,Q590406,,,,Logo pkp ic.svg,,PKP Intercity,,qid: search,634
ca,CPKC,-,,,,,,,infra,qid: hand,632
gb,Virgin Trains East Coast,Q18619365,,,,,,London North Eastern Railway,,qid: search,630
de,cantus Verkehrsgesellschaft mbH,Q1033911,,#2B2C7D,logo,Cantus-Logo.svg,Public domain; cantus,,,qid: search,622
cz,DB,Q304944,ČD,,,Ceske drahy-logo.svg,,,,"qid: weak, 1 line vote(s)",599
no,Go-Ahead Norge,Q58041853,,#CB4742,logo,Go-Ahead Nordic logo.svg,Public domain; Go-Ahead Nordic,,,qid: search,598
ru,Калининградская железная дорога,Q1552725,,,,,,РЖД,,qid: search,593
ca,Rocky Mountaineer,Q2160819,,,,,,,,qid: search,590
it,Nuovo Trasporto Viaggiatori,Q580786,Italo,#AB1136,logo,Italo Treno Logo.svg,Public domain; Italo S.p.A.,,,qid: search; short: hand,590
de,ODEG Ostdeutsche Eisenbahn GmbH,Q145188,,,,ODEG-Logo Neu.svg,,Ostdeutsche Eisenbahn GmbH,,qid: 3 line votes,585
gb,Network Rail,Q1501071,Network Rail,,,,,,infra,qid: search,571
de,vlexx,Q18536938,DNSW,#A5C827,logo,Vlexx logo.svg,Public domain; vlexx GmbH,,,qid: search,566
gb,Greater Anglia,Q318679,,,,,,,,qid: search,563
us,NJ Transit,Q498553,,#F5853E,logo,NJT logo.svg,Public domain; Useddenim,,,"qid: 10 line votes; logo: squarer (icon), was New Jersey Transit Logo.svg",557
de,Westfalenbahn,Q2024025,,#00A4E4,logo,Westfalenbahn logo.svg,Public domain; Westfalenbahn,,,qid: 6 line votes,550
no,SJ,Q50291920,,,,SJ (rail operator) logo.svg,,,,qid: 3 line votes,549
no,Vy Tog,Q83825,Vy,,,Vy logo.svg,,Vy,,qid: 27 line votes,549
ru,Крымская железная дорога,Q25927159,,,,,,РЖД,,qid: search,539
de,HLB Hessenbahn,,,,,,,Hessische Landesbahn GmbH,,,532
de,Bayerische Regiobahn,Q812270,BRB,#1B4A97,logo,Logo BRB 2015.svg,Public domain; transdev GmbH,,,qid: hand,531
us,Metro-North Railroad,Q125908,Metro-North,#0039A7,logo,MTA NYC logo.svg,Public domain; ™/®Metropolitan Transportation Authority,,,"qid: 3 line votes; short: hand; logo: hand, the MTA circle (was Metro-North logo.svg, too wide to read)",531
us,MBTA,Q171985,,,,MBTA.svg,"Public domain; Massachusetts Bay Transportation Authority (logo)Dream out loud, EclecticArkie, Pi.1415926535, IHIutch (vector version)",,,qid: search,522
cn,北京市地铁运营有限公司,Q4881162,,,,,,Beijing Subway,,qid: 43 line votes; group: network 北京地铁,520
sk,ZSSK,Q393557,ZSSK,,,Železničná spoločnosť Slovensko logo.svg,,Železničná spoločnosť Slovensko,,qid: search,517
cz,Železničná spoločnosť Slovensko,,,,,,,,,,516
jp,近畿日本鉄道,Q1531085,,#0D529F,logo,Kintetsu Logo 2.svg,Public domain; 近畿日本鉄道,,,"qid: 53 line votes; logo: squarer (category), was Kintetsu Logo full.svg",498
de,DB Regio Stuttgart GmbH,Q27649273,,,,Abellio logo.svg,,DB,,qid: search,496
de,Cantus,Q1033911,,,,Cantus-Logo.svg,,cantus Verkehrsgesellschaft mbH,,qid: search,492
cl,EFE Central,Q6152120,,,,,,,,qid: 7 line votes,488
au,Metro Trains Melbourne,Q10931299,,#0977BA,logo,Metro Trains Melbourne Logo.png,CC BY-SA 4.0; Franco Express,,,qid: 117 line votes,487
rs,ЈКП Београдски метро и воз,,BG voz,,,,,,,short: hand,487
at,DB Fernverkehr,,,,,,,DB,,,485
de,CFL,Q525359,CFL,,,Logo CFL Luxembourg (2022).svg,,,,"qid: weak, 1 line vote(s)",482
de,Erfurter Bahn GmbH,Q1350200,Erfurter Bahn,#229C2D,logo,Erfurter Bahn logo.svg,Public domain; Unknown authorUnknown author,,,qid: 11 line votes; short: hand,482
us,Long Island Rail Road,Q125943,LIRR,#0039A7,logo,MTA NYC logo.svg,Public domain; ™/®Metropolitan Transportation Authority,,,"qid: hand; logo: hand, the MTA circle (was LIRR logo.svg, too wide to read)",477
cn,广西沿海铁路股份有限公司,,,,,,,,,,476
cn,中国铁路济南局集团有限公司,Q5948690,,,,,,China Railway,,qid: search,475
am,Հարավկովկասյան երկաթուղի,Q20795233,South Caucasus Railway,#30598D,logo,South Caucasus Railway logo.svg,CC BY-SA 4.0; Torres997,,,qid: search; short: hand,473
pl,PKP,Q249591,PKP,#013765,logo,PKP.svg,Public domain; Halibutt,,,qid: search,472
gb,Northern Rail,Q2001085,,,,Northern Rail Logo.svg,,Northern,,qid: search,470
it,Ferrovie del Sud Est,Q1408050,,#006361,logo,Ferrovie del Sud Est logo.svg,Public domain; Ferrovie del Sud Est e Servizi Automobilistici S.r.l.,,,qid: search,469
de,Westfrankenbahn,Q1662213,,,,Westfrankenbahn Logo.svg,,DB,,qid: search,465
us,Metropolitan Transportation Authority,Q1146109,MTA,#0039A6,logo,MTA NYC logo.svg,Public domain; ™/®Metropolitan Transportation Authority,,,qid: 97 line votes; short: hand,465
jp,東武鉄道,Q1321914,,#005BAC,logo,Tobu logomark.svg,Public domain; 東武鉄道株式会社,,,"qid: 53 line votes; logo: squarer (category), was Tōbu Tetsudō Logo.svg",463
cz,ÖBB-Personenverkehr,,,,,,,ÖBB,,,460
tr,İZBAN,Q16850711,,,,,,,,qid: 3 line votes,451
de,NS International,,,,,,,Nederlandse Spoorwegen,,,449
de,Ostdeutsche Eisenbahngesellschaft,Q145188,,,,ODEG-Logo Neu.svg,,Ostdeutsche Eisenbahn GmbH,,"qid: weak, 1 line vote(s)",449
de,NBE Nordbahn Eisenbahngesellschaft mbh & Co. KG,Q1997636,,#1A468E,logo,Nordbahn Eisenbahngesellschaft Logo.svg,Public domain; Unknown authorUnknown author,,,qid: search,446
jp,名古屋鉄道,Q30850,,,,Meitetsu logo full.svg,,,,qid: 39 line votes,446
de,Start Mitteldeutschland,Q47004906,,#7AB61C,logo,START Logo.png,Public domain; START Deutschland,,,qid: 5 line votes,444
pl,Arriva RP sp. z o.o.,,,,,,,,,,441
cn,中国铁路西安局集团有限公司,Q11627601,,,,,,China Railway,,qid: search,440
de,Regionalverkehre Start Deutschland GmbH,Q47004906,,,,START Logo.png,,,,qid: 4 line votes,440
pl,DB Regio AG,Q50300033,,,,DB Regio Nordost logo.svg,,DB,,qid: 3 line votes,439
us,Sound Transit,Q3965367,,#003E7E,logo,Sound Transit logo.svg,Public domain; Sound Transit,,,qid: hand,439
cn,Nanjing Metro Group,,,,,,,Nanjing Metro,,group: network 南京地铁,435
mk,Македонски Железници,Q921442,Macedonian Railways,,,,,,,qid: search; short: hand,434
de,Kurhessenbahn,Q1793083,,,,Kurhessenbahn Logo.svg,,DB,,qid: search,428
de,DB S-Bahn Rhein-Main,Q18853,,,,DB Regio - Logo.svg,,DB,,qid: 25 line votes,425
ch,BLSN,,,,,,,BLS,,,422
at,WESTbahn,Q266280,,#EBE662,logo,Westbahn-logo-pantone.svg,Public domain; WESTbahn Management GmbH,,,qid: hand,419
cn,广州地铁集团有限公司,Q52849181,,,,,,Guangzhou Metro,,qid: 6 line votes; group: network 广州地铁,413
cn,重庆轨道交通运营有限公司,Q17500471,,,,,,Chongqing Rail Transit,,qid: 5 line votes; group: network 重庆轨道交通,413
de,SWEG Südwestdeutsche Landesverkehrs-GmbH,Q2381732,SWEG,#2859A7,logo,SWEG Logo.svg,Public domain; SWEG Südwestdeutsche Landesverkehrs-GmbH,,,qid: 5 line votes,413
de,vlexx GmbH,,,,,,,vlexx,,,413
cz,GW Train Regio,Q11863317,,,,,,,,qid: search,412
us,Metrolink,Q1632001,,#001E61,logo,Logo Metro Transit St. Louis 02.svg,Public domain; Bi-State Development Agency - interstate compact between Missouri and Illinois,,,qid: search,412
de,Die Länderbahn,Q315339,,#214E8B,logo,Länderbahn logo.svg,Public domain; Länderbahn,,,qid: search,408
cn,中国铁路郑州局集团有限公司；中国铁路济南局集团有限公司,,,,,,,China Railway,,,406
de,Start Niedersachsen Mitte,,,,,,,,,,406
fr,Eurostar International Ltd,,,,,,,,,,404
pl,Koleje Wielkopolskie sp. z o.o.,,,,,,,,,,401
de,DB Regio Mittelfranken,Q18853,,,,DB Regio - Logo.svg,,DB,,qid: 25 line votes,398
de,Transdev Rhein-Ruhr GmbH,Q113553865,RRB,#1B4B97,logo,RheinRuhrBahn logo.svg,Public domain; RheinRuhrBahn GmbH,,,"qid: 6 line votes; logo: hand, kept the wide one (the squarer Logo Transdev AMV.png is a regional Transdev brand)",395
es,Renfe Operadora,Q82953173,,,,Renfe Viajeros.svg,,Renfe,,qid: 4 line votes,395
de,SBB,Q83835,SFR,#EC1B24,wikidata,SBB CFF FFS logo.svg,,,,qid: 16 line votes,392
gb,Arriva CrossCountry,Q1141120,,,,,,,,qid: search,387
tj,Роҳи оҳани Тоҷикистон,Q7283990,,,,,,,,qid: search,385
de,National Express,Q19296997,,,,National Express Group Logo.svg,,,,qid: search,384
no,NSB,Q83825,Vy,,,Vy logo.svg,,Vy,,qid: search,381
ch,RhB FR VR,,,,,,,RhB,,,380
de,alex - Die Länderbahn GmbH DLB,,,,,,,,,,380
gb,Arriva Rail North,Q22079702,,,,,,Northern,,qid: search,378
cn,华电青岛发电有限公司,,,,,,,,,,377
us,Maryland Transit Administration,Q1863801,MTA,,,,,,,qid: 28 line votes,376
de,agilis Verkehrsgesellschaft mbH & Co. KG,Q393786,,,,Agilis Logo.svg,,agilis,,"qid: weak, 1 line vote(s)",370
gb,East Midlands,Q47994,,,,,,,,qid: search,368
fr,RATP,Q643290,RATP,#4BC0AD,wikidata,,,,,qid: 91 line votes,364
in,Delhi Metro Rail Corporation Limited,Q1029339,,#C0282C,logo,Delhi Metro logo.svg,Public domain,,,qid: 33 line votes,364
de,Erfurter Bahn,Q1350200,,,,Erfurter Bahn logo.svg,,,,qid: 4 line votes,362
pl,PKP Polskie Linie Kolejowe,Q1344677,,#004783,logo,PKP PLK logo.svg,Public domain; PKP Polskie Linie Kolejowe S.A.,,infra,qid: search,362
ca,Transport ferroviaire Tshiuetin,Q7849632,,,,,,,,qid: 3 line votes,360
de,Vogtlandbahn,Q315339,,,,Länderbahn logo.svg,,,,qid: 4 line votes,358
nl,NS International,,,,,,,Nederlandse Spoorwegen,,,357
cn,宁波市轨道交通集团有限公司,Q17023835,,,,,,,,qid: 6 line votes,353
de,enno,Q22674548,,#941072,logo,Enno logo.svg,Public domain; enno Eisenbahngesellschaft,,,qid: search,353
de,Bayerische Regiobahn GmbH,Q812270,BRB,,,Logo BRB 2015.svg,,,,qid: 6 line votes,352
ca,Metrolinx,Q3307451,,,,Logo and Text Metrolinx 2017.svg,Public domain; Metrolinx,,,"qid: search; logo: hand, kept the wide one (the squarer Metrolinx universal transit symbol.svg is a generic transit symbol)",351
it,Trenitalia-Tper,Q80562365,TTX,,,Logo Trenitalia Tper (2022).svg,,Trenitalia,,qid: search,350
it,Trenitalia Tper,Q80562365,TTX,,,Logo Trenitalia Tper (2022).svg,,Trenitalia,,qid: search,348
tw,台灣高速鐵路股份有限公司,Q10915767,,,,,,,,qid: search,348
cn,深圳地铁集团有限公司,Q131603596,,,,,,Shenzhen Metro,,qid: 15 line votes; group: network 深圳地铁,345
md,Calea Ferată din Moldova,Q142200,,#1C5AAC,logo,Logo of Calea Ferată din Moldova.png,Public domain; Calea Ferată din Moldova (state-owned enterprise). Author unknown; the logo is publicly used by CFM without explicit attribution of authorship.,,,qid: search,336
de,DB RegioNetz Verkehrs GmbH Südostbayernbahn,Q1660947,,,,Südostbayernbahn logo.svg,,DB,,qid: 8 line votes,335
de,NEB Betriebsgesellschaft mbH,Q1438506,,#00469A,logo,Niederbarnimer Eisenbahn Logo 2025.svg,Public domain; Niederbarnimer Eisenbahn-AG,,,qid: 6 line votes,335
gb,Arriva Trains North,Q4796023,,,,,,,,qid: search,334
gb,TransPennine Express,Q23925190,,,,,,,,qid: search,330
de,Berliner Verkehrsbetriebe,Q99633,BVG,#F0D722,wikidata,BVG Logo 07.2021.svg,Public domain; Berliner Verkehrsbetriebe,,,qid: 105 line votes,329
de,S-Bahn Berlin GmbH,Q12374454,,,,S-Bahn Berlin logo.svg,,DB,,qid: 52 line votes,328
au,Transperth Train Operations,Q4285731,,,,,,,,qid: 7 line votes,327
kr,서울교통공사,Q28699048,Seoul Metro,#172A89,logo,Seoul Metro.svg,Public domain; Seoul Metro,,,qid: 50 line votes; short: hand,325
se,Arriva,Q970452,,,,SL logo.svg,,,,qid: 6 line votes,325
ba,Željeznice Federacije BiH,,,,,,,,,,319
de,ÖBB-Personenverkehr AG,Q83822,,#ED1834,wikidata,Logo ÖBB.svg,,ÖBB,,qid: 10 line votes,319
gb,Abellio Greater Anglia,Q318679,,,,,,,,qid: 3 line votes,315
dk,Lokaltog,Q20640459,,#00275E,logo,Lokaltog logo.svg,Public domain,,,qid: search,310
cn,CR,,,,,,,,,,307
us,Florida East Coast Railway,Q442450,,,,,,,infra,qid: search,306
de,Oberpfalzbahn,Q1542795,,#FECB31,logo,Oberpfalzbahn logo.svg,Public domain; Oberpfalzbahn/Vogtlandbahn,,,qid: search,302
nl,DB Fernverkehr,,,,,,,DB,,,302
fr,RATP/SNCF,Q643290,RATP,#4BC0AD,wikidata,,,RATP;SNCF,,qid: 14 line votes,301
cn,China Railway Shanghai Group,Q5966130,,,,,,,,qid: search,300
hk,香港鐵路有限公司,,MTR,,,,,MTR Corporation,,short: hand,300
cz,Die Länderbahn CZ,Q135616404,,,,,,,,qid: search,299
sk,České dráhy,,,,,,,,,,299
ca,Ontario Northland,Q3352823,,#00285E,logo,Ontario Northland logo.svg,Public domain; Ontario Northland,,,qid: search,298
de,Mitteldeutsche Regiobahn,Q33895860,,#1B4A97,logo,Mitteldeutsche Regiobahn 2016 logo.svg,Public domain; Mitteldeutsche Regiobahn,,,qid: search,295
se,Vy,Q83825,Vy,,,Vy logo.svg,,,,"qid: weak, 1 line vote(s)",294
cz,cz:RegioJet,,,,,,,RegioJet,,,293
gb,West Coast Railways,Q7984828,,,,,,,,qid: search,293
de,DB Regio Stuttgart,Q27649273,,,,Abellio logo.svg,,DB,,qid: search,285
ir,Tehran Urban and Suburban Railway Company,,,,,,,,,,285
cn,中国铁路总公司上海局集团新长车务段,,,,,,,China Railway,,,284
cz,RegioJet ÚK,Q125675860,,,,,,RegioJet,,qid: search,281
au,Keolis Downer,Q16927551,,,,-,,,,"qid: 110 line votes; logo: none (the item's image is a photo, crest or token, not the logo)",277
ru,Донецкая железная дорога,,,,,,,РЖД,,,275
gb,Northern Trains,Q85789775,,,,,,Northern,,qid: search,273
es,Ferrocarrils de la Generalitat Valenciana,Q750832,FGV,#FFB20F,logo,FGV icono.svg,Public domain; Ferrocarrils de la Generalitat Valenciana,,,"qid: 32 line votes; logo: squarer (icon), was FGV.svg",272
es,RENFE FEVE,Q2476154,,,,Logotipo de Renfe Operadora (2005-2026).svg,,Renfe,,qid: 4 line votes,272
de,SNCF Voyageurs,Q18853,,,,DB Regio - Logo.svg,,SNCF,,qid: 4 line votes,267
es,Metro de Madrid,Q67180209,,,,,,,,qid: 39 line votes,266
us,SEPTA,Q2037863,,#1F4FA3,logo,SEPTA text.svg,Public domain; Dream out loud,,,qid: 37 line votes,265
de,Arverio Bayern GmbH,,,,,,,,,,264
de,HLB,Q896102,,,,HLB-Logo.svg,,Hessische Landesbahn GmbH,,qid: search,264
de,erixx,Q1354909,,#213A8A,logo,Logo Erixx 2022.svg,Public domain; erixx GmbH,,,qid: search,263
de,DB Regio AG Nordost,Q50300033,,,,DB Regio Nordost logo.svg,,DB,,qid: 3 line votes,262
gb,Chiltern Railways,Q139915897,,,,,,,,qid: search,260
at,Wiener Linien,Q668849,,#E3000F,wikidata,Wiener Linien logo 2021.svg,Public domain; ™/®Wiener Linien,,,qid: 53 line votes,258
de,Verkehrsgesellschaft Start Unterelbe mbH,Q64223414,,,,,,,,qid: search,258
de,Hohenzollerische Landesbahn,Q1596991,,#DC2B19,logo,Logo Hohenzollerische Landesbahn.svg,Public domain,,,qid: search,257
es,Ferrocarrils de la Generalitat de Catalunya,Q83819,FGC,#93D500,logo,FGC logo (2019).svg,Public domain; Ferrocarrils de la Generalitat de Catalunya,,,"qid: 46 line votes; logo: squarer (icon), was Ferrocarrils de la Generalitat de Catalunya logo (2019).svg",250
de,Abellio Rail NRW GmbH,Q318680,,#E51535,logo,Abellio Rail NRW Logo.svg,Public domain; Abellio Rail NRW GmbH,,,qid: 5 line votes,248
it,Treni Regionali Ticino Lombardia,Q569273,,#0047AD,logo,TiLo logo RDT.svg,Public domain; Michael Palleria,,,"qid: 16 line votes; logo: squarer (category), was Aktuelles Tilo Logo.png",248
tr,TCDD Taşımacılık A.Ş.,Q28220824,,,,TCDD Taşımacılık Logo.png,,TCDD Taşımacılık,,qid: search,248
kg,Кыргыз темир жолу,Q247851,,#22297A,logo,Logo KTJ.jpg,Public domain; Kirgisische Eisenbahn,,,qid: search,247
fr,SEM des Chemins de Fer de la Corse,Q1069379,CFC,,,,,,,qid: 4 line votes,244
my,Rapid Rail,Q987598,,,,,,,,qid: 17 line votes,239
kz,Южно-Уральская железная дорога,,,,,,,,,,236
de,City-Bahn Chemnitz GmbH,Q1093772,,#00007E,logo,Logo City-Bahn Chemnitz.svg,Public domain; City-Bahn Chemnitz GmbH,,,qid: 13 line votes,235
lu,CFL,Q525359,CFL,#C41039,logo,Logo CFL Luxembourg (2022).svg,Public domain; CFL,,,qid: search; short: hand,232
ru,ГУП «Московский метрополитен»,Q1949245,Moscow Metro,,,,,,,qid: 3 line votes; short: hand,230
us,Dallas Area Rapid Transit,Q113141319,,,,,,,,qid: 5 line votes,230
cn,西安市轨道交通集团有限公司,,,,,,,Xi'an Metro,,group: network 西安地铁,229
us,San Joaquin Regional Rail Commission,Q61021291,,,,,,,,qid: search,228
fr,Lemanis,,,,,,,,,,225
me,Željeznički prevoz Crne Gore,Q17099309,,,,,,,,qid: search,223
ba,Željeznice Republike Srpske,Q80990,ŽRS,#224EA0,logo,Logo ŽRS.png,Public domain; Unknown authorUnknown author,,,qid: search,222
es,Renfe Feve,Q2476154,,,,Logotipo de Renfe Operadora (2005-2026).svg,,Renfe,,qid: 3 line votes,222
cn,上海地铁第二运营有限公司,Q18651250,,,,,,Shanghai Metro,,qid: 3 line votes; group: network 上海地铁,221
cz,Vogtlandbahn,Q315339,,#214E8B,logo,Länderbahn logo.svg,Public domain; Länderbahn,,,qid: 3 line votes,220
de,Südostbayernbahn,Q1660947,,,,Südostbayernbahn logo.svg,,DB,,qid: search,220
it,ÖBB,,,,,,,,,,220
gb,Translink NI Railways,,,,,,,,,,219
de,trans regio Deutsche Regionalbahn,Q2448840,,#004993,logo,TransRegio logo.svg,Public domain; TransRegio/Transdev,,,qid: search,215
ru,ГУП «Горэлектротранс»,,,,,,,,,,213
br,SuperVia,Q1125591,,#0A79BA,logo,Logo da SuperVia.svg,Public domain; SuperVia,,,"qid: 25 line votes; logo: squarer (icon), was SuperVia.svg",212
ca,Alstom,-,,,,,,,,qid: hand,212
at,GKB,Q1544069,GKB,#BE0A26,logo,GKB-Logo 2020.svg,CC BY-SA 4.0; Clemens Rant,,,qid: search,211
ca,Tshiuetin Rail Transportation,Q114149569,,,,,,,,qid: search,211
cl,EFE Sur,Q5860786,,,,,,,,qid: 4 line votes,209
cz,DB Regio Südost,Q1152091,,,,DB Regio Südost logo.svg,,DB,,qid: 4 line votes,209
us,Keolis,Q664399,,#42A8BF,logo,Keolis 2017 logo.svg,Public domain; Keolis,,,qid: 7 line votes,209
cz,Dopravní podnik hl. m. Prahy,Q381100,,#E23127,logo,Verkehrsgesellschaft der Hauptstadt Prag Logo.svg,Public domain; Unknown authorUnknown author,,,qid: 5 line votes,208
de,KVB,Q1795880,,#BE0026,wikidata,KVB logo.svg,Public domain,,,"qid: 36 line votes; logo: squarer (category), was KVB-Logo 2025.svg",208
de,VIAS Rail GmbH,-,,,,,,,,qid: hand,208
us,Utah Transit Authority,Q7902494,,#205DA9,logo,UTA Blue Icon.svg,Public domain; Utah Transit Authority,,,"qid: 11 line votes; logo: squarer (category), was UTA logo.svg",208
gb,MTR Elizabeth line,Q113577377,,,,,,Transport for London,,qid: search,207
cn,Suzhou Rail Transit Company,Q17029907,,,,,,,,"qid: weak, 1 line vote(s)",205
au,Sydney Trains,Q7660181,,#EC6606,logo,TfNSW T.svg,Public domain; Philip Terry Graham,,,qid: 18 line votes,204
us,San Francisco Bay Area Rapid Transit District,Q4873922,BART,,,,,,,qid: 15 line votes,204
pl,Koleje Dolnośląskie/GW Train Regio a.s.,,,,,,,Koleje Dolnośląskie;GW Train Regio,,,203
us,Washington Metropolitan Area Transit Authority,Q7972051,WMATA,,,WMATA Metro Logo.svg,Public domain; Washington Metro,,,qid: 22 line votes,203
dk,Midtjyske Jernbaner A/S,,,,,,,,,,202
mx,Sistema de Transporte Colectivo (Metro),,,,,,,,,,201
us,Los Angeles County Metropolitan Transportation Authority,Q3259702,,,,Logo Los Angeles County Metropolitan Transportation Authority 1993 to 2004.svg,"Public domain; Los Angeles County Metropolitan Transportation Authority

Vectorization:  Mrmw",,,qid: 18 line votes,201
de,erixx GmbH,Q1354909,,,,Logo Erixx 2022.svg,,,,qid: search,199
de,Süd Thüringen Bahn GmbH,Q2380325,,#00549D,logo,Logo Suedthueringenbahn.svg,Public domain; Unknown authorUnknown author,,,qid: 3 line votes,197
cn,长沙轨道交通集团有限公司,,,,,,,,,,196
us,Southern California Regional Rail Authority,Q766647,,#016265,logo,Metrolink icon.svg,Public domain; Metrolink,,,"qid: 30 line votes; logo: squarer (icon), was Metrolink logo.svg",196
jp,東京地下鉄,Q682894,,,,Tokyo Metro logo (full).svg,,Tokyo Metro,,qid: 20 line votes,194
cn,北京京港地铁有限公司,Q10902028,,,,,,Beijing Subway,,qid: 12 line votes; group: network 北京地铁,193
de,DB InfraGO,Q122870674,,#EC0016,logo,DB InfraGo logo.svg,Public domain; Deutsche Bahn AG,,infra,"qid: search; logo: hand, kept the wide one (the squarer DB-Logo-data.svg is DB Cargo's logo)",193
us,Rio Metro,Q135972583,,,,,,,,qid: search,191
es,Eusko Trenbideak – Ferrocarriles Vascos,Q123955,,#52AE32,logo,Euskotren Tranbia Logo.svg,Public domain; Laukatu,,,"qid: 6 line votes; logo: squarer (icon), was Euskotren Tranbia.svg",189
ca,Toronto Transit Commission,Q17978,,#DA251D,logo,Logo of the Toronto Transit Commission.svg,Public domain; Toronto Transit Commission,,,qid: 43 line votes,188
sg,SMRT Trains,Q3243209,,,,,,,,qid: 16 line votes,186
tr,Metro İstanbul,Q344299,,#001E62,logo,Metro İstanbul logo.svg,Public domain; Metro İstanbul,,,qid: 40 line votes,186
cz,Ceske Drahy,Q304944,ČD,,,Ceske drahy-logo.svg,,,,qid: search,185
es,Comboios de Portugal,Q81123,,,,Logo-Comboios-de-Portugal.svg,,,,"qid: weak, 1 line vote(s)",184
no,SJ Sverige,,,,,,,SJ,,,184
no,Vy Tåg AB,,,,,,,Vy,,,184
de,DB ZugBus Regionalverkehr Alb-Bodensee GmbH,Q1152130,,,,RAB.svg,,DB,,qid: search,181
de,Münchner Verkehrsgesellschaft,Q456402,MVG,#4562A3,logo,MVG.svg,Public domain; Unknown authorUnknown author,,,qid: 89 line votes,180
us,Chicago Transit Authority,Q117309,,#0078C1,logo,Chicago Transit Authority Logo.svg,Public domain; Chicago Transit Authority,,,qid: 28 line votes,180
de,Arverio Bayern,Q64212479,,,,Arverio-by-logo.svg,,,,qid: search,179
de,HLB Hessenbahn GmbH,,,,,,,Hessische Landesbahn GmbH,,,179
it,FAL,Q220685,,#68BA30,logo,Logo Ferrovie Appulo Lucane.svg,Public domain; Ferrovie Appulo-Lucane s.r.l.,,,qid: search,179
cn,上海地铁第一运营有限公司,,,,,,,Shanghai Metro,,group: network 上海地铁,178
de,Hanseatische Eisenbahn GmbH,Q22979891,,#C1002B,logo,Hanseatische Eisenbahn logo.svg,Public domain; Hanseatische Eisenbahn,,,qid: 3 line votes,178
fr,Transilien SNCF,Q93090957,,,,LOGO SNCF GROUPE CMJN.jpg,,SNCF,,qid: 6 line votes,178
hr,SŽ,,,,,,,,,,178
be,STIB/MIVB,Q1631655,MIVB,#007CC2,logo,MIVB STIB Logo.svg,Public domain; Unknown authorUnknown author,,,qid: 66 line votes,177
de,S-Bahn Hamburg GmbH,Q99869216,,,,S-Bahn-Hamburg-Logo.svg,,DB,,qid: 20 line votes,177
de,erixx Holstein GmbH,,,,,,,,,,177
de,Société Nationale des Chemins de Fer Luxembourgeois,,,,,,,,,,176
jp,西武鉄道,Q83543,,#2B79C8,logo,SeibuRailway mark.svg,Public domain; Syohei Arai (talk),,,"qid: 13 line votes; logo: squarer (icon), was SeibuRailway logo.svg",176
cn,广州地铁运营集团有限公司,,,,,,,Guangzhou Metro,,group: network 广州地铁,175
cz,"České dráhy, a. s.",Q304944,ČD,,,Ceske drahy-logo.svg,,České dráhy,,qid: 4 line votes,175
de,Rhein-Neckar-Verkehr,Q1650863,rnv,#00254D,logo,Rhein-Neckar-Verkehr GmbH.svg,Public domain; Unknown authorUnknown author,,,qid: 60 line votes,175
de,DB ZugBus Regionalverkehr Alb-Bodensee GmbH (RAB),,,,,,,DB,,,174
nl,RET,Q839557,,#C30020,logo,Rotterdamsche Elektrische Tram logo.svg,Public domain; Rotterdamsche Elektrische Tram,,,"qid: 51 line votes; logo: hand, kept the wide one (the squarer RET metro logo.svg is the metro sign, not RET's logo)",173
pl,Arriva RP,Q324614,,#00827F,logo,DB Arriva logo.svg,Public domain; DB Arriva,,,"qid: search; logo: hand, kept the wide one (the squarer DB-Logo-data.svg is DB Cargo's logo)",172
pl,Tramwaje Warszawskie,Q9360809,,,,-,,,,"qid: 33 line votes; logo: none (the item's image is a photo, crest or token, not the logo)",172
it,SAD,Q751096,,#ED1C24,logo,SAD Nahverkehr AG logo.svg,Public domain; SAD Nahverkehr AG,,,qid: 3 line votes,171
ca,EXO,Q392496,,,,Exo.svg,Public domain; Exo,,,qid: 3 line votes,170
de,DB Regio Sachsen-Anhalt,Q1152091,,,,DB Regio Südost logo.svg,,DB,,"qid: weak, 2 line vote(s)",165
pl,Koleje Mazowieckie,Q847966,,,,Logo Kolei Mazowieckich.svg,,,,qid: search,165
cn,"Wuhan Metro Group Co., Ltd.",Q11124534,,,,,,Wuhan Metro,,qid: 3 line votes; group: network 武汉地铁,164
be,De Lijn,Q614819,,#FFD800,logo,DE LIJN.svg,Public domain; De Lijn,,,qid: 48 line votes,162
jp,三陸鉄道,Q7418928,,#FF0000,wikidata,,,,,qid: search,162
ru,Луганская железная дорога,,,,,,,РЖД,,,162
de,Erzgebirgsbahn,Q1366149,,,,Erzgebirgsbahn Logo.svg,,DB,,qid: 3 line votes,161
pl,Tramwaje Śląskie,Q9361097,,,,,,,,qid: 105 line votes,161
gb,North TransPennine,Q63285630,,,,,,,,qid: search,160
ca,Keewatin Railway,Q6383353,,,,,,,,qid: search,158
dk,Arriva PLC,,,,,,,,,,157
nl,Keolis,Q365126,,,,Keolis Nederland.png,,,,qid: 9 line votes,156
ru,Монзажелтранс,,,,,,,,,,153
cn,Xiamen Rail Transit Group Corporation Ltd,,,,,,,,,,152
cz,AŽD Praha,Q10859460,,,,Logo AŽD.jpg,,,,qid: search,152
de,Rheinbahn,Q316236,,,,Rheinbahn AG.svg,,,,qid: 56 line votes,152
it,Trentino Trasporti,Q3998389,TT,,,Trentino trasporti Logo.svg,,,,qid: search,151
cn,济南轨道交通集团有限公司,,,,,,,,,,150
cn,深圳市地铁集团有限公司,Q131603600,,,,,,Shenzhen Metro,,qid: 5 line votes; group: network 深圳地铁,150
no,Bane NOR,Q23979144,,,,Bane NOR.svg,Public domain; Original: Bane NOR SF Vector:  Pduive23,,infra,qid: search,150
be,NS International,,,,,,,Nederlandse Spoorwegen,,,149
cz,Arriva vlaky,Q304944,ČD,,,Ceske drahy-logo.svg,,,,qid: 10 line votes,149
cn,上海地铁第三运营有限公司,,,,,,,Shanghai Metro,,group: network 上海地铁,147
cn,长春市轨道交通集团,,,,,,,,,,147
de,WESTbahn,,,,,,,,,,147
jp,南海電気鉄道,Q1188230,,,,Nankai logo with its slogan.svg,,,,qid: 15 line votes,147
cn,贵阳市城市轨道交通集团有限公司,,,,,,,,,,146
ru,ОАО «АУЖД» МО Алапаевское,,,,,,,,,,146
hu,BKK,Q745664,BKV Zrt.,#223D85,logo,Bkv.png,Public domain; BKV Zrt.,,,qid: 140 line votes,145
nl,GVB,Q13641134,,,,,,,,qid: 34 line votes,142
cl,Metro S.A.,Q6011991,,#D30A2C,logo,Metro de Santiago Logo.svg,Public domain; Metro de Santiago,,,qid: 33 line votes,141
cn,乌准铁路有限责任公司,,,,,,,,,,141
id,Kereta Cepat Indonesia China,,,,,,,,,,141
dk,Nordjyske Jernbaner,,,,,,,,,,140
jp,阪急電鉄,Q473058,,,,Hankyu with word.svg,,,,qid: 9 line votes,140
us,TriMet,Q1766623,,,,TriMet logo 2.svg,,,,qid: 15 line votes,140
nl,HTM,Q132168,,#FF0000,logo,Logo HTM.svg,CC0; Wgabrie,,,qid: 45 line votes,139
cn,四川隆叙宜铁路有限公司,,,,,,,,,,137
jp,大阪市高速電気軌道,Q51211653,,,,Osaka Metro logo.svg,,,,qid: 29 line votes,137
be,DB Fernverkehr,,,,,,,DB,,,135
it,Ferrovia Centrale Umbra,Q4003518,,,,,,,,qid: 6 line votes,134
my,Jabatan Keretapi Negeri Sabah,,,,,,,,,,134
us,South Florida Regional Transportation Authority,Q442637,,,,Transdev GmbH logo.svg,,,,qid: 8 line votes,134
xk,Trainkos,Q16662520,,,,,,,,"qid: weak, 1 line vote(s)",134
it,EAV,Q3726202,,#C30430,logo,Logoeav.png,Public domain; Ente Autonomo Volturno srl,,,qid: 8 line votes,133
tw,臺北大眾捷運股份有限公司,Q11411921,,#4BB748,logo,Taipei mrt logo.svg,Public domain; 臺北大眾捷運股份有限公司,,,qid: 20 line votes,133
de,DB Kurhessenbahn / RegioTram Gesellschaft,,,,,,,DB,,,132
it,ARST,Q3601148,,,,ARST logo.svg,,,,qid: 3 line votes,132
it,FER,,,,,,,,infra,,132
au,Rail Commissioner (Adelaide Metro),,,,,,,,,,131
cn,包满铁路有限责任公司,,,,,,,,,,131
br,Companhia Paulista de Trens Metropolitanos,Q1121227,CPTM,#EE3338,logo,CPTM icon.svg,Public domain; São Paulo Metropolitan Train Company (CPTM),,,"qid: 12 line votes; logo: squarer (icon), was CPTM (Logo).svg",130
it,Gruppo Torinese Trasporti,Q3756307,GTT,,,Logo GTT.svg,,,,qid: 5 line votes,130
cn,南宁轨道交通,,,,,,,,,,129
de,DVB,Q446491,DVB,#FFCC00,wikidata,Dresdner Verkehrsbetriebe.svg,,,,qid: 42 line votes,129
it,COTRAL,Q530087,,,,Logo ATAC.svg,,,,"qid: weak, 2 line vote(s)",128
jp,東京都,,,,,,,,,,128
no,Flytoget,Q18325550,,#FD4F00,logo,RGB FTG Primary Vertical 2 Col Pos Logo.svg,CC BY-SA 4.0; Philiprojahn,,,qid: 8 line votes,127
de,BOGESTRA,Q889060,BOGESTRA,,,Bogestra-Bochum-Gelsenkirchener Straßenbahnen.svg,,,,qid: 33 line votes,126
de,VGF,Q1754870,,,,VGF Logo.svg,,,,qid: 53 line votes,125
it,SFR Servizio Ferroviario Regionale,,,,,,,,,,125
pl,Arriva sp. z o.o.,,,,,,,,,,125
es,Transports Metropolitans de Barcelona,Q1778212,,,,Logo-TMB.svg,,,,qid: 33 line votes,124
at,NÖVOG,Q1281018,NÖVOG,#003C7C,logo,Niederösterreich Bahnen Logo.svg,Public domain; Niederösterreich Bahnen,,,qid: 3 line votes,123
gb,First Great Western,Q1419438,GWR,,,Great Western Railway (2015) logo.svg,,,,qid: 5 line votes,123
de,Bayerische Regiobahn (BRB),,,,,,,,,,122
jp,青い森鉄道,Q1190669,JRF,#367193,logo,JR logo (freight).svg,"Public domain; JR Group, Monaneko",,,qid: 4 line votes,122
br,CBTU,Q1121190,,#009A67,logo,CBTU Logo2.svg,Public domain; Companhia Brasileira de Trens Urbanos (CBTU),,,qid: 6 line votes,121
de,ÜSTRA,Q265625,ÜSTRA,#20AC2B,wikidata,ÜSTRA Logo ÜMO ab 2024.svg,,,,qid: 53 line votes,121
dk,Keolis,Q19702739,,,,,,,,qid: 8 line votes,121
gb,Merseyrail,Q1922100,,,,Merseyrail alternative logo.svg,,,,"qid: weak, 2 line vote(s)",121
no,Vy Gjøvikbanen,Q6955265,,,,Vy logo.svg,,Vy,,qid: 4 line votes,121
cn,南昌轨道交通集团有限公司运营分公司,Q15940581,,,,,,Nanchang Metro,,qid: 3 line votes; group: network 南昌地铁,120
cn,昆明地铁运营有限公司,,,,,,,Kunming Metro,,group: network 昆明地铁,120
jp,京成電鉄,Q83538,,,,Keisei Logo.svg,,,,qid: 26 line votes,120
jp,小田急電鉄,Q83584,,,,OdakyuGroup logo.svg,,,,qid: 34 line votes,120
us,Keolis Commuter Services,Q664399,,,,Keolis 2017 logo.svg,,,,qid: 36 line votes,120
de,TRI Train Rental GmbH,,,,,,,,,,119
gb,Southern Railway,,,,,,,,,,119
pl,Szybka Kolej Miejska Sp. z o.o.,Q2377744,,,,PL-SKMWA logo.svg,,,,qid: 4 line votes,119
us,Northern Indiana Commuter Transportation District,,,,,,,,,,119
de,Leipziger Verkehrsbetriebe,Q884166,LVB,,,Division Leipziger Verkehrsbetriebe Color Yellow logo.svg,,,,qid: 46 line votes,118
de,DB Regio AG Verkehrsbetrieb Südbaden,Q18853,,,,DB Regio - Logo.svg,,DB,,qid: 5 line votes,117
au,Sydney Transport,Q7660181,,,,TfNSW T.svg,,,,qid: 7 line votes,116
jp,肥薩おれんじ鉄道,,,,,,,,,,116
kr,부산교통공사,Q5459069,,,,,,,,qid: 12 line votes,115
cz,GW Train Regio a.s./Koleje Dolnośląskie,,,,,,,GW Train Regio;Koleje Dolnośląskie,,,114
de,Regiobahn,Q2138160,REG,,,Regiobahn.svg,,,,qid: 3 line votes,114
gb,c2c,,,,,,,,,,114
de,Eisenbahnen und Verkehrsbetriebe Elbe-Weser GmbH,Q1311594,EVB,,,Evb logo 2011.svg,,,,"qid: weak, 1 line vote(s)",113
jp,WILLER　TRAINS,,,,,,,,,,113
nl,DB Fernverkehr AG,,,,,,,DB,,,112
pl,MPK-Łódź,,,,,,,,,,112
gb,Southern,,,,,,,,,,111
it,Trenitalia Regionale,,,,,,,Trenitalia,,,111
de,SWB,Q2208728,SWBV,,,Logo SWB Bus und Bahn.svg,,,,qid: 27 line votes,110
ch,SOB,Q676639,,#F44437,logo,Logo Südostbahn.svg,Public domain; Unknown authorUnknown author,,,qid: 20 line votes,109
cn,上海地铁第四运营有限公司,,,,,,,Shanghai Metro,,group: network 上海地铁,109
no,Vy Tåg,,,,,,,Vy,,,109
cn,中国铁路武汉局集团有限公司,,,,,,,China Railway,,,108
jp,富山地方鉄道,Q1131125,,,,Chitetsu logomark.svg,,,,"qid: weak, 2 line vote(s)",108
jp,土佐くろしお鉄道,,,,,,,,,,107
us,Metro Transit,Q3307442,,,,Metro Transit logo.svg,,,,qid: 6 line votes,107
de,Ruhrbahn,Q33026947,,,,Ruhrbahn logo.svg,,,,qid: 7 line votes,106
de,Transdev Regio Ost GmbH,Q1382191,,,,Mitteldeutsche Regiobahn 2016 logo.svg,,,,"qid: weak, 1 line vote(s)",106
it,Azienda Trasporti Milanesi,Q381955,,#FF9600,logo,"ATM Milano - payoff logo (Italy, 1972).svg","Public domain; Giovanni Klaus Koenig, Roberto Segoni; Vectorization:  Gb89.2",,,qid: 23 line votes,106
jp,西日本鉄道,,,,,,,,,,106
de,Hamburger Hochbahn,Q6442,HHA,,,Hochbahn.svg,,,,qid: 14 line votes,105
fr,Régie Régionale des Transports de Provence-Alpes-Côte d'Azur,,,,,,,,,,105
it,TI,,,,,,,,,,105
de,Bodensee-Oberschwaben-Bahn,,,,,,,,,,104
fi,Pääkaupunkiseudun Kaupunkiliikenne Oy,Q111354305,,,,,,,,qid: 31 line votes,104
kz,Западно-Сибирская железная дорога,,,,,,,,,,104
xa,Абхазская железная дорога,,,,,,,,,,104
it,Rete Ferroviaria Italiana,Q286650,,,,Trenitalia logo.svg,,,infra,"qid: weak, 1 line vote(s)",103
it,Ente Autonomo Volturno,Q3726202,,,,Logoeav.png,,,,qid: 9 line votes,102
jp,しなの鉄道,Q11254401,,,,Shinano Railway Symbolmark.svg,,,,"qid: weak, 2 line vote(s)",102
cn,杭州地铁集团运营分公司,,,,,,,Hangzhou Metro,,group: network 杭州地铁,101
jp,東急電鉄,Q80229029,,,,Tokyu Railways.svg,,,,qid: 41 line votes,101
cn,天津致远轨道交通运营有限公司,Q10940285,,,,TianjinBMTlogo.svg,,Tianjin Metro,,qid: 6 line votes; group: network 天津地铁,100
de,erixx Holstein,,,,,,,,,,100
jp,あいの風とやま鉄道,,,,,,,,,,100
sk,Leo Express,,,,,,,,,,100
ch,MGI,,,,,,,MGB,,,99
gb,Transport for Greater Manchester,Q18548,,,,,,,,qid: 26 line votes,99
it,ATM,Q381955,,,,"ATM Milano - payoff logo (Italy, 1972).svg",,,,qid: 52 line votes,99
gr,Σταθερές Συγκοινωνίες,Q109331635,STASY,,,,,,,qid: 11 line votes,98
de,Stuttgarter Straßenbahnen AG,Q2359602,SSB,,,SSB.svg,,,,qid: 31 line votes; short: hand,97
it,FCE,Q1408003,,#FF0000,wikidata,Logo Ferrovia Circumetnea.svg,,,,qid: 4 line votes,97
us,Florida Department of Transportation (SunRail),,,,,,,,,,97
at,SAD,,,,,,,,,,96
at,TI,,,,,,,,,,96
cn,Hangzhou Metro Corporation,,,,,,,Hangzhou Metro,,group: network 杭州地铁,96
hu,MÁV-HÉV,Q26722428,,,,,,,,qid: 47 line votes,96
jp,えちごトキめき鉄道,,,,,,,,,,96
pl,WTr UM Wrocław,,,,,,,,,,96
us,North County Transit District,,,,,,,,,,96
ch,zb,,,,,,,,,,95
de,Süd-Thüringen-Bahn GmbH,Q2380325,,,,Logo Suedthueringenbahn.svg,,,,qid: 4 line votes,95
it,BLS,,,,,,,,,,95
cn,东莞市轨道交通有限公司,,,,,,,,,,94
jp,松浦鉄道,,,,,,,,,,94
jp,秋田内陸縦貫鉄道,,,,,,,,,,94
pl,DB Regio AG Nordost,Q1139703,,,,Logo PolRegio.svg,,DB,,"qid: weak, 1 line vote(s)",94
se,MTR Nordic,Q970452,,,,SL logo.svg,,SL,,qid: 18 line votes,94
ua,Київпастранс,Q12110155,,#213E4D,logo,Kyivpastrans blue 01.png,Public domain; Kyivpastrans,,,qid: 6 line votes,94
de,agilis Verkehrsgesellschaft mbH & Co KG,,,,,,,agilis,,,93
it,ATAC,Q530087,,,,Logo ATAC.svg,,,,qid: 18 line votes,93
it,Ferrovie del Gargano,,,,,,,,,,93
jp,名古屋市,Q841951,,,,TBCN logomark.svg,,,,qid: 18 line votes,93
nl,Qbuzz,,,,,,,,,,93
gb,Cross Country,,,,,,,,,,92
kr,대구교통공사,Q12591271,,,,,,,,qid: 6 line votes,92
us,Regional Transportation District,Q7309183,,,,RTD logo rectangle.svg,,,,qid: 13 line votes,92
ch,TPFH,,,,,,,,,,91
de,AKN Eisenbahn GmbH,Q266805,AKN,,,AKN eisenbahn logo.svg,,,,qid: 3 line votes,91
us,Massachusetts Bay Transportation Authority,Q171985,,,,MBTA.svg,,,,qid: 26 line votes,91
be,OSLO,,,,,,,SNCF,,,90
fr,Keolis Lyon,Q8700,,,,Tcl-2024.svg,,,,qid: 38 line votes,90
fr,SNCF Voyageurs Sud Azur,Q133284884,,,,,,SNCF,,"qid: weak, 1 line vote(s)",90
in,MMMOCL,,,,,,,,,,90
jp,京阪電気鉄道,Q1188274,,,,Keihan Logo S.svg,,,,"qid: weak, 1 line vote(s)",90
ru,Қазақстан темір жолы,,,,,,,,,,90
sg,SBS Transit,Q2661305,,,,,,,,qid: 16 line votes,90
de,WestFrankenBahn,,,,,,,,,,89
at,ÖBB-Infrastruktur,,,,,,,,infra,,88
cn,蘇州軌道交通,,,,,,,,,,87
cz,ÖBB-Personenverkehr AG,,,,,,,ÖBB,,,87
de,HAVAG,Q1571651,HAVAG,,,SWH.HallescheVerkehrsAG Logo 3Z 4c.jpg,,,,qid: 51 line votes,86
de,Mitteldeutsche RegioBahn,Q33895860,,,,Mitteldeutsche Regiobahn 2016 logo.svg,,,,"qid: weak, 1 line vote(s)",86
de,NBE Nordbahn,,,,,,,,,,86
it,Sistemi Territoriali,,,,,,,,,,86
jp,京浜急行電鉄,Q1322206,,,,Keikyu logo.svg,,,,qid: 21 line votes,86
cn,大连交通集团,,,,,,,,,,85
no,Sporveien T-banen,Q7107051,,#F8B118,logo,Sporveien T-banen logo.jpg,CC BY-SA 4.0; SporveienAS,,,qid: 19 line votes,85
ca,Keewatin Railway Company,Q6383353,,,,,,,,qid: 3 line votes,84
ch,Chemins de fer du Jura,,,,,,,,,,84
ch,Deutsche Bahn AG,,,,,,,DB,,,84
de,Abellio,Q1152084,,,,DBRegioAG RegionNRW.svg,,,,"qid: weak, 2 line vote(s)",84
jp,ハピラインふくい,,,,,,,,,,84
jp,京王電鉄,Q1332506,,,,KeioRailway logo.svg,,,,qid: 22 line votes,84
cz,ARRIVA TRANSPORT ČESKÁ REPUBLIKA a.s.,,,,,,,,,,83
de,Niederbarnimer Eisenbahn Betriebsgesellschaft mbH,Q1438506,,,,Niederbarnimer Eisenbahn Logo 2025.svg,,,,"qid: weak, 1 line vote(s)",83
de,Rurtalbahn GmbH,,,,,,,,,,83
dz,SETRAM,Q22688489,,,,,,,,"qid: weak, 2 line vote(s)",83
it,La Ferroviaria Italiana,,,,,,,,,,83
fr,Keolis Bordeaux Métropole,Q16039741,,,,,,,,qid: 17 line votes,82
it,Ferrotramviaria,,,,,,,,,,82
jp,アイジーアールいわて銀河鉄道,,,,,,,,,,82
us,Peninsula Corridor Joint Powers Board (Caltrain),,,,,,,,,,82
de,Niederbarnimer Eisenbahn,Q1438506,,,,Niederbarnimer Eisenbahn Logo 2025.svg,,,,qid: 3 line votes,81
it,Infrastrutture Venete,,,,,,,,,,81
se,Göteborgs Spårvägar,,,,,,,,,,81
cn,佛山市轨道交通发展有限公司,,,,,,,Foshan Metro,,group: network 佛山地铁,80
de,DB Regio AG - Region Nord,,,,,,,DB,,,80
gb,South West Trains,,,,,,,,,,80
de,Agilis Verkehrsgesellschaft mbH & Co KG,,,,,,,,,,79
de,Bremer Straßenbahn AG,Q6716847,BSAG,,,Bsag-logo-white.svg,,,,qid: 38 line votes,79
ru,"МП ""Маггортранс""",,,,,,,,,,79
br,ViaMobilidade Linhas 8 e 9,Q55962686,,#8D2319,logo,Viamobilidade ícone.svg,CC BY-SA 4.0; Frotaplover1,,,"qid: 3 line votes; logo: squarer (icon), was Logo completo viamobilidade.svg",78
cn,北京京城地铁有限公司,Q67931696,,,,,,Beijing Subway,,qid: 3 line votes; group: network 北京地铁,78
ch,AB,Q247358,AB,,,Logo Appenzeller Bahnen.svg,,,,qid: 7 line votes,77
pl,MPK Poznań,Q53430,,,,,,,,qid: 24 line votes,77
ru,МП «Нижегородэлектротранс»,,,,,,,,,,77
tw,林業及自然保育署,,,,,,,,,,77
us,Metro Atlanta Rapid Transit Authority,Q1423792,,,,Logo of the Metropolitan Atlanta Rapid Transit Authority.svg,,,,qid: 4 line votes,77
br,Companhia do Metropolitano de São Paulo,Q38182538,São Paulo Metro,#1C5CA2,logo,Metrô-SP icon.svg,Public domain; Cia. do Metropoliatano de S. Paulo (Metrô),,,"qid: 11 line votes; short: hand; logo: squarer (category), was Metrô-SP logo.svg",76
in,BMRCL,,,,,,,Bangalore Metro Rail Corporation Limited,,,76
us,Denver RTD,,,,,,,,,,76
ch,Montreux-Oberland Bernois,,,,,,,,,,75
de,DVG,Q1264281,DVG,,,Duisburger Verkehrsgesellschaft logo.svg,,,,qid: 11 line votes,75
lv,LTG Link,,,,,,,,,,75
al,Hekurudha Shqiptare,Q115984,HSH,#D44141,logo,Hekurudha Shqiptare.svg,Public domain; Kj1595,,,qid: 3 line votes,74
cn,石家庄市轨道交通集团有限责任公司,,,,,,,,,,74
cz,RegioJet,Q221186,,#E4003B,logo,Regiojet logo.svg,Public domain; Jürgen Pickl,,,"qid: weak, 1 line vote(s)",74
cz,České dráhy a.s.,,,,,,,České dráhy,,,74
de,DB ZugBus Regionalverkehr Alb-Bodensee,,,,,,,DB,,,74
de,DSW21,Q1155773,,,,Dortmunder Stadtwerke logo.svg,,,,qid: 24 line votes,74
tr,Kayseri Büyükşehir Belediyesi,,,,,,,,,,74
bg,Столичен електротранспорт,,,,,,,,,,73
ch,Verkehrsbetriebe Zürich,,,,,,,,,,73
cz,ARRIVA vlaky,,,,,,,,,,73
de,KVG,Q1578639,,,,Kasseler Verkehrs-Gesellschaft logo.svg,,,,qid: 23 line votes,73
dk,DSB Øresund,,,,,,,DSB,,,73
dk,Transdev,,,,,,,,,,73
ro,Metrorex,Q1091725,,#FFF300,logo,Metrorex logo.svg,Public domain; Metrorex,,,qid: 6 line votes,73
ua,КП «Одесміськелектротранс»,,,,,,,,,,73
br,Companhia Cearense de Transportes Metropolitanos,,,,,,,,,,72
cz,Dopravní podnik města Brna,,,,,,,,,,72
de,Südwestdeutsche Landesverkehrs-AG,,,,,,,,,,72
jp,秩父鉄道,,,,,,,,,,72
jp,長良川鉄道,,,,,,,,,,72
us,Sonoma-Marin Area Rail Transit,,,,,,,,,,72
cz,Die Länderbahn,Q315339,,,,Länderbahn logo.svg,,,,"qid: weak, 1 line vote(s)",70
de,Harzer Schmalspurbahnen GmbH - HSB,Q481535,HSB,,,Harzer Schmalspurbahnen Logo 2013.svg,,,,"qid: weak, 2 line vote(s)",70
pt,ViaPorto,,,,,,,,,,70
cz,JHMD,,,,,,,,,,69
jp,神戸電鉄,Q836658,,,,Kobe railway logo mark.svg,,,,"qid: weak, 1 line vote(s)",69
za,Bombela Consession,Q84945092,,,,,,,,qid: 6 line votes,69
br,Serra Verde Express,Q2273924,,,,,,,,"qid: weak, 1 line vote(s)",68
cz,agilis Verkehrsgesellschaft mbH & Co. KG,Q393786,,,,Agilis Logo.svg,,,,"qid: weak, 1 line vote(s)",68
fr,Transports de l'agglomération de Montpellier,Q3537922,,,,,,,,qid: 17 line votes,68
in,Chennai Metro Rail Limited,,,,,,,,,,68
jp,天竜浜名湖鉄道,,,,,,,,,,68
th,Bangkok Expressway and Metro Public Company Limited,Q13012888,MRT,,,,,,,qid: 3 line votes; short: hand,68
us,Sacramento Regional Transit,Q7397015,,,,Logomark Sacramento Regional Transit 2024.svg,,,,qid: 9 line votes,68
us,Valley Metro,Q688893,,,,Bombardier.svg,,,,qid: 3 line votes,68
at,Stern & Hafferl Verkehr Ges.mbH,Q2345645,,#FDDD04,logo,Stern & Hafferl Verkehrsgesellschaft logo.svg,Public domain; Stern &amp; Hafferl,,,qid: 8 line votes,67
ch,Transports Publics du Chablais,,,,,,,,,,67
in,MahaMetro,Q28179679,,#F7903E,logo,Maha-metro-logo.svg,Public domain; Maharashtra Metro Rail Corporation Limited (Maha Metro),,,qid: 6 line votes,67
ua,Київський метрополітен,Q136745975,,#32AB53,wikidata,Kyiv Metro logo 2015.svg,Public domain; Агенти Змін (http://a3.kyiv.ua/),,,qid: 9 line votes,67
at,Salzburg AG Verkehr,Q2215905,,,,Salzburg AG logo.svg,,,,qid: 6 line votes,66
cn,合肥轨道交通集团有限公司,,,,,,,,,,66
cn,新疆北阿铁路有限责任公司,,,,,,,,,,66
cn,郑州地铁集团有限公司运营分公司&许昌市域轨道交通有限公司,,,,,,,,,,66
cz,Dopravní podnik Ostrava,,,,,,,,,,66
fr,DB Regio Mitte,,,,,,,DB,,,66
kr,인천교통공사,Q483883,,,,,,,,qid: 9 line votes,66
kz,Приволжская железная дорога,,,,,,,,,,66
us,Southeastern Pennsylvania Transportation Authority,Q2037863,,,,SEPTA text.svg,,,,qid: 46 line votes,66
ca,Société de transport de Montréal,Q1817151,,,,Société de transport de Montréal Logo.svg,,,,qid: 7 line votes,65
de,DB Regio Südwest,,,,,,,DB,,,65
gb,Nexus,,,,,,,,,,65
jp,大井川鐵道,Q842075,,,,Daitetsu logomark.svg,,,,qid: 3 line votes,65
pt,Fertagus,,,,,,,,,,65
sk,Arriva vlaky,-,,,,,,,,qid: hand,65
tw,高雄捷運股份有限公司,Q6366134,,,,,,,,qid: 9 line votes,65
us,San Francisco Municipal Transportation Agency,Q1140138,,,,Muni worm logo.svg,,,,qid: 25 line votes,65
ar,Emova Movilidad S.A.,Q388593,,#FFB80E,logo,Metrovias logo.svg,Public domain; Unknown  (Vector graphics image by Fma12)  This W3C-unspecified vector image was created with CorelDRAW.,,,qid: 23 line votes,64
de,Verkehrsbetriebe Karlsruhe GmbH,Q644958,,,,Verkehrsbetriebe Karlsruhe logo.svg,,,,qid: 20 line votes,64
in,HMRL,Q646209,,,,Seal of Hyderabad Metro Rail.svg,,,,qid: 3 line votes,64
jp,IRいしかわ鉄道,,,,,,,,,,64
kr,공항철도주식회사,Q4675224,,,,,,,,"qid: weak, 2 line vote(s)",64
mx,SITEUR,Q2309232,,#21345C,logo,Logo de SITEUR T.svg,Public domain; Secondarywaltz,,,qid: 12 line votes,64
th,ระบบขนส่งมวลชนกรุงเทพ,,,,,,,,,,64
at,Steiermarkbahn und Bus GmbH,,,,,,,,,,63
ca,Groupe PMM,,,,,,,,,,63
cn,Dalian Metro,,,,,,,,,,63
cn,中国能源集团,,,,,,,,,,63
cn,天津致诚轨道交通运营有限公司,,,,,,,Tianjin Metro,,group: network 天津地铁,63
de,SAB Schwäbische Alb-Bahn GmbH,,,,,,,,,,63
jp,山陽電気鉄道,Q2245513,,,,Sanyo electric railway logo.svg,,,,qid: 6 line votes,63
kz,Кыргыз темир жолу,,,,,,,,,,63
pl,Gdańskie Autobusy i Tramwaje,,,,,,,,,,63
us,Santa Clara Valley Transportation Authority,Q1456861,,,,VTA logo 2017.svg,,,,qid: 9 line votes,63
cn,Shaoxing jingyue Metro Corporation,,,,,,,,,,62
cn,温州市铁路与轨道交通投资集团有限公司,,,,,,,,,,62
cn,福州地铁,,,,,,,Fuzhou Metro,,group: network 福州地铁,62
fr,Keolis Lille Métropole,Q117215,,,,B9717958481Z.1 20181216142537 000+G30CKHLLF.2-0.jpg,,,,qid: 6 line votes,62
ru,Московский метрополитен,,,,,,,ГУП «Московский метрополитен»,,,62
fr,SNCF Voyageurs Loire Océan,Q133289422,,,,,,SNCF,,qid: 3 line votes,61
in,National Capital Region Transport Corporation,Q17077649,,,,NCRTC logo.png,,,,qid: 5 line votes,61
ru,Белоручейский леспромхоз,,,,,,,,,,61
ru,КТТУ,,,,,,,,,,61
us,Brightline,,,,,,,,,,61
jp,高松琴平電気鉄道,Q566998,,,,Kotoden Logo S.svg,,,,qid: 3 line votes,60
ca,British Columbia Rapid Transit Company,Q141170526,SkyTrain,,,,,,,qid: 8 line votes; short: hand,59
cn,Fuzhou Metro Group,,,,,,,Fuzhou Metro,,group: network 福州地铁,59
cn,上海磁浮交通发展有限公司,,,,,,,,,,59
cn,北京市轨道交通运营管理有限公司,Q84078114,,,,,,Beijing Subway,,qid: 4 line votes; group: network 北京地铁,59
in,Gujarat Metro Rail Corporation Limited,,,,,,,,,,59
it,FT,,,,,,,,,,59
jp,北越急行,,,,,,,,,,59
jp,近江鉄道,,,,,,,,,,59
my,Express Rail Link,Q5421680,,#A60D81,logo,Logo Express Rail Link 02.svg,Public domain; airport rail link - railway providing passenger rail transport from an airport to a nearby city,,,qid: 6 line votes,59
ro,Transferoviar Călători,,,,,,,,,,59
cn,深圳市地铁集团,Q134593326,,,,,,Shenzhen Metro,,qid: 3 line votes; group: network 深圳地铁,58
cn,重庆轨道四号线建设运营有限公司,Q138502000,,,,,,Chongqing Rail Transit,,"qid: weak, 1 line vote(s); group: network 重庆轨道交通",58
jp,首都圏新都市鉄道,Q841227,,,,Tsukuba Express logo.svg,,,,qid: 3 line votes,58
ma,RATP Dev,Q16040901,,,,,,,,qid: 6 line votes,58
mx,Tren Interurbano México-Toluca,,,,,,,,,,58
tr,EGO Genel Müdürlüğü,Q6070301,,#DB0B14,logo,EGO Genel Müdürlüğü logo.png,Public domain; EGO General Directorate,,,qid: 3 line votes,58
be,SNCF Voyageurs,,,,,,,SNCF,,,57
br,TIC Trens,Q136323134,,,,LogoTT.png,,,,"qid: weak, 2 line vote(s)",57
jp,会津鉄道,,,,,,,,,,57
lv,Rīgas satiksme,Q2280274,,,,,,,,qid: 23 line votes,57
ca,Calgary Transit,,,,,,,,,,56
cn,杭州地铁集团运营第二分公司,,,,,,,Hangzhou Metro,,group: network 杭州地铁,56
cn,杭州杭港地铁五号线有限公司 Hangzhou MTR (Line 5) Corporation Limited,Q132712030,,,,,,Hangzhou Metro,,"qid: weak, 1 line vote(s); group: network 杭州地铁",56
jp,智頭急行,,,,,,,,,,56
jp,関東鉄道,,,,,,,,,,56
jp,養老鉄道,,,,,,,,,,56
pl,Tramwaje Szczecińskie,Q14331058,,,,,,,,qid: 9 line votes,56
ru,ОАО «РЖД»,Q1765011,,,,,,РЖД,,qid: 3 line votes,56
cn,上海金山铁路发展有限公司,,,,,,,,,,55
de,Transdev,Q33895860,,,,Mitteldeutsche Regiobahn 2016 logo.svg,,,,"qid: weak, 1 line vote(s)",55
hr,ZET,Q136060,,,,ZET logo white.svg,Public domain; ZET,,,qid: 45 line votes,55
ca,exo,Q392496,,,,Exo.svg,,,,qid: 5 line votes,54
ch,Regionalverkehr Bern-Solothurn,,,,,,,,,,54
ch,asm,,,,,,,,,,54
cn,上海市域铁路运营有限公司,,,,,,,,,,54
us,New Jersey Transit Light Rail Operations,,,,,,,,,,54
in,MMRDA,Q6935294,MMRDA,,,,,Mumbai Metro,,qid: 3 line votes,53
jp,横浜市,,,,,,,,,,53
jp,鹿島臨海鉄道,,,,,,,,,,53
pl,MPK Kraków,,,,,,,,,,53
ru,ООО «Электротранспорт»,,,,,,,,,,53
ar,Ferrovías,Q1125533,,#ED1E24,logo,Ferrovias arg logo.svg,Public domain; Unknown  (Vector graphics image by Fma12),,,qid: 3 line votes,52
au,Metro Trains Sydney,Q20861549,,,,,,,,qid: 3 line votes,52
it,Trenitalia Tper Scarl,Q3997843,,,,Logo Tper.svg,,Trenitalia,,qid: 4 line votes,52
jp,えちぜん鉄道,,,,,,,,,,52
tw,桃園大眾捷運股份有限公司,Q7684358,,,,-,,,,"qid: 9 line votes; logo: none (the item's image is a photo, crest or token, not the logo)",52
us,Great Smoky Mountains Railroad,,,,,,,,,,52
us,San Diego Metropolitan Transit System,Q3471406,,,,Logo San Diego Metropolitan Transit System.svg,,,,qid: 10 line votes,52
ch,Basler Verkehrsbetriebe,,,,,,,,,,51
cn,杭州杭港地铁有限公司,Q11102555,,,,,,Hangzhou Metro,,qid: 3 line votes; group: network 杭州地铁,51
de,VIAS,,,,,,,,,,51
jp,阿武隈急行,,,,,,,,,,51
us,Capital Metropolitan Transportation Authority,Q4338668,,,,,,,,qid: 3 line votes,51
us,Miami-Dade Transit,,,,,,,,,,51
bg,Метрополитен,,,,,,,,,,50
ch,Transports Vallée de Joux-Yverdon-Ste-Croix,,,,,,,,,,50
cn,台州轨道交通,,,,,,,,,,50
cn,呼和浩特市城市轨道交通建设管理有限责任公司,,,,,,,,,,50
de,Württembergische Eisenbahn-Gesellschaft mbH,Q2596833,,,,Württembergische Eisenbahn-Gesellschaft Logo.svg,,,,"qid: weak, 2 line vote(s)",50
fr,Compagnie des Transports Strasbourgeois,Q2990068,,,,Logo Compagnie des transports strasbourgeois.svg,,,,qid: 20 line votes,50
jp,平成筑豊鉄道,,,,,,,,,,50
tr,Antalya Ulaşım A.Ş.,,,,,,,,,,50
us,GCRTA,Q2279528,,,,,,,,qid: 6 line votes,50
us,Nashville and Eastern Railroad,,,,,,,,infra,,50
ch,Baselland Transport,,,,,,,,,,49
de,SWEG Südwestdeutsche Landesverkehrs GmbH,,,,,,,,,,49
fr,RATP Cap Arc Sud et Ouest,Q111065917,,,,,,RATP,,qid: 3 line votes,49
hr,MÁV-Start,,,,,,,MÁV,,,49
mx,Ferrocarriles Suburbanos,Q122709670,,,,,,,,qid: 3 line votes,49
de,Magdeburger Verkehrsbetriebe GmbH & Co. KG,Q1883929,,,,Magdeburger Verkehrsbetriebe logo.svg,,,,qid: 9 line votes,48
dk,Arriva,,,,,,,,,,48
jp,札幌市,,,,,,,,,,48
jp,阪神電気鉄道,Q1140781,,,,Hanshin-ER Logo 2024S.svg,,,,qid: 10 line votes,48
de,Augsburger Verkehrsgesellschaft,Q760573,,,,Augsburger verkehrsgesellschaft.svg,,,,qid: 17 line votes,47
fr,Soléa,Q3489709,,,,,,,,qid: 12 line votes,47
fr,Trenitalia,Q13646,SNCF,,,,,,,"qid: weak, 1 line vote(s)",47
ru,АО «Электротранспорт плюс»,,,,,,,,,,47
cn,ZROM 浙江轨道交通运营集团海宁分公司,,,,,,,Hangzhou Metro,,group: network 杭州地铁,46
de,"Ilztalbahn GmbH, Färbergasse 1, 94065 Waldkirchen",,,,,,,,,,46
in,"Metro Railway, Kolkata",Q66919526,,,,Kolkata Metro Logo.svg,,,,qid: 7 line votes,46
by,ГП «Минский метрополитен»,,,,,,,,,,45
cn,Wuhu Yunda Rail Transit Construction & Operation,,,,,,,,,,45
de,Südwestdeutsche Landesverkehrs-AG Breisgau Kaiserstuhl,Q2381732,SWEG,,,SWEG Logo.svg,,,,"qid: weak, 2 line vote(s)",45
it,Arenaways,,,,,,,,,,45
jp,伊豆急行,Q5362418,,,,IzukyuLogotype.svg,,,,qid: 3 line votes,45
jp,愛知環状鉄道,Q11494075,,,,Aikan logomark.svg,,,,qid: 3 line votes,45
ru,КЭТК,,,,,,,,,,45
tn,شركة النقل بتونس,Q3488204,,,,,,,,qid: 8 line votes,45
tw,新北大眾捷運股份有限公司,Q30948748,,,,,,,,qid: 6 line votes,45
be,TEC,Q3512073,,,,,,,,qid: 17 line votes,44
br,Trensurb,Q61901899,,,,Trensurb logo.png,,,,qid: 3 line votes,44
ch,MGB,-,,,,,,,,qid: hand,44
ch,TMR,Q667571,,,,Transports de Martigny et Régions logo new.svg,,,,qid: 3 line votes,44
cn,上海磁悬浮交通发展有限公司,,,,,,,,,,44
es,Metro Bilbao S.A.,Q3307439,,,,,,,,qid: 10 line votes,44
gb,Midland Metro Limited (WMCA),Q21061625,,,,,,,,qid: 7 line votes,44
jp,三岐鉄道,,,,,,,,,,44
pt,Metropolitano de Lisboa,Q1925864,,#ED1D24,logo,Metro Lissabon logo.svg,Public domain; Unknown authorUnknown author,,,qid: 6 line votes,44
at,Steiermärkische Landesbahnen,,,,,,,,,,43
cl,EFE Valparaíso,Q16606694,,,,,,,,qid: 3 line votes,43
cn,云南京建轨道交通投资建设有限公司,,,,,,,Kunming Metro,,group: network 昆明地铁,43
cn,南京地铁,,,,,,,Nanjing Metro,,group: network 南京地铁,43
de,Saarbahn GmbH,Q2209114,,,,Logo Saarbahn.svg,,,,qid: 5 line votes,43
fr,M Tag Eybens,Q3234111,,,,,,,,qid: 4 line votes,43
ie,Transdev Ireland,Q442637,,#E4001A,logo,Transdev GmbH logo.svg,Public domain; ™/®Transdev GmbH,,,"qid: 8 line votes; logo: hand, kept the wide one (the squarer Logo Transdev AMV.png is a regional Transdev brand)",43
jp,わたらせ渓谷鐵道,,,,,,,,,,43
jp,伊予鉄道,Q3138970,,,,IYOTETSU logo.svg,,,,qid: 10 line votes,43
jp,島原鉄道,,,,,,,,,,43
ro,C.T.P. Arad,,,,,,,,,,43
ru,МКП «Тулгорэлектротранс»,,,,,,,,,,43
sk,MÁV-Start,Q1180332,,,,MÁV Személyszállítási Zrt.png,,MÁV,,qid: 32 line votes,43
ar,Provincia de Jujuy,Q44764,,,,,,,,"qid: weak, 1 line vote(s)",42
ch,AVA,Q682070,,#1476C6,wikidata,Logo VBZ.svg,,,,qid: 3 line votes,42
fr,SEMITAN,Q3487840,,,,,,,,qid: 13 line votes,42
ir,Mashhad Urban Railway Corporation,,,,,,,,,,42
jp,一畑電車,,,,,,,,,,42
jp,井原鉄道,,,,,,,,,,42
jp,相模鉄道,Q845951,,,,SOTETSU logo.svg,,,,"qid: weak, 1 line vote(s)",42
jp,真岡鐵道,,,,,,,,,,42
nz,Dunedin Railways,,,,,,,,,,42
pl,Miejskie Przedsiębiorstwo Komunikacyjne w Krakowie,,,,,,,,,,42
ch,TRN,,,,,,,,,,41
cn,港铁中铁电化轨道交通（深圳）有限公司,Q131596927,,,,,,Shenzhen Metro,,qid: 5 line votes; group: network 深圳地铁,41
cz,"Railway Capital, a.s.",,,,,,,,,,41
de,HEAG mobilo,Q1563487,,,,HEAG mobilo logo.svg,,,,qid: 24 line votes,41
de,Sächsische Dampfeisenbahngesellschaft mbH,Q2378451,,,,Sächsische Dampfeisenbahngesellschaft logo.svg,,,,"qid: weak, 2 line vote(s)",41
fr,Tisséo,Q3529461,,,,,,,,qid: 13 line votes,41
kr,서울시메트로9호선,Q13311220,,,,,,,,qid: 3 line votes,41
sk,DPB,,,,,,,,,,41
at,Innsbrucker Verkehrsbetriebe und Stubaitalbahn,Q1664245,,#9D0D30,wikidata,Logo Innsbrucker Verkehrsbetriebe.svg,,,,qid: 8 line votes,40
br,Metrô Rio,,,,,,,,,,40
cn,天津一号线轨道交通运营有限公司,Q116369910,,,,,,Tianjin Metro,,qid: 3 line votes; group: network 天津地铁,40
de,EVAG,Q1350238,SWE EVAG,,,Logo SWE EVAG.svg,,,,qid: 18 line votes,40
ua,"ЛКП ""ЛьвівЕлектроТранс""",,,,,,,,,,40
us,Norfolk Southern,,,,,,,,infra,,40
br,Metrô-DF,,,,,,,,,,39
ch,THURBO,Q201977,,,,Logo Zürcher Verkehrsverbund.svg,,,,qid: 11 line votes,39
cn,Dalian Public Transportation Group,,,,,,,,,,39
cn,Nantong Rail Transit,,,,,,,,,,39
cn,成都轨道交通集团有限公司,Q48928331,,,,Chengdu Rail Transit icon.svg,,,,"qid: weak, 2 line vote(s)",39
cz,cz:RJ,,,,,,,,,,39
de,Die Länderbahn CZ,Q315339,,,,Länderbahn logo.svg,,,,"qid: weak, 1 line vote(s)",39
jp,小湊鐵道,,,,,,,,,,39
pl,Metro Warszawskie,Q8066998,,,,Zarząd Transportu Miejskiego w Warszawie.png,,,,qid: 6 line votes,39
at,DB Regio AG Bayern,,,,,,,DB,,,38
az,Bakı Metropoliteni,,,,,,,,,,38
cn,北段：中铁（天津）轨道交通投资建设有限公司、南段：天津致新轨道交通运营有限公司,,,,,,,Tianjin Metro,,group: network 天津地铁,38
gb,Tramlink Nottingham,,,,,,,,,,38
jp,神戸市,,,,,,,,,,38
mx,Metrorrey,,,,,,,,,,38
nl,Zuid-Limburgse Stoomtrein Maatschappij,,,,,,,,,,38
no,Sporveien Trikken,Q287668,,#F16623,logo,Sporveien trikken logo.png,CC BY-SA 4.0; SporveienAS,,,qid: 5 line votes,38
tr,Bursa Ulaşım Toplu Taşıma İşletmeciliği,Q6065067,,,,,,,,qid: 6 line votes,38
us,The City of Grapevine,,,,,,,,,,38
us,Trinity Metro,Q5472408,,,,Logo Trinity Metro full.svg,,,,qid: 3 line votes,38
at,Graz Linien,Q876786,,,,Grazer Verkehrsbetriebe.svg,,,,"qid: weak, 1 line vote(s)",37
cn,重庆璧铜线轨道交通运营管理有限公司,,,,,,,Chongqing Rail Transit,,group: network 重庆轨道交通,37
cz,PDV Railway,,,,,,,,,,37
de,SSB AG,Q2359602,SSB,,,SSB.svg,,Stuttgarter Straßenbahnen AG,,qid: 12 line votes,37
gb,South Yorkshire Future Trams,,,,,,,,,,37
hu,BKV,Q745664,BKV Zrt.,,,Bkv.png,,,,qid: 14 line votes,37
jp,道南いさりび鉄道,Q1190669,JRF,,,JR logo (freight).svg,,,,qid: 3 line votes,37
th,นอร์ทเทิร์นบางกอกโมโนเรล,,,,,,,Bangkok Expressway and Metro Public Company Limited,,,37
cn,山西阳大铁路有限责任公司,,,,,,,,,,36
de,Braunschweiger Verkehrs-GmbH,Q901999,BSVG,,,,,,,qid: 18 line votes,36
de,Freiburger Verkehrs AG,,,,,,,,,,36
de,RBK,,,,,,,,,,36
de,SWK Mobil,Q2208780,,,,SWK MOBIL GmbH.svg,,,,qid: 12 line votes,36
de,Verkehrs-Aktiengesellschaft Nürnberg,Q1557682,VAG Nürnberg,#D4051E,wikidata,VAG Logo.svg,,,,qid: 20 line votes; short: hand,36
fr,TMR,Q667571,,,,Transports de Martigny et Régions logo new.svg,,,,qid: 3 line votes,36
nl,Eurobahn,Q589575,,,,Logo Eurobahn.svg,,,,"qid: weak, 2 line vote(s)",36
pl,ČD,Q304944,ČD,,,Ceske drahy-logo.svg,,České dráhy,,qid: 8 line votes,36
se,Skånetrafiken,,,,,,,,,,36
us,Charlotte Area Transit System,Q5085831,,,,Logo Charlotte Area Transit System.svg,,,,qid: 6 line votes,36
ca,BNSF Railway,,,,,,,,infra,,35
ca,OC Transpo,Q3347525,,,,OC Transpo logo.svg,,,,qid: 6 line votes,35
cn,国能包神铁路集团有限责任公司,,,,,,,,,,35
de,VAG Verkehrs-Aktiengesellschaft Nürnberg,Q1557682,VAG,#D4051E,wikidata,VAG Logo.svg,,Verkehrs-Aktiengesellschaft Nürnberg,,qid: 23 line votes,35
fr,CFTA,,,,,,,,,,35
gb,KeolisAmey Docklands Ltd,,,,,,,Transport for London,,,35
jp,広島電鉄,Q1196530,,,,Hiroden Logomark.svg,,,,qid: 3 line votes,35
jp,樽見鉄道,,,,,,,,,,35
pl,MZK Bydgoszcz,,,,,,,,,,35
at,Linz Linien GmbH,,,,,,,,,,34
de,ODEG,,,,,,,Ostdeutsche Eisenbahn GmbH,,,34
fr,Stretto,Q133490262,,,,,,,,qid: 11 line votes,34
jp,上信電鉄,,,,,,,,,,34
br,CBTU Recife,,,,,,,,,,33
ch,Transports Publics Genevois,,,,,,,,,,33
cn,Lanzhou Rail Transit,,,,,,,,,,33
cn,天津三号线轨道交通运营有限公司,,,,,,,Tianjin Metro,,group: network 天津地铁,33
cz,České Dráhy,,,,,,,,,,33
de,Eisenbahn-Bau- und und Betriebsgesellschaft Pressnitztalbahn mbH,Q1311329,,,,PRESS Logo.svg,,,,qid: 4 line votes,33
de,moBiel GmbH,Q1941281,,,,Logo moBiel.svg,,,,qid: 8 line votes,33
fr,Keolis Hainaut Valenciennois,Q3538018,,,,,,,,qid: 12 line votes,33
in,Mumbai Metro Rail Corporation Ltd.,,,,,,,Mumbai Metro,,,33
jp,のと鉄道,,,,,,,,,,33
jp,錦川鉄道,,,,,,,,,,33
jp,長野電鉄,,,,,,,,,,33
kr,네오트랜스주식회사,Q494088,,,,,,,,"qid: weak, 2 line vote(s)",33
sk,DPMK,,,,,,,,,,33
tr,EsTram,,,,,,,,,,33
us,Trinity Railway Express,,,,,,,,,,33
at,Neusiedler Seebahn,,,,,,,,,,32
at,Stern & Hafferl,Q2345645,,,,Stern & Hafferl Verkehrsgesellschaft logo.svg,,,,qid: 5 line votes,32
br,CBTU Maceió,,,,,,,,,,32
cn,佛山市地铁运营有限公司,,,,,,,Foshan Metro,,group: network 佛山地铁,32
cn,黄石市城市轨道交通运营责任有限公司,,,,,,,,,,32
de,Rostocker Straßenbahn AG,Q6718062,RSAG,,,Rostocker Strassenbahn AG Logo.svg,,,,qid: 18 line votes,32
fr,RATP Dev,Q664399,,,,Keolis 2017 logo.svg,,,,qid: 8 line votes,32
it,ANM,Q3601071,,,,ANM logo.svg,,,,qid: 6 line votes,32
jp,北総鉄道,,,,,,,,,,32
kr,지티엑스에이운영주식회사,,,,,,,,,,32
lv,SIA „Gulbenes - Alūksnes bānītis“,,,,,,,,,,32
pl,Warszawska Kolej Dojazdowa,Q773832,WKD,,,WKD.svg,,,,"qid: weak, 2 line vote(s)",32
ro,CTP Iași,,,,,,,,,,32
ch,Berner Oberland-Bahnen,,,,,,,,,,31
fr,Régie des Transports Marseillais,Q3454986,,,,Logortmcdm.svg,,Régie des Transports Métropolitains,,qid: 10 line votes,31
gb,West Somerset Railway Plc,,,,,,,,,,31
jp,京都市,,,,,,,,,,31
jp,福岡市,,,,,,,,,,31
jp,野岩鉄道,,,,,,,,,,31
nl,Stichting Stadskanaal Rail,,,,,,,,,,31
ru,МП г. Омска «Электрический транспорт»,,,,,,,,,,31
at,Zillertaler Verkehrsbetriebe,Q107689313,,,,,,,,qid: 3 line votes,30
ch,Transports de la région Morges-Bière-Cossonay,,,,,,,,,,30
cn,港铁轨道交通（深圳）有限公司,Q13847012,,,,,,Shenzhen Metro,,qid: 3 line votes; group: network 深圳地铁,30
cn,青岛地铁运营有限公司,,,,,,,,,,30
de,Freiberger Eisenbahngesellschaft,Q1399165,,,,Freiberger Eisenbahn Logo.svg,,,,"qid: weak, 1 line vote(s)",30
de,ViP Verkehrsbetrieb Potsdam GmbH,Q2516117,,,,ViP Logo links s.svg,,,,qid: 41 line votes,30
es,Trammet,,,,,,,,,,30
fr,Keolis Métropole Orléans,,,,,,,,,,30
ir,سازمان قطار شهری شیراز و حومه,,,,,,,,,,30
jp,弘南鉄道,,,,,,,,,,30
ro,S.T.P.T.,,,,,,,,,,30
ua,Миколаївелектротранс,,,,,,,,,,30
cn,Shanghai Maglev Transportation,,,,,,,,,,29
cn,杭州地铁集团责任有限公司,,,,,,,Hangzhou Metro,,group: network 杭州地铁,29
de,Mainzer Verkehrsgesellschaft,Q1885780,,,,Logo Mainzer Verkehrsgesellschaft.png,,,,qid: 12 line votes,29
de,Oberweißbacher Berg- und Schwarzatalbahn,Q138027800,,,,,,DB,,"qid: weak, 2 line vote(s)",29
de,SBB GmbH,Q1254047,,,,SBB CFF FFS logo.svg,,SBB,,qid: 6 line votes,29
gb,Tram Operations Ltd,,,,,,,Transport for London,,,29
jp,仙台市,,,,,,,,,,29
jp,伊豆箱根鉄道,,,,,,,,,,29
jp,山形鉄道,Q11045417,,,,Yamagata Railway logo.svg,,,,"qid: weak, 2 line vote(s)",29
ru,Маріупольське трамвайно-тролейбусне управління,,,,,,,,,,29
sk,GySĚV,,,,,,,GYSEV,,,29
th,อีสเทิร์นบางกอกโมโนเรล,,,,,,,Bangkok Expressway and Metro Public Company Limited,,,29
cl,Ferrocarriles del Sur S.A.,Q5860786,,,,,,,,qid: 6 line votes,28
cn,南昌中铁穗城轨道交通建设运营有限公司,,,,,,,Nanchang Metro,,group: network 南昌地铁,28
cn,重庆轨道十八号线建设运营有限公司,,,,,,,Chongqing Rail Transit,,group: network 重庆轨道交通,28
fr,Chemin de fer du Vivarais,,,,,,,,,,28
in,KMRL,Q50375387,,,,,,,,qid: 3 line votes,28
in,NMRC,Q1029339,,,,Delhi Metro logo.svg,,,,qid: 3 line votes,28
jp,大阪モノレール,Q1903962,,,,Osaka monorail logo.svg,,,,qid: 6 line votes,28
nl,U-OV,,,,,,,,,,28
pt,Carris,Q1045108,,#19478E,logo,Carris logo.svg,Public domain; Unknown authorUnknown author,,,qid: 25 line votes,28
ru,МУП «Орскгортранс»,,,,,,,,,,28
tr,Konya Büyükşehir Belediyesi,,,,,,,,,,28
us,Fillmore & Western Railway,,,,,,,,,,28
by,"ОАО ""Витебскоблавтотранс""",,,,,,,,,,27
ch,Compagnie du chemin de fer Nyon - St-Cergue - Morez,,,,,,,,,,27
cn,乌鲁木齐城市轨道集团有限公司,,,,,,,,,,27
de,Abellio Rail NRW,Q1152084,,,,DBRegioAG RegionNRW.svg,,,,qid: 4 line votes,27
de,Bentheimer Eisenbahn AG,Q818256,,,,Bentheimer Eisenbahn Logo.svg,,,,"qid: weak, 1 line vote(s)",27
de,Chemnitzer Verkehrs-AG,Q1069588,CVAG,,,CVAG-logo-neu.svg,,,,qid: 14 line votes,27
dk,SJ,,,,,,,,,,27
ge,თბილისის სატრანსპორტო კომპანია,,,,,,,,,,27
jp,いすみ鉄道,,,,,,,,,,27
lu,DB Regio Mitte,,,,,,,DB,,,27
ma,Transdev,,,,,,,,,,27
rs,ГСП Београд,Q8227578,,#072B52,logo,GSP Logo.svg,Public domain; Unknown authorUnknown author,,,qid: 3 line votes,27
us,Port Authority of New York and New Jersey,Q1055811,PATH,,,PATH.svg,,,,qid: 15 line votes,27
ar,Metrovías (Emova),,,,,,,,,,26
br,ViaMobilidade Linhas 5 e 17,Q55962686,,,,Logo completo viamobilidade.svg,,Companhia do Metropolitano de São Paulo,,qid: 6 line votes,26
ca,CN,,,,,,,,,,26
cn,广州有轨电车有限责任公司,Q128075591,,,,,,Guangzhou Metro,,qid: 4 line votes; group: network 广州地铁,26
cn,神铁二号线（天津）轨道交通运营有限公司,,,,,,,Tianjin Metro,,group: network 天津地铁,26
fr,VFV,,,,,,,,,,26
jp,富士山麓電気鉄道,,,,,,,,,,26
jp,新京成電鉄,,,,,,,,,,26
mk,Trainkos,Q16662520,,,,,,,,"qid: weak, 1 line vote(s)",26
ru,"МУП ""Курскэлектротранс""",,,,,,,,,,26
us,PRT,Q7230500,,,,Pittsburgh Regional Transit Logo.svg,,Pittsburgh Regional Transit,,qid: 6 line votes,26
at,Wiener Lokalbahnen,Q335971,,,,WLB.svg,,,,qid: 3 line votes,25
cn,大连公交电车分公司,,,,,,,,,,25
cn,洛阳市轨道交通,,,,,,,Luoyang Metro,,group: network 洛阳轨道交通,25
de,Rhenus Veniro,Q1121384,,,,Rhenus Veniro Logo.svg,,,,"qid: weak, 1 line vote(s)",25
de,Thüringer Waldbahn und Straßenbahn Gotha GmbH,Q132128047,TWSB,,,,,,,qid: 5 line votes,25
fr,Chemin de Fer de la Baie de Somme,,,,,,,,,,25
in,Indian Railways,Q819425,,,,Indian Railways (acronym wordmark).svg,CC0; This file is created by Sbb1413. All files created by him are released under the {{CC-BY 4.0}} license unless otherwise noted. Derived works are released under the same license as original.,,,qid: hand; logo: hand,25
it,Azienda Mobilità e Trasporti,Q295335,,,,Logo AMT 2021.jpg,,,,"qid: weak, 1 line vote(s)",25
it,FART,,,,,,,,,,25
it,SSIF,,,,,,,,,,25
jp,とさでん交通,Q3537118,,,,Tosaden kotsu logo.png,,,,"qid: weak, 2 line vote(s)",25
jp,上毛電気鉄道,,,,,,,,,,25
jp,明知鉄道,Q8193797,,,,,,,,qid: 3 line votes,25
rs,MÁV-Start,,,,,,,MÁV,,,25
ru,МУП «Коломенский трамвай»,,,,,,,,,,25
us,City and County of Honolulu,,,,,,,,,,25
ca,Edmonton Transit Service,Q3048058,,,,Edmonton Transit System logo.svg,,,,qid: 4 line votes,24
ch,Lausanne-Echallens-Bercher,,,,,,,,,,24
ch,MVR,,,,,,,,,,24
cn,成都地铁,Q48928331,,,,Chengdu Rail Transit icon.svg,,Chengdu Metro,,qid: 3 line votes; group: network 成都地铁,24
cn,西安中铁轨道交通有限公司,,,,,,,Xi'an Metro,,group: network 西安地铁,24
de,Jenaer Nahverkehrsgesellschaft mbH,Q1686811,,,,Jenaer Nahverkehr logo.svg,,,,qid: 15 line votes,24
fr,Régie Ligne d'Azur,Q16674298,,,,,,,,qid: 9 line votes,24
fr,Société Nationale des Chemins de fer Luxembourgeois,,,,,,,,,,24
jp,くま川鉄道,,,,,,,,,,24
pl,DB AG,,,,,,,DB,,,24
ru,"КП ""Горлівське ТТУ""",,,,,,,,,,24
at,Raaberbahn,,,,,,,GYSEV,,,23
au,Transdev Sydney,Q19800015,,,,,,,,qid: 8 line votes,23
ch,SVB,,,,,,,,,,23
ch,Sihltal-Zürich-Uetliberg-Bahn,,,,,,,,,,23
in,LMRC,Q17070250,,,,UPMRC.svg,,,,qid: 3 line votes,23
jp,由利高原鉄道,Q11577568,,,,,,,,"qid: weak, 1 line vote(s)",23
jp,豊橋鉄道,Q3081081,,,,Toyotetsu logomark.svg,,,,qid: 9 line votes,23
kr,김포골드라인SRS,,,,,,,,,,23
us,Delaware River Port Authority,,,,,,,,,,23
us,Union Pacific Railroad,,,,,,,,infra,,23
be,Arriva,Q524255,NMBS,,,SNCB logo white.svg,,,,qid: 3 line votes,22
by,"ДП ""Сталічны транспарт і сувязь""",,,,,,,,,,22
cn,中交（天津）轨道交通运营管理有限公司十一号线分公司,,,,,,,Tianjin Metro,,group: network 天津地铁,22
cz,Plzeňské městské dopravní podniky,,,,,,,,,,22
cz,SART-stavby a rekonstrukce,,,,,,,,infra,,22
de,Cottbusverkehr GmbH,Q1136706,,,,Logo Cottbusverkehr.svg,,,,qid: 12 line votes,22
de,Hessische Landesbahn,,,,,,,Hessische Landesbahn GmbH,,,22
dz,Setram,,,,,,,,,,22
es,Metros Ligeros del Oeste,Q6011989,,,,,,,,qid: 6 line votes,22
fr,CFTA Rhône,,,,,,,,,,22
id,Indonesian Railway Company,Q2745027,KAI,#2D2A70,logo,Logo PT Kereta Api Indonesia (Persero) 2020.svg,Public domain; PT Kereta Api Indonesia (Persero),,,"qid: weak, 2 line vote(s)",22
in,Madhya Pradesh Metro Rail Corporation Limited,,,,,,,,,,22
jp,伊勢鉄道,,,,,,,,,,22
kr,부산·김해경전철주식회사,,,,,,,,,,22
nl,Veluwsche Stoomtrein Maatschappij,,,,,,,,,,22
se,A-Train,,,,,,,,,,22
ch,SBB-D,Q1254047,,,,SBB CFF FFS logo.svg,,SBB,,"qid: weak, 2 line vote(s)",21
cn,上海申凯公共交通运营管理有限公司,,,,,,,,,,21
cn,天津滨海快速交通发展有限公司,,,,,,,Tianjin Metro,,group: network 天津地铁,21
dk,Lokaltog A/S,,,,,,,,,,21
ee,Tallinna Linnatranspordi AS,Q12376169,,,,,,,,qid: 14 line votes,21
fr,Keolis Rennes,Q3480422,,,,Logo STAR Rennes (2026).svg,,,,qid: 6 line votes,21
fr,RD Angers,,,,,,,,,,21
hu,Egererdő Zrt.,,,,,,,,,,21
in,NCRTC,,,,,,,,,,21
jp,福井鉄道,Q5507652,,,,Fukui Railway Logomark.svg,,,,qid: 5 line votes,21
kr,대전교통공사,,,,,,,,,,21
kz,City Transportation Systems,,,,,,,,,,21
pl,Ostdeutsche Eisenbahngesellschaft,Q145188,,,,ODEG-Logo Neu.svg,,,,"qid: weak, 1 line vote(s)",21
ru,"МУП ""Трамвайное хозяйство""",,,,,,,,,,21
ru,МУП «Метроэлектротранс»,,,,,,,,,,21
ru,Нижегородский метрополитен,,,,,,,,,,21
tr,İzmir Metro,Q56171838,,,,,,,,qid: 8 line votes,21
us,Blue Ridge Scenic Railway,,,,,,,,,,21
ch,(BDWM),,,,,,,,,,20
ch,Emmentalbahn GmbH,,,,,,,,,,20
cn,Changchun Rail Transit Corporation,,,,,,,Changchun Rail Transit,,group: network Changchun Rail Transit,20
cz,Dopravní podnik měst Liberce a Jablonce nad Nisou,,,,,,,,,,20
cz,PKP Cargo International,,,,,,,,infra,,20
de,Eisenbahn-Bau- und Betriebsgesellschaft Pressnitztalbahn,Q1311329,,,,PRESS Logo.svg,,,,"qid: weak, 1 line vote(s)",20
de,NVS,Q1231470,NVS,,,Nahverkehr Schwerin.svg,,,,qid: 12 line votes,20
dk,Inmetro,,,,,,,,,,20
gb,Blackpool Transport,,,,,,,,,,20
ir,سازمان قطارشهری اصفهان و حومه,,,,,,,,,,20
jp,北陸鉄道,,,,,,,,,,20
jp,津軽鉄道,,,,,,,,,,20
kr,광주교통공사,,,,,,,,,,20
ru,МУП «Горэлектротранспорт»,,,,,,,,,,20
ru,МУПП «Саратовгорэлектротранс»,Q4408409,,,,,,,,"qid: weak, 2 line vote(s)",20
vn,Công ty TNHH MTV Đường sắt Hà Nội,,,,,,,,,,20
br,CCR Metro Bahia,Q17682854,,,,,,,,"qid: weak, 1 line vote(s)",19
br,Giordani Turismo,,,,,,,,,,19
ch,Ferrovie Autolinee Regionali Ticinesi,,,,,,,,,,19
ch,SBB,Q83835,SBB,#EC1B24,wikidata,SBB logo simplified.svg,Public domain; SBB,,,"qid: 129 line votes; short: hand; logo: squarer (icon), was SBB CFF FFS logo.svg",19
ch,Wengernalpbahn,,,,,,,,,,19
cn,中建（天津）轨道交通投资发展有限公司,,,,,,,Tianjin Metro,,group: network 天津地铁,19
cn,常州地铁,,,,,,,,,,19
cz,Dopravní podnik měst Mostu a Litvínova,,,,,,,,,,19
de,Döllnitzbahn GmbH,,,,,,,,,,19
de,Kreisbahn Mansfelder Land GmbH,,,,,,,,,,19
de,SWU,Q2328644,,,,SWU Logo.svg,,,,qid: 6 line votes,19
fr,Divia,,,,,,,,,,19
fr,Transkeo,Q111065917,,,,,,,,qid: 3 line votes,19
jp,若桜鉄道,,,,,,,,,,19
jp,黒部峡谷鉄道,,,,,,,,,,19
nl,ProRail,,,,,,,,infra,,19
nl,Stichting Museumstoomtram Hoorn-Medemblik,,,,,,,,,,19
pl,POLREGIO S.A.,,,,,,,Polregio,,,19
ua,"КП ""Вінницька транспортна компанія""",,,,,,,,,,19
vn,Management Authority of Urban Railways in Ho Chi Minh City,,,,,,,,,,19
ca,InTransitBC,Q141170779,,,,,,British Columbia Rapid Transit Company,,qid: 5 line votes,18
ch,Dampfbahn Furka-Bergstrecke,,,,,,,,,,18
de,GVB,,,,,,,,,,18
de,HZL,,,,,,,,,,18
de,SVZ,Q2359982,,,,Städtische Verkehrsbetriebe Zwickau logo.svg,,,,qid: 3 line votes,18
de,Stadtverkehrsgesellschaft mbH Frankfurt (Oder),Q2328353,SVF,,,Stadtverkehrsgesellschaft Frankfurt (Oder) Logo.svg,,,,qid: 14 line votes,18
es,Serveis Ferroviaris de Mallorca,Q1811123,,,,Sfm logo.svg,,,,qid: 6 line votes,18
fr,SETRAM,,,,,,,,,,18
gb,Transport for Edinburgh,Q17019365,,,,,,,,"qid: weak, 1 line vote(s)",18
in,Bangalore Metro Rail Corporation Limited,,Namma Metro,,,,,,,short: hand,18
it,Autolinee Toscane,Q16558230,,,,GEST logo.svg,,,,qid: 6 line votes,18
jp,南阿蘇鉄道,,,,,,,,,,18
jp,広島高速交通,,,,,,,,,,18
jp,東京モノレール,Q788158,,,,Tokyo monorail.svg,,,,qid: 7 line votes,18
jp,遠州鉄道,Q9286431,,,,Entetsu logo.svg,,,,qid: 3 line votes,18
jp,阪堺電気軌道,Q2069534,,,,Nankai group logo.svg,,,,qid: 4 line votes,18
kr,용인에버라인운영(주),Q6500181,,,,,,,,"qid: weak, 2 line vote(s)",18
pl,Stowarzyszenie Górnośląskich Kolei Wąskotorowych,,,,,,,,,,18
ro,MÁV-Start,,,,,,,MÁV,,,18
ru,ЕТТУ,,,,,,,,,,18
tr,Ulaşım Park,,,,,,,,,,18
us,Bombardier Transportation,Q908666,Port Authority,,,Pa logo alrs black rgb.png,,,,qid: 3 line votes,18
ar,Sociedad de Transporte de Mendoza,,,,,,,,,,17
br,CMTP,,,,,,,,,,17
ca,Grand River Transit,,,,,,,,,,17
ch,FW,,,,,,,,,,17
cn,洛阳市轨道交通集团有限责任公司,,,,,,,Luoyang Metro,,group: network 洛阳轨道交通,17
cn,西安云巴交通运营有限公司,,,,,,,,,,17
de,BZB,,,,,,,,,,17
de,THURBO,Q201977,,,,Logo Zürcher Verkehrsverbund.svg,,,,qid: 3 line votes,17
es,Metro de Sevilla,Q1386819,,,,Emblema de la Junta de Andalucía 2020.svg,,,,qid: 3 line votes,17
es,Tranvía de Murcia,,,,,,,,,,17
it,AMAT,,,,,,,,,,17
jp,沖縄都市モノレール,,,,,,,,,,17
lv,Daugavpils Satiksme AS,,,,,,,,,,17
ru,"ТГУ МП ""ТТУ""",Q4461926,,,,,,,,qid: 15 line votes,17
tw,臺中捷運股份有限公司,,,,,,,,,,17
au,Adelaide Metro (Torrens Connect),,,,,,,,,,16
cn,中国铁路北京局集团有限公司,Q4881184,,,,,,China Railway,,qid: 11 line votes,16
de,Plauener Straßenbahn GmbH,Q1635879,,,,Plauener Straßenbahn GmbH logo.svg,,,,qid: 12 line votes,16
de,SWEG,,,,,,,,,,16
de,Verkehrsbetriebe Brandenburg an der Havel GmbH,Q2516140,VBBr,,,Logo Verkehrsbetriebe Brandenburg Havel.svg,,,,qid: 6 line votes,16
dz,RATP El Djazaïr,,,,,,,,,,16
es,Metro de Granada,Q56316715,,,,,,,,qid: 3 line votes,16
fr,DB Regio AG Baden-Württemberg,Q18853,,,,DB Regio - Logo.svg,,DB,,qid: 6 line votes,16
fr,NMBS/SNCB,Q524255,NMBS,,,SNCB logo white.svg,,,,qid: 3 line votes,16
fr,T2C,,,,,,,,,,16
fr,Transdev,Q377869,,,,Société de Transports de l’Agglomération Stéphanoise Logo.svg,,,,qid: 11 line votes,16
gb,Mid-Norfolk Railway,,,,,,,,,,16
hk,香港電車有限公司,,,,,,,,,,16
hu,ZSUZSI Erdei Vasút Nonprofit Kft.,,,,,,,,,,16
ir,Tabriz Urban Railway Organization,,,,,,,,,,16
jp,伊賀鉄道,,,,,,,,,,16
jp,多摩都市モノレール,,,,,,,,,,16
jp,小田急箱根,Q604174,,,,,,,,qid: 5 line votes,16
jp,東葉高速鉄道,Q11235089,,,,Toyo Rapid Railway logo (wide).svg,,,,qid: 3 line votes,16
jp,筑豊電気鉄道,Q11272713,,,,Chikutetsu logo.svg,,,,qid: 3 line votes,16
lu,Luxtram,Q108822589,,#00A7E4,logo,Logo Luxtram Luxembourg.svg,Public domain; Luxtram,,,qid: 3 line votes,16
ro,RAT Craiova,,,,,,,,,,16
ru,МУП «Новосибирский метрополитен»,,,,,,,,,,16
cn,北京市地铁运营有限公司运营四分公司,Q4881162,,,,,,Beijing Subway,,qid: 3 line votes; group: network 北京地铁,15
cn,重庆云巴轨道交通运营管理,,,,,,,,,,15
cz,Dopravní podnik města Olomouce,,,,,,,,,,15
cz,Koleje Dolnośląskie,,,,,,,,,,15
de,Mecklenburgische Bäderbahn Molli GmbH,Q28053964,MBB,,,Baederbahn Molli-Logo.svg,,,,"qid: weak, 1 line vote(s)",15
de,STOAG,,,,,,,,,,15
de,Sächsische Dampfeisenbahngesellschaft mbH (SDG),Q464339,,,,,,,,qid: 3 line votes,15
fr,Keolis Tours,Q664399,,,,Keolis 2017 logo.svg,,,,qid: 3 line votes,15
fr,Transdev Rouen,Q3537964,,,,,,,,"qid: weak, 1 line vote(s)",15
id,Kereta Api Indonesia Divisi LRT Jabodebek,Q2745027,KAI,,,Logo PT Kereta Api Indonesia (Persero) 2020.svg,,Kereta Api Indonesia,,qid: 3 line votes,15
id,MRT Jakarta,,,,,,,,,,15
in,Uttar Pradesh Metro Rail Corporation,,,,,,,,,,15
it,Ferrovie Udine Cividale,,,,,,,,,,15
jp,信楽高原鐵道,,,,,,,,,,15
jp,千葉都市モノレール,,,,,,,,,,15
jp,名古屋臨海高速鉄道,Q1190669,JRF,,,JR logo (freight).svg,,,,"qid: weak, 2 line vote(s)",15
jp,埼玉高速鉄道,Q8013048,,,,Saitama Railway Logo.svg,,,,qid: 3 line votes,15
jp,神戸新交通,Q5366038,,,,Kobe New Transit logo.svg,,,,qid: 7 line votes,15
jp,能勢電鉄,,,,,,,,,,15
kg,Қазақстан темір жолы,,,,,,,,,,15
pl,MPK Częstochowa,,,,,,,,,,15
ro,CTP (Compania de Transport Public Cluj Napoca SA),,,,,,,,,,15
ru,"ЕМУП «Гортранс», Западное трамвайное депо, Южное трамвайное депо",,,,,,,,,,15
ru,Злтатоустовское трамвайное управление,,,,,,,,,,15
ru,МУП «Городской электротранспорт»,,,,,,,,,,15
tn,نقل تونس,Q3488204,,,,,,,,qid: 8 line votes,15
tr,SAMULAŞ,,,,,,,,,,15
ch,Rigi Bahnen AG,,,,,,,,,,14
cn,港鐵軌道營運（澳門） MTR Operações Ferroviárias (Macau),Q130854672,,,,,,,,qid: 9 line votes,14
de,DSB,,,,,,,,,,14
de,Norddeutsche Eisenbahngesellschaft Niebüll,Q1997732,neg,,,Neg Logo 2022-03.png,,,,"qid: weak, 1 line vote(s)",14
de,Polregio,,,,,,,,,,14
de,Schöneicher Rüdersdorfer Straßenbahn GmbH,Q638246,,,,SRS Tram Logo.svg,,,,qid: 3 line votes,14
de,Sächsisch-Oberlausitzer Eisenbahngesellschaft mbH,,,,,,,,,,14
de,Würzburger Straßenbahn GmbH,Q99495010,,,,WSB.gif,,,,"qid: weak, 2 line vote(s)",14
fr,Keolis Besançon Mobilités,,,,,,,,,,14
jp,ひたちなか海浜鉄道,Q11276223,,,,Hitachinaka Seaside Railway Logomark.svg,,,,"qid: weak, 2 line vote(s)",14
jp,ゆりかもめ,,,,,,,,,,14
jp,アルピコ交通,,,,,,,,,,14
jp,北条鉄道,,,,,,,,,,14
jp,叡山電鉄,,,,,,,,,,14
jp,和歌山電鐵,,,,,,,,,,14
jp,宇都宮ライトレール,Q22129540,,,,Utsunomiya lrt logo.svg,,,,"qid: weak, 1 line vote(s)",14
jp,泉北高速鉄道,Q1188230,,,,Nankai logo with its slogan.svg,,,,"qid: weak, 2 line vote(s)",14
jp,甘木鉄道,,,,,,,,,,14
jp,鹿児島市,,,,,,,,,,14
pl,Укрзалізниця,Q923337,,,,Ukrzaliznytsya.svg,,,,qid: 7 line votes,14
ro,Transurb,,,,,,,,,,14
ru,"ЕМУП «Гортранс», Северное трамвайное депо",,,,,,,,,,14
ru,"ЕМУП «Гортранс», Южное трамвайное депо",,,,,,,,,,14
ba,GRAS,,,,,,,,,,13
br,ViaQuatro,Q3069359,,,,Motiva.svg,,Companhia do Metropolitano de São Paulo,,qid: 3 line votes,13
ca,TransEd Partners,Q3048058,,,,Edmonton Transit System logo.svg,,Edmonton Transit Service,,qid: 3 line votes,13
ch,Forchbahn,,,,,,,,,,13
ch,Transports Publics de la Région Lausannoise sa,,,,,,,,,,13
ch,Verkehrsbetriebe Glattal,,,,,,,,,,13
cn,中铁建（天津）轨道交通投资发展有限公司,,,,,,,Tianjin Metro,,group: network 天津地铁,13
cn,杭州地铁集团运营第三分公司,,,,,,,Hangzhou Metro,,group: network 杭州地铁,13
cn,红河有轨电车公司,,,,,,,,,,13
de,Arriva PLC,,,,,,,,,,13
de,City-Bahn Chemnitz,Q1093772,,,,Logo City-Bahn Chemnitz.svg,,,,"qid: weak, 1 line vote(s)",13
de,Kandertalbahn e.V.,,,,,,,,,,13
de,Koleje Dolnośląskie,,,,,,,,,,13
de,SWK Mobil GmbH,,,,,,,,,,13
de,WSW,Q44880072,,,,Logo Wuppertaler Stadtwerke.svg,,,,qid: 3 line votes,13
es,Sociedad de Economía Mixta Los Tranvías de Zaragoza,,,,,,,,,,13
fr,Transdev Le Havre,,,,,,,,,,13
hr,GPP Osijek,,,,,,,,,,13
it,Actv,Q548005,,,,ACTV.svg,,,,qid: 4 line votes,13
it,Brescia Mobilità SpA,Q109629049,,,,,,,,"qid: weak, 2 line vote(s)",13
jp,万葉線,,,,,,,,,,13
jp,埼玉新都市交通,,,,,,,,,,13
jp,熊本電気鉄道,,,,,,,,,,13
kz,КГП «Метрополитен»,,,,,,,,,,13
mx,Servicio de Transportes Eléctricos,,,,,,,,,,13
nl,Stoomtrein Goes - Borsele,,,,,,,,,,13
pl,ZDZiT Olsztyn,,,,,,,,,,13
se,Engelsberg-Norbergs Järnvägshistoriska Förening,,,,,,,,,,13
tr,Adana Büyükşehir Belediyesi,,,,,,,,,,13
ua,"КП ""Житомирське ТТУ""",,,,,,,,,,13
us,Roaring Camp Railroads,,,,,,,,,,13
au,Canberra Metro Operations,,,,,,,,,,12
br,MetrôRio,,,,,,,Metrô Rio,,,12
ch,Lugano-Ponte Tresa,,,,,,,,,,12
cn,北京亦庄公交有轨电车有限责任公司,Q126456213,,,,,,,,qid: 3 line votes,12
de,Salzburg AG Verkehr,Q2215905,,,,Salzburg AG logo.svg,,,,qid: 3 line votes,12
de,VBN,,,,,,,,,,12
es,Metro de Málaga,Q1925728,,,,Logotipo del Metro de Málaga.svg,,,,qid: 6 line votes,12
fr,TTDA,,,,,,,,,,12
gr,Thessaloniki Metro Automatic,Q130541063,,,,,,,,qid: 6 line votes,12
hu,MVK Zrt.,Q19476,MVK Zrt.,,,,,,,qid: 5 line votes,12
hu,SZKT,Q1295391,,,,,,,,qid: 4 line votes,12
it,TEB,Q3997398,,,,Tramvie Elettriche Bergamasche (TEB) logo.png,,,,qid: 3 line votes,12
jp,京福電気鉄道,Q3537126,,,,Keifuku logo.svg,,,,qid: 5 line votes,12
jp,東京臨海高速鉄道,Q3832729,,,,東京臨海高速鉄道ロゴマーク.svg,,,,qid: 3 line votes,12
jp,熊本市,,,,,,,,,,12
kr,우이신설 도시철도,,,,,,,,,,12
pl,MZK Gorzów,,,,,,,,,,12
ru,"ЕМУП «Гортранс», Западное трамвайное депо",,,,,,,,,,12
ru,ЕМУП «Екатеринбургский метрополитен»,,,,,,,,,,12
ru,ООО «РЭКС»,,,,,,,,,,12
ru,ООО «ТРАНСПОРТНАЯ КОНЦЕССИОННАЯ КОМПАНИЯ»,,,,,,,,,,12
se,Connecting Stockholm,Q970452,,,,SL logo.svg,,SL,,qid: 3 line votes,12
us,Hampton Roads Transit,,,,,,,,,,12
at,Montafonerbahn,,,,,,,,,,11
at,PWS,,,,,,,,,,11
au,Great River City Light Rail,Q136309832,,,,,,,,"qid: weak, 1 line vote(s)",11
ch,Dampfbahn-Verein Zürcher Oberland,,,,,,,,,,11
cn,深圳市现代有轨电车有限公司,,,,,,,,,,11
cz,DB Fernverkehr,,,,,,,DB,,,11
cz,DB Regio AG Bayern,,,,,,,DB,,,11
de,Arriva,Q2581356,,,,Arriva Group logo.svg,,,,qid: 17 line votes,11
de,Dessauer Verkehrsgesellschaft mbH,Q1200902,DVG,,,Stadtwerke Dessau Logo.svg,,,,qid: 6 line votes,11
fr,Compagnie du Mont Blanc,,,,,,,,,,11
fr,Grand Reims,Q3317674,,,,,,,,"qid: weak, 2 line vote(s)",11
gb,Ravenglass and Eskdale Railway,,,,,,,,,,11
hu,MÁV Pályaműködtetési Zrt. Széchenyi-hegyi Gyermekvasút,,,,,,,,,,11
in,CIDCO,,,,,,,,,,11
in,JMRC,,,,,,,,,,11
in,Rapid Metro Gurgaon Limited,,,,,,,,,,11
it,Ferrovie della Calabria,,,,,,,,,,11
jp,JR東海交通事業,,,,,,,,,,11
jp,上田電鉄,,,,,,,,,,11
jp,函館市,,,,,,,,,,11
jp,横浜シーサイドライン,Q11262864,,,,Yokohama Seaside Line Symbol.svg,,,,qid: 3 line votes,11
jp,長崎電気軌道,Q901485,,,,,,,,qid: 15 line votes,11
jp,静岡鉄道,,,,,,,,,,11
kr,(주)우진메트로,,,,,,,,,,11
pt,Câmara Municipal de Sintra,,,,,,,,,,11
pt,Metro Transportes do Sul,,,,,,,,,,11
ru,МУП «Новгортранс»,,,,,,,,,,11
si,HŽPP,,,,,,,,,,11
sk,"Čiernohronská železnica, n.o.",,,,,,,,,,11
ua,Харківський метрополітен,Q673320,,,,KharkivMetroLogo.svg,,,,qid: 4 line votes,11
at,NÖSBB,,,,,,,,,,10
at,ÖGEG,Q303198,,,,,,,,"qid: weak, 1 line vote(s)",10
br,EMTU,Q5374439,EMTU,,,,,,,"qid: weak, 1 line vote(s)",10
ch,DB,,,,,,,,,,10
cn,开远市南北轨道交通经营管理有限公司,,,,,,,,,,10
de,HANSeatische Eisenbahn,Q22979891,,,,Hanseatische Eisenbahn logo.svg,,,,"qid: weak, 1 line vote(s)",10
de,Magdeburger Verkehrsbetriebe,,,,,,,,,,10
de,Südwestdeutsche Landesverkehrs-AG Breisgau Staufen,Q2381732,SWEG,,,SWEG Logo.svg,,,,"qid: weak, 1 line vote(s)",10
de,Waldeisenbahn Muskau,,,,,,,,,,10
fr,Keolis,Q111066606,,,,,,,,qid: 3 line votes,10
gb,Glasgow Subway,,,,,,,,,,10
gb,London Northwestern Railway,,,,,,,,,,10
hr,Željeznice Republike Srpske,,,,,,,,,,10
it,Busitalia Veneto,,,,,,,,,,10
it,MCNE,Q3726202,,,,Logoeav.png,,,,qid: 3 line votes,10
jp,水島臨海鉄道,,,,,,,,,,10
jp,江ノ島電鉄,,,,,,,,,,10
jp,阿佐海岸鉄道,,,,,,,,,,10
pl,Stadtverkehrsgesellschaft mbH Frankfurt (Oder),Q2328353,SVF,,,Stadtverkehrsgesellschaft Frankfurt (Oder) Logo.svg,,,,qid: 14 line votes,10
ro,Braicar,,,,,,,,,,10
ro,Transport Călători Express Ploiești,,,,,,,,,,10
ru,Мариупольское трамвайно-тролейбуссное управление,,,,,,,,,,10
se,SL,Q970452,,,,SL logo.svg,,,,qid: hand,10
tr,Tram İzmir,Q56171838,,,,,,,,"qid: weak, 1 line vote(s)",10
us,Kansas City Streetcar Authority,,,,,,,,,,10
us,Niagara Frontier Transportation Authority,Q15114900,,,,,,,,qid: 3 line votes,10
us,Pacific Locomotive Association,,,,,,,,,,10
at,TB,,,,,,,,,,9
au,Westrail,,,,,,,,infra,,9
br,Trivia Trens,Q1121227,CPTM,,,CPTM (Logo).svg,,,,"qid: weak, 2 line vote(s)",9
by,"НТКУП ""Трамвайный парк""",,,,,,,,,,9
ch,Gornergratbahn,,,,,,,,,,9
ch,Jungfraubahn,,,,,,,,,,9
cn,凤凰磁浮文化旅游有限责任公司,,,,,,,,,,9
cn,北京公交有轨电车有限公司,Q84078282,,,,,,Beijing Subway,,"qid: weak, 1 line vote(s); group: network 北京地铁",9
de,BVB,Q678872,,#00843D,wikidata,Basler Verkehrs-Betriebe.svg,,,,qid: 21 line votes,9
fr,Régie des Transports Métropolitains,Q3454986,,,,Logortmcdm.svg,,,,qid: 5 line votes,9
fr,Saarbahn GmbH,Q2209114,,,,Logo Saarbahn.svg,,,,qid: 5 line votes,9
fr,TPG,Q677004,TPG,,,TPG Genf Logo.svg,,,,qid: 12 line votes,9
hu,Északerdő Zrt.,,,,,,,,,,9
ir,سازمان قطار شهری کرج و حومه,,,,,,,,,,9
jp,一般社団法人札幌市交通事業振興公社,,,,,,,,,,9
jp,北九州高速鉄道,,,,,,,,,,9
jp,岳南電車,,,,,,,,,,9
jp,愛知高速交通,,,,,,,,,,9
jp,福島交通,Q5507741,,,,,,,,"qid: weak, 2 line vote(s)",9
no,Boreal,Q7920685,,,,,,,,qid: 3 line votes,9
pl,MZK Toruń,,,,,,,,,,9
se,Stockholms spårvägar,Q680991,,,,Arriva Group logo.svg,,SL,,qid: 3 line votes,9
us,BNSF Railway,,,,,,,,infra,,9
ar,Provincia de Santiago del Estero,,,,,,,,,,8
ch,Brienz Rothorn Bahn AG,,,,,,,,,,8
ch,Ferrovia Monte Generoso,,,,,,,,,,8
cn,三亚市轨道交通有限公司,,,,,,,,,,8
cn,大王山欢乐云巴,,,,,,,,,,8
cn,深圳地铁集团运营分公司,Q131603596,,,,,,Shenzhen Metro,,"qid: weak, 2 line vote(s); group: network 深圳地铁",8
cn,深圳市东部城市轨道交通投资建设有限公司,,,,,,,,,,8
cn,青岛公交集团轨道巴士有限公司,,,,,,,,,,8
de,IG Preßnitztalbahn e.V.,Q135907908,,,,,,,,"qid: weak, 1 line vote(s)",8
de,Regionalverkehr Sächsische Schweiz-Osterzgebirge GmbH,Q2009431,,,,Oberelbische Verkehrsgesellschaft Pirna-Sebnitz logo.svg,,,,"qid: weak, 2 line vote(s)",8
de,Westerwaldbahn,,,,,,,,,,8
es,Tranvía de Parla,,,,,,,,,,8
fr,SWEG Südwestdeutsche Landesverkehrs-GmbH,,,,,,,,,,8
hu,SEFAG Zrt.,,,,,,,,,,8
it,AMT,Q295335,,,,Logo AMT 2021.jpg,,,,qid: 7 line votes,8
it,ATM Messina,,,,,,,,,,8
jp,北大阪急行電鉄,,,,,,,,,,8
jp,嵯峨野観光鉄道,Q50187147,,,,,,,,"qid: weak, 1 line vote(s)",8
kr,로템SRS,,,,,,,,,,8
kr,인천공항시설관리,,,,,,,,,,8
nl,NMBS/SNCB,Q524255,NMBS,,,SNCB logo white.svg,,,,qid: 3 line votes,8
nl,RTM Ouddorp,,,,,,,,,,8
pl,KMPS,,,,,,,,,,8
pl,MZK Grudziadz,,,,,,,,,,8
pt,STCP,,,,,,,,,,8
ru,"АО ""Яргорэлектротранс""",,,,,,,,,,8
ru,Верхнепышминский трамвай,,,,,,,,,,8
ru,"ГУП КО ""Курскэлектротранс""",,,,,,,,,,8
ru,ИжГЭТ,,,,,,,,,,8
ru,"МКП ""ГЭТ"" филиал №4",,,,,,,,,,8
ru,"МУП ""Волчанский автоэлектротранспор""",,,,,,,,,,8
us,Electric City Trolley Museum,,,,,,,,,,8
us,Pittsburgh Regional Transit,Q7230500,,,,Pittsburgh Regional Transit Logo.svg,,,,qid: 5 line votes,8
us,Transdev,Q442637,,,,Transdev GmbH logo.svg,,,,"qid: weak, 1 line vote(s)",8
at,Achenseebahn AG,,,,,,,,,,7
at,MÁV SZESZA,,,,,,,MÁV,,,7
at,MÁV-START,,,,,,,MÁV,,,7
ch,SBB GmbH,Q1254047,,,,SBB CFF FFS logo.svg,,SBB,,qid: 6 line votes,7
ch,STB,,,,,,,,,,7
cn,清远磁浮交通有限公司,,,,,,,,,,7
de,Borkumer Kleinbahn und Dampfschiffahrt GmbH,,,,,,,,,,7
de,Eifelbahn Verkehrsgesellschaft mbH,,,,,,,,,,7
de,Fraport AG,,,,,,,,,,7
de,Würzburger Straßenbahn,Q99495010,,,,WSB.gif,,,,qid: 11 line votes,7
de,cz:ČD,,,,,,,České dráhy,,,7
hu,DKV,Q281622,,,,,,,,"qid: weak, 1 line vote(s)",7
jp,仙台空港鉄道,,,,,,,,,,7
jp,四日市あすなろう鉄道,,,,,,,,,,7
jp,湘南モノレール,Q1359773,,,,ShonanMonorail logo.svg,,,,qid: 3 line votes,7
nl,Museum Buurtspoorweg,,,,,,,,,,7
pl,PKP Szybka Kolej Miejska w Trójmieście,,,,,,,,,,7
ru,МУП «РТК»,,,,,,,,,,7
ru,МУП Ульяновскэлектротранс,,,,,,,,,,7
ua,"КП ""Конотопське трамвайне управління""",,,,,,,,,,7
us,Andrews Valley Rail Tours,,,,,,,,,,7
at,"Salzburg AG, Verkehr",,,,,,,,,,6
be,ASVi,,,,,,,,,,6
br,CENTRAL,,,,,,,,,,6
ch,Museumsbahn Stein am Rhein-Hemishofen-Ramsen,,,,,,,,,,6
cn,佛山市轨道交通发展有限公司运营事业总部,,,,,,,,,,6
cz,Koleje Śląskie,,,,,,,,,,6
cz,Sächsische Dampfeisenbahngesellschaft mbH (SDG),Q464339,,,,,,,,qid: 3 line votes,6
de,Görlitzer Verkehrsbetriebe,,,,,,,,,,6
de,Strausberger Eisenbahn GmbH,Q534882,,,,Logo Strausberger Eisenbahn.svg,,,,"qid: weak, 1 line vote(s)",6
de,Wuppertalbahn EIV gGmbH,,,,,,,,,,6
fr,BVB,Q678872,,#00843D,wikidata,Basler Verkehrs-Betriebe.svg,,,,qid: 8 line votes,6
gb,Gwili Railway Co. Ltd,,,,,,,,,,6
it,FERROVIENORD,,,,,,,,infra,,6
jp,流鉄,,,,,,,,,,6
jp,銚子電気鉄道,Q5368807,,,,,,,,"qid: weak, 2 line vote(s)",6
pl,Görlitzer Verkehrsbetriebe,,,,,,,,,,6
ro,OTL,,,,,,,,,,6
ru,ДонЕлектроАвтоТранс,,,,,,,,,,6
ru,МКП «Калининград-ГорТранс»,,,,,,,,,,6
us,Las Vegas Monorail Company,,,,,,,,,,6
us,M-1 Rail,Q442637,,,,Transdev GmbH logo.svg,,,,qid: 3 line votes,6
ar,Tranex Turismo S.A.,,,,,,,,,,5
at,IVB und Stubaitalbahn GmbH,,,,,,,,,,5
at,VBM,,,,,,,,,,5
ch,KWO,,,,,,,,,,5
ch,SNCF,Q13646,SNCF,,,,,,,"qid: weak, 1 line vote(s)",5
cn,梅山钢铁,,,,,,,,,,5
cz,KŽC Doprava,,,,,,,,,,5
de,Museumsbahn Buckower Kleinbahn e.V.,,,,,,,,,,5
de,Woltersdorfer Straßenbahn GmbH,,,,,,,,,,5
es,FGC,Q83819,FGC,,,Ferrocarrils de la Generalitat de Catalunya logo (2019).svg,,,,qid: 4 line votes,5
es,Metros Ligeros de Madrid,Q57760543,,,,,,,,qid: 3 line votes,5
fr,BLT,Q353936,BLT,,,BLT Baselland Transport AG.svg,,,,qid: 8 line votes,5
fr,Compagnie du Mont-Blanc,,,,,,,,,,5
fr,TC Dôme,Q944608,,,,AtkinsRéalis logo.svg,,,,"qid: weak, 1 line vote(s)",5
fr,Técélys,Q3537940,,,,,,,,qid: 3 line votes,5
it,Marconi Express,,,,,,,,,,5
it,TPL FVG,Q3539115,,,,Trieste Trasporti logo.svg,,,,qid: 3 line votes,5
jp,岡山電気軌道,Q860466,,#003D84,wikidata,Ryobi Group logo.svg,,,,qid: 6 line votes,5
jp,水間鉄道,,,,,,,,,,5
jp,舞浜リゾートライン,Q11613644,,,,Maihama resort line logo.svg,,,,"qid: weak, 2 line vote(s)",5
lu,Minièresbunn-Doihl a.s.b.l,,,,,,,,,,5
nl,DB Regio NRW,Q1152084,,,,DBRegioAG RegionNRW.svg,,DB,,"qid: weak, 2 line vote(s)",5
nl,EMA,,,,,,,,,,5
nl,National Express Rail GmbH,Q19296997,,,,National Express Group Logo.svg,,,,"qid: weak, 2 line vote(s)",5
nl,Rotterdams Openbaar Vervoer Museum,Q2632714,,,,,,,,"qid: weak, 2 line vote(s)",5
pl,Železničná spoločnosť Slovensko,,,,,,,,,,5
ro,Societatea de Transport Bucuresti,,,,,,,,,,5
ru,ООО «Синара – ГТР Таганрог»,,,,,,,,,,5
se,Vy Buss AB Lund,,,,,,,,,,5
sk,"Trenčianska elektrická železnica, n.o.",,,,,,,,,,5
tr,BURULAŞ,Q6065067,,,,,,,,"qid: weak, 1 line vote(s)",5
ua,Міськелектротранс,,,,,,,,,,5
us,Detroit Transportation Corporation,,,,,,,,,,5
us,O'Hare,,,,,,,,,,5
us,Orlando International Airport,,,,,,,,,,5
ar,Iguazú Argentina S.A.,,,,,,,,,,4
au,Bendigo Tramways,Q112667254,,,,,,,,qid: 3 line votes,4
br,BR MOBILIDADE,Q5374439,EMTU,,,,,,,"qid: weak, 2 line vote(s)",4
br,Estrada de Ferro do Corcovado,,,,,,,,,,4
ca,Edmonton Radial Railway Society,,,,,,,,,,4
ch,Lauterbrunnen-Mürren,,,,,,,,,,4
ch,Oensingen-Balsthal-Bahn,,,,,,,,,,4
ch,Pilatusbahnen,,,,,,,,,,4
ch,SMC,,,,,,,,,,4
de,Polregio S.A.,Q18853,,,,DB Regio - Logo.svg,,,,"qid: weak, 1 line vote(s)",4
fr,Aéroports de Paris,Q81230,SAG,,,Siemens AG logo.svg,,,,"qid: weak, 1 line vote(s)",4
hu,Börzsöny Kisvasút Nonprofit Kft.,,,,,,,,,,4
hu,DKV Zrt.,Q281622,,,,,,,,"qid: weak, 1 line vote(s)",4
hu,Železničná spoločnosť Slovensko,,,,,,,,,,4
it,SŽ,,,,,,,,,,4
jp,山万,,,,,,,,,,4
jp,横浜高速鉄道,Q906967,,,,YMRC logomark.svg,,,,qid: 3 line votes,4
pl,Waldeisenbahn Muskau,,,,,,,,,,4
ru,Городской трамвай,,,,,,,,,,4
ru,Златоустовское трамвайное управление,,,,,,,,,,4
ru,Нижегородэлектротранс,,,,,,,,,,4
ru,ООО «БалтНедвижСервис»,,,,,,,,,,4
sk,Železnice Slovenskej republiky,,,,,,,,infra,,4
ua,"ЛКП ""Львівелектротранс""",,,,,,,,,,4
us,Astoria Riverfront Trolley Association,,,,,,,,,,4
us,Denver Transit Partners,Q7309183,,,,RTD logo rectangle.svg,,,,qid: 9 line votes,4
us,MARTA,Q1423792,,,,Logo of the Metropolitan Atlanta Rapid Transit Authority.svg,,,,"qid: weak, 1 line vote(s)",4
us,McKinney Avenue Transit Authority,Q6143108,,,,M-Line Trolley logo.svg,,,,"qid: weak, 2 line vote(s)",4
us,TPA,,,,,,,,,,4
ar,Casimiro Zbikoski S.A.,,,,,,,,,,3
at,Bayerische Regiobahn,Q259805,,,,Logo BOB 2015.svg,,,,qid: 3 line votes,3
at,DB RegioNetz Verkehrs GmbH,,,,,,,DB,,,3
at,Südostbayernbahn,,,,,,,DB,,,3
au,Portland Cable Trams,,,,,,,,,,3
au,South Pacific Electric Railway,,,,,,,,,,3
au,Yarra Trams,Q16927551,,,,New Metlink Signage.jpg,,,,"qid: weak, 2 line vote(s)",3
br,GRU Airport,,,,,,,,,,3
ca,Fort Edmonton Park,,,,,,,,,,3
ch,Parc d'Attractions du Châtelard,,,,,,,,,,3
ch,TN,,,,,,,,,,3
de,Bergische Museumsbahnen e.V.,,,,,,,,,,3
de,Europa-Park Rust,,,,,,,,,,3
de,Gemeinde Wagenfeld,,,,,,,,,,3
de,Görlitzer Verkehrbetriebe,,,,,,,,,,3
de,Hespertalbahn e.V.,,,,,,,,,,3
de,Ruhrtalbahn,,,,,,,,,,3
de,Windbergbahn e. V.,,,,,,,,,,3
de,České dráhy,,,,,,,,,,3
es,Tussam,,,,,,,,,,3
fr,CFL,,,,,,,,,,3
fr,RATP Dev Caen la mer,Q664399,,,,Keolis 2017 logo.svg,,,,"qid: weak, 1 line vote(s)",3
fr,TPE,,,,,,,,,,3
fr,TRN-cmn,,,,,,,,,,3
hk,香港鐵路有限公司 MTR Corporation Limited,Q1479375,,#082242,logo,MTR Shenzhen logo.svg,Public domain; 港鐵軌道交通（深圳）有限公司=,MTR Corporation,,qid: 37 line votes,3
id,Bandara Soekarno-Hatta,,,,,,,,,,3
in,Calcutta Tramways Company,,,,,,,,,,3
it,Minimetrò S.p.A.,,,,,,,,,,3
jp,名古屋ガイドウェイバス,,,,,,,,,,3
jp,紀州鉄道,,,,,,,,,,3
mx,Sintra,,,,,,,,,,3
nl,DB Regio AG NRW,Q1152084,,,,DBRegioAG RegionNRW.svg,,DB,,"qid: weak, 1 line vote(s)",3
nl,VIAS GmbH,Q2521737,,,,VIAS logo.svg,,,,qid: 3 line votes,3
pl,Stowarzyszenie Kolejowych Przewozów Lokalnych,,,,,,,,,,3
ro,Societatea de Transport Public Timișoara S.A.,,,,,,,,,,3
us,Kenosha Area Transit,,,,,,,,,,3
us,King County Metro,Q6411393,,,,,,,,qid: 3 line votes,3
at,Arriva vlaky,Q304944,ČD,,,Ceske drahy-logo.svg,,,,qid: 3 line votes,2
at,BZB,,,,,,,,,,2
at,Innsbrucker Nordkettenbahnen Betriebs GmbH,,,,,,,,,,2
ch,DB Fernverkehr,Q83835,SFR,#EC1B24,wikidata,SBB CFF FFS logo.svg,,DB,,"qid: weak, 2 line vote(s)",2
ch,DB Regio AG Baden-Württemberg,Q64504641,,,,DB Regio Baden-Württemberg Logo (2022).svg,,DB,,qid: 6 line votes,2
ch,ESMM-mmb,,,,,,,,,,2
ch,ESMM-smbb,,,,,,,,,,2
ch,MVR-vcp,,,,,,,,,,2
ch,Niesenbahn AG,,,,,,,,,,2
ch,PAC,,,,,,,,,,2
ch,Schweizerische Bundesbahnen,,,,,,,SBB,,,2
ch,TPL,Q132219132,,,,,,,,"qid: weak, 1 line vote(s)",2
ch,Thunersee-Beatenberg-Niederhorn-Bahnen,,,,,,,,,,2
ch,VB-bm,,,,,,,,,,2
de,Bergbahnen im Siebengebirge AG,,,,,,,,,,2
de,Chiemsee-Schifffahrt Ludwig Feßler,,,,,,,,,,2
de,Compagnie des Transports Strasbourgeois,Q2990068,,,,Logo Compagnie des transports strasbourgeois.svg,,,,qid: 3 line votes,2
de,Flughafen Düsseldorf,,,,,,,,,,2
de,Kleinbahn.Koeln GmbH,,,,,,,,,,2
de,Rhein-Neckar-Verkehr GmbH,,,,,,,,,,2
de,Schiffahrt der Inselgemeinde Langeoog,,,,,,,,,,2
ee,Vivi (Pasažieru vilciens),,,,,,,,,,2
eg,Cairo Airport Company,,,,,,,,,,2
es,SNCF Voyageurs,Q93090957,,,,LOGO SNCF GROUPE CMJN.jpg,,SNCF,,qid: 11 line votes,2
fr,Amitram,,,,,,,,,,2
fr,Disney Parks and Resorts,,,,,,,,,,2
fr,Minièresbunn-Doihl a.s.b.l,,,,,,,,,,2
fr,SBB,Q83835,SFR,#EC1B24,wikidata,SBB CFF FFS logo.svg,,,,qid: 11 line votes,2
hu,Kaszó Zrt.,,,,,,,,,,2
hu,Kisvasutak Baráti Köre Egyesület,,,,,,,,,,2
hu,Skanzen,,,,,,,,,,2
it,PisaMo,,,,,,,,,,2
it,STA,,,,,,,,,,2
jp,比叡山鉄道,Q11547404,,,,,,,,qid: 3 line votes,2
jp,神戸六甲鉄道,,,,,,,,,,2
jp,立山黒部貫光,Q11597848,,,,,,,,qid: 3 line votes,2
jp,芝山鉄道,,,,,,,,,,2
lu,SNCF Voyageurs,,,,,,,SNCF,,,2
my,Perbadanan Bukit Bendera,,,,,,,,,,2
nl,Haags Openbaar Vervoer Museum,Q3112892,,,,,,,,"qid: weak, 2 line vote(s)",2
pl,NEB Betriebsgesellschaft mbH,Q1438506,,,,Niederbarnimer Eisenbahn Logo 2025.svg,,,,"qid: weak, 2 line vote(s)",2
ru,"АО ""Апшеронск-Лагонаки""",,,,,,,,,,2
sg,Changi Airport Group,Q5124431,,,,,,,,"qid: weak, 1 line vote(s)",2
sg,Sentosa Development Corporation,Q7451365,,,,,,,,"qid: weak, 1 line vote(s)",2
sk,Tatry mountain resorts,,,,,,,,,,2
sk,ÖBB-Personenverkehr AG,,,,,,,ÖBB,,,2
th,กรุงเทพธนาคม,Q4836731,,,,,,,,qid: 3 line votes,2
us,ATL,Q309084,,,,Alstom logo.svg,,,,"qid: weak, 1 line vote(s)",2
us,Atlanta Department of Aviation,,,,,,,,,,2
us,Busch Gardens,,,,,,,,,,2
us,CPKC,,,,,,,,infra,,2
us,CSX Transportation,Q1863801,MTA,,,,,,infra,qid: 3 line votes,2
us,Clark County Department of Aviation,,,,,,,,,,2
us,Denver International Airport,,,,,,,,,,2
us,IAH,,,,,,,,,,2
us,Miami-Dade Aviation Department,,,,,,,,,,2
us,Port of Seattle,,,,,,,,,,2
us,Trolley Museum of New York,,,,,,,,,,2
us,Walt Disney Parks and Resorts,,,,,,,,,,2
vn,Sun World Fansipan Legend,,,,,,,,,,2
ar,Asociación Rosarina Amigos del Riel,,,,,,,,,,1
at,Nostalgiebahnen in Kärnten,,,,,,,,,,1
at,Seilbahn Komperdell GmbH,,,,,,,,,,1
au,Aurizon,,,,,,,,infra,,1
be,CFL,,,,,,,,,,1
ch,ASM-ltb,Q2632648,ASm,,,Logo aare seeland mobil.svg,,,,"qid: weak, 1 line vote(s)",1
ch,BB,Q132533503,,,,,,,,"qid: weak, 1 line vote(s)",1
ch,BRSB,,,,,,,,,,1
ch,Dolderbahn Betriebs AG,,,,,,,,,,1
ch,FLMS,Q132526884,FLMS,,,,,,,"qid: weak, 1 line vote(s)",1
ch,FPR,Q132533601,,,,,,,,"qid: weak, 1 line vote(s)",1
ch,GB,,,,,,,,,,1
ch,HB,,,,,,,,,,1
ch,KSB,,,,,,,,,,1
ch,KWO (Kraftwerke Oberhasli AG),,,,,,,,,,1
ch,MBC,Q677257,MBC,,,Transports de la région Morges–Bière–Cossonay logo.svg,,,,qid: 6 line votes,1
ch,MVR-mtgn,,,,,,,,,,1
ch,RfB,,,,,,,,,,1
ch,SMtS,,,,,,,,,,1
ch,Standseilbahn Zermatt - Sunnegga AG,,,,,,,,,,1
ch,TBBU,,,,,,,,,,1
ch,TSB,,,,,,,,,,1
ch,VB-be,,,,,,,,,,1
ch,ZBB,,,,,,,,,,1
ch,ÖBB-Personenverkehr AG,Q83822,,#ED1834,wikidata,Logo ÖBB.svg,,ÖBB,,qid: 4 line votes,1
cz,IG Preßnitztalbahn e.V.,Q135907908,,,,,,,,"qid: weak, 1 line vote(s)",1
cz,"Plzeňské městské dopravní podniky, a.s.",,,,,,,,,,1
de,Heidelberger Straßen- und Bergbahn AG,,,,,,,,,,1
de,Intamin,,,,,,,,,,1
de,NVH,,,,,,,,,,1
de,Parkeisenbahn Chemnitz gGmbH,,,,,,,,,,1
de,THB,Q432448,,,,Thurbo 2009 logo.svg,,,,qid: 10 line votes,1
de,Verkehrsverbund Mittelsachsen GmbH,,,,,,,,,,1
es,Barcelona de Serveis Municipals,,,,,,,,,,1
fr,AMTF,,,,,,,,,,1
fr,Parc d'Attractions du Châtelard,,,,,,,,,,1
fr,Ville d'Évian-les-Bains,,,,,,,,,,1
gb,Conwy County Borough Council,Q5166758,,,,,,,,"qid: weak, 1 line vote(s)",1
gb,Ecclesbourne Valley Railway,,,,,,,,,,1
gb,Heathrow Airport,,,,,,,,,,1
gb,Merseyside Tramway Preservation Society,,,,,,,,,,1
hk,山頂纜車有限公司,,,,,,,,,,1
hu,GySEV,,,,,,,GYSEV,,,1
hu,Mecsekerdő Zrt.,,,,,,,,,,1
it,AIR Campania,,,,,,,,,,1
it,Azienda Trasporti Bergamo,,,,,,,,,,1
it,Skiarea Valchiavenna S.p.A.,,,,,,,,,,1
jp,こうべ未来都市機構,,,,,,,,,,1
jp,四国ケーブル,,,,,,,,,,1
jp,大山観光電鉄,,,,,,,,,,1
jp,御岳登山鉄道,,,,,,,,,,1
jp,皿倉登山鉄道,,,,,,,,,,1
jp,筑波観光鉄道,,,,,,,,,,1
jp,高尾登山電鉄,,,,,,,,,,1
lu,AMTF,,,,,,,,,,1
no,Fløibanen AS,,,,,,,,,,1
nz,Museum of Transport and Technology,,,,,,,,,,1
nz,Wellington Cable Car Limited,,,,,,,,,,1
pl,Die Länderbahn CZ,Q315339,,,,Länderbahn logo.svg,,,,"qid: weak, 1 line vote(s)",1
pl,Sächsisch-Oberlausitzer Eisenbahngesellschaft mbH,,,,,,,,,,1
pt,Liftech,,,,,,,,,,1
ru,МП г.о. Самара «Самарский метрополитен»,,,,,,,,,,1
sg,Keretapi Tanah Melayu,,,,,,,,,,1
th,บริษัท ท่าอากาศยานไทย จำกัด (มหาชน),,,,,,,,,,1
tr,İETT,Q343136,,,,,,,,qid: 3 line votes,1
ua,Донецька залізниця,,,,,,,Ukrainian Railways,,,1
us,Aria Resort and Casino,Q568532,,,,,,,,"qid: weak, 1 line vote(s)",1
us,Chattanooga Area Regional Transportation Authority,,,,,,,,,,1
us,FWWR,,,,,,,,infra,,1
us,Henry Dorrly Zoo,,,,,,,,,,1
us,MARC,,,,,,,,,,1
us,MGM Resorts International,,,,,,,,,,1
us,Metropolitain Airports Commission,,,,,,,,,,1
us,Metropolitan Washington Airports Authority,Q12177622,MWAA,,,,,,,qid: 3 line votes,1
us,Minnesota Streetcar Museum,,,,,,,,,,1
us,Six Flags Great America,,,,,,,,,,1
za,Century City Tramway,,,,,,,,,,1
ar,Tren Patagónico S.A.,,,,,,,,,,0
ar,Trenes Argentinos Operadora Ferroviaria,Q6116255,,,,Trenes Argentinos Operaciones.svg,,,,"qid: weak, 2 line vote(s)",0
at,DB Fernverkehr AG,,,,,,,DB,,,0
at,Magyar Államvasutak,,,,,,,MÁV,,,0
at,PKP Intercity,,,,,,,,,,0
at,Trenitalia,,,,,,,,,,0
at,Železničná spoločnosť Slovensko,,,,,,,,,,0
au,Australian Rail Track Corporation,,,,,,,,infra,,0
au,Transwa,Q7835453,,,,,,,,"qid: weak, 1 line vote(s)",0
az,ADY,,,,,,,,,,0
be,European Sleeper,,,,,,,,,,0
be,Eurostar International Ltd,,,,,,,,,,0
be,Infrabel,,,,,,,,infra,,0
bg,НКЖИ,,,,,,,,infra,,0
br,Associação Brasileira de Preservação Ferroviária,Q9633881,,,,,,,,"qid: weak, 1 line vote(s)",0
br,Ferrovia Centro-Atlântica,,,,,,,,,,0
br,Iguazú Argentina S.A.,,,,,,,,,,0
by,БЧ,,,,,,,Беларуская чыгунка,,,0
by,Белорусская железная дорога,,,,,,,Беларуская чыгунка,,,0
by,"ТРУП ""Брестское отделение БЖД""",,,,,,,Беларуская чыгунка,,,0
ca,ARMD,,,,,,,,infra,,0
ca,Amtrak,Q23239,,,,Amtrak logo.svg,,,,qid: 7 line votes,0
ca,Hudson Bay Railway,,,,,,,,infra,,0
ca,Ontario Northland Railway,,,,,,,,,,0
ca,Quebec North Shore and Labrador Railway,,,,,,,,infra,,0
ch,AB-fw,Q247358,AB,,,Logo Appenzeller Bahnen.svg,,,,qid: 3 line votes,0
ch,AB-rhb,Q247358,AB,,,Logo Appenzeller Bahnen.svg,,,,qid: 3 line votes,0
ch,AB-rhw,,,,,,,,,,0
ch,ASM,,,,,,,,,,0
ch,ASM-rvo,,,,,,,,,,0
ch,ASM-snb,,,,,,,,,,0
ch,AVA-bd,Q57312492,AVA,,,Aargau Verkehr Logo.gif,,,,qid: 3 line votes,0
ch,AVA-wsb,,,,,,,,,,0
ch,BET,,,,,,,,,,0
ch,BLM,,,,,,,,,,0
ch,BLS,Q246824,BLS,#80BA2A,wikidata,BLS AG logo.svg,,,,qid: 30 line votes,0
ch,BLT,Q353936,BLT,,,BLT Baselland Transport AG.svg,,,,qid: 18 line votes,0
ch,BLT-wb,,,,,,,,,,0
ch,BRB,,,,,,,,,,0
ch,BVB,Q678872,,#00843D,wikidata,Basler Verkehrs-Betriebe.svg,,,,qid: 36 line votes,0
ch,Bernmobil,Q681700,,,,Bernmobil Logo.svg,,,,qid: 17 line votes,0
ch,CFF,,,,,,,,,,0
ch,CJ,,,,,,,,,,0
ch,DB Fernverkehr AG,,,,,,,DB,,,0
ch,DIH,,,,,,,,,,0
ch,Deutsche Eisenbahn-Infrastruktur in der Schweiz,,,,,,,,infra,,0
ch,European Sleeper,,,,,,,,,,0
ch,FART,,,,,,,,,,0
ch,FB,Q105318592,FB,,,,,,,qid: 5 line votes,0
ch,FLP,,,,,,,,,,0
ch,Funi Cassarate-Monte Brè,,,,,,,,,,0
ch,GbB,,,,,,,,,,0
ch,JB,,,,,,,,,,0
ch,LEB,,,,,,,,,,0
ch,Lemanis,,,,,,,,,,0
ch,Lyria,,,,,,,,,,0
ch,MG,Q132529261,MG,,,,,,,"qid: weak, 1 line vote(s)",0
ch,MOB,Q246824,BLS,#80BA2A,wikidata,BLS AG logo.svg,,,,qid: 3 line votes,0
ch,MSG,Q135184908,,,,,,,,"qid: weak, 1 line vote(s)",0
ch,MVR-cev,,,,,,,,,,0
ch,MVR-las,Q338475,MVR,,,,,,,"qid: weak, 1 line vote(s)",0
ch,Matterhorn Gotthard Bahn (bvz),,,,,,,,,,0
ch,Matterhorn Gotthard Bahn (fo),,,,,,,,,,0
ch,NStCM,,,,,,,,,,0
ch,OeBB,Q685063,,,,Logo Oensingen-Balsthal-Bahn.png,,,,qid: 3 line votes,0
ch,PB,Q1492513,,,,,,,,"qid: weak, 1 line vote(s)",0
ch,PBZ,,,,,,,,,,0
ch,RA,,,,,,,,,,0
ch,RB,Q224680,,,,Rigi logo.svg,,,,"qid: weak, 2 line vote(s)",0
ch,RBS,,,,,,,,,,0
ch,RegionAlps,Q2138172,,,,Logo RegionAlps.svg,,,,qid: 3 line votes,0
ch,RhB,Q177598,RhB,#E3000A,logo,N rhb dreisprachig logo 4c.svg,Public domain; Rhätische Bahn,,,qid: 3 line votes,0
ch,Rhätische Bahn,,,,,,,,,,0
ch,SMA,,,,,,,,,,0
ch,SNCF Voyageurs,Q13646,SNCF,,,,,SNCF,,qid: 3 line votes,0
ch,SSIF,,,,,,,,,,0
ch,SZU,Q664642,SZU,,,SZU Logo.svg,,,,qid: 6 line votes,0
ch,Sursee-Triengen-Bahn,,,,,,,,,,0
ch,TGV Lyria,,,,,,,Lyria,,,0
ch,THB,Q432448,,,,Thurbo 2009 logo.svg,,,,qid: 37 line votes,0
ch,TL,Q675718,,,,Logo TL Lausanne 2023.svg,,,,qid: 8 line votes,0
ch,TPC,,,,,,,,,,0
ch,TPF,Q609332,TPF,,,Logo TPF.svg,,,,qid: 12 line votes,0
ch,TPG,Q677004,TPG,,,TPG Genf Logo.svg,,,,qid: 15 line votes,0
ch,TRAVYS,,,,,,,,,,0
ch,TRN-cmn,,,,,,,,,,0
ch,Treni Regionali Ticino Lombardia,Q569273,,,,Aktuelles Tilo Logo.png,,,,qid: 24 line votes,0
ch,Trenitalia,,,,,,,,,,0
ch,VBL,,,,,,,,,,0
ch,VBZ,Q682070,,#1476C6,wikidata,Logo VBZ.svg,,,,qid: 48 line votes,0
ch,VVT,,,,,,,,,,0
ch,WAB,,,,,,,,,,0
ch,ZB,,,,,,,,,,0
ch,Zentralbahn,,,,,,,,,,0
ch,ÖBB-Infrastruktur AG,,,,,,,,infra,,0
cl,EFE Arica,,,,,,,,,,0
cn,Beijing Subway,Q235319,,#004A9D,logo,Beijing Subway simplified logo.svg,Public domain; AlgaeGraphix,,,qid: hand,0
cn,Changchun Rail Transit,,,,,,,,,,0
cn,Chengdu Metro,Q1660063,,,,Chengdu Rail Transit icon.svg,,,,qid: hand,0
cn,China Railway,Q1073489,,#E60012,logo,China Railways.svg,"Public domain; Designed by Chen Yuchang (陈玉昶, 1912-1969)",,,qid: hand,0
cn,Chongqing Rail Transit,Q1190894,,,,,,,,qid: hand,0
cn,Foshan Metro,,,,,,,,,,0
cn,Fuzhou Metro,,,,,,,,,,0
cn,Guangzhou Metro,Q660751,,#C61935,logo,Guangzhou Metro icon.svg,"Public domain; Guangzhou Metro Co., Ltd.",,,"qid: hand; logo: squarer (icon), was Guangzhou Metro logo.svg",0
cn,Hangzhou Metro,Q2419742,,,,,,,,qid: hand,0
cn,Kunming Metro,,,,,,,,,,0
cn,Luoyang Metro,,,,,,,,,,0
cn,Nanchang Metro,,,,,,,,,,0
cn,Nanjing Metro,Q429366,,#D8261A,logo,Nanjing Metro Logo.svg,Public domain; Unknown authorUnknown author  (per [1]),,,qid: hand,0
cn,Shanghai Metro,Q462201,,#EA0F16,logo,Shanghai Metro logo.svg,Public domain; Shanghai Shentong Metro Group,,,qid: hand,0
cn,Shenzhen Metro,Q867680,,,,,,,,qid: hand,0
cn,Tianjin Metro,Q515817,,#E30613,logo,TianjinMetro.svg,Public domain; Kagami,,,qid: hand,0
cn,Wuhan Metro,Q1660441,,,,,,,,qid: hand,0
cn,Xi'an Metro,Q555733,,,,,,,,qid: hand,0
cn,北京八达岭畅安地面缆车运营有限公司,,,,,,,,,,0
cn,广东城际,,,,,,,,,,0
cn,广深铁路股份有限公司,,,,,,,,,,0
cn,绍兴市风情旅游新干线建设有限公司,Q5966130,,,,,,,,qid: 3 line votes,0
cn,长寿永恒缆车有限公司,,,,,,,,,,0
cz,"Dopravní podnik Karlovy Vary, a. s.",,,,,,,,,,0
cz,European Sleeper,,,,,,,,,,0
cz,Magyar Államvasutak,,,,,,,MÁV,,,0
cz,PKP Intercity,,,,,,,,,,0
cz,PKPIC,Q304944,ČD,,,Ceske drahy-logo.svg,,PKP Intercity,,"qid: weak, 1 line vote(s)",0
cz,Railway Capital,,,,,,,,infra,,0
cz,START,-,,,,,,MÁV,,qid: hand,0
cz,ZSSK,Q304944,ČD,,,Ceske drahy-logo.svg,,Železničná spoločnosť Slovensko,,"qid: weak, 2 line vote(s)",0
cz,ÖBB,,,,,,,,,,0
de,Arbeitsgemeinschaft Muttenthalbahn,,,,,,,,,,0
de,Dadina,,,,,,,,,,0
de,ESWE,,,,,,,,,,0
de,Eurostar International Ltd,,,,,,,,,,0
de,Freunde der Freiburger Straßenbahn e.V.,,,,,,,,,,0
de,Koblenzer Verkehrsbetriebe,,,,,,,,,,0
de,NMBS/SNCB,Q524255,NMBS,,,SNCB logo white.svg,,,,"qid: weak, 1 line vote(s)",0
de,PKP,,,,,,,,,,0
de,PKP Intercity,,,,,,,,,,0
de,Pošumavská jižní dráha,,,,,,,,,,0
de,RTG,,,,,,,,,,0
de,SBB-D,,,,,,,SBB,,,0
de,START,Q304944,ČD,,,Ceske drahy-logo.svg,,,,"qid: weak, 1 line vote(s)",0
de,Schlossbergbahn GmbH & Co. KG,,,,,,,,,,0
de,Schweizerische Bundesbahnen,Q1254047,,,,SBB CFF FFS logo.svg,,SBB,,qid: search,0
de,Trenitalia,,,,,,,,,,0
de,Wanderbahn im Regental e.V.,,,,,,,,,,0
de,ZSSK,Q304944,ČD,,,Ceske drahy-logo.svg,,Železničná spoločnosť Slovensko,,"qid: weak, 1 line vote(s)",0
de,ÖBB,,,,,,,,,,0
de,ČD,Q304944,ČD,,,Ceske drahy-logo.svg,,České dráhy,,"qid: weak, 1 line vote(s)",0
dk,Banedanmark,,,,,,,,infra,,0
dz,SNTF,Q1275038,SNTF,,,SNTF (logo).svg,,Société Nationale des Transports Ferroviaires,,qid: 4 line votes,0
dz,الشركة الوطنية للنقل بالسكك الحديدية,Q1275038,SNTF,,,SNTF (logo).svg,,Société Nationale des Transports Ferroviaires,,qid: 4 line votes,0
ee,Edelaraudtee Infrastruktuur,,,,,,,,infra,,0
ee,Eesti Raudtee,,,,,,,,infra,,0
es,Adif,,,,,,,,infra,,0
es,Adif AV,,,,,,,,infra,,0
es,Ayuntamiento de San Sebastian,,,,,,,,,,0
es,Eusko Trenbideak,Q149274,,,,Euskotren Trena.png,,,,qid: 3 line votes,0
es,Ferrocarrils de la Generalitat de Catalunya - FGC,Q83819,FGC,,,Ferrocarrils de la Generalitat de Catalunya logo (2019).svg,,,,"qid: weak, 1 line vote(s)",0
es,LFP Perthus,,,,,,,,infra,,0
es,Movasa,,,,,,,,,,0
es,Renfe / SNCF Voyageurs,,,,,,,Renfe;SNCF,,,0
es,Transportes Urbanos de Santander,,,,,,,,,,0
es,adif,,,,,,,,infra,,0
fi,Turun kaupunki,,,,,,,,,,0
fi,Väylävirasto,,,,,,,,infra,,0
fr,CFF,,,,,,,,,,0
fr,DB Fernverkehr,,,,,,,DB,,,0
fr,DB Fernverkehr AG,,,,,,,DB,,,0
fr,DB Regio AG Region Mitte,,,,,,,DB,,,0
fr,Eurotunnel,,,,,,,,infra,,0
fr,Eusko Trenbideak – Ferrocarriles Vascos,,,,,,,,,,0
fr,Groupe d'Etude pour les Chemins de fer de Provence,,,,,,,,,,0
fr,RDB Thonon,Q28942567,,,,,,,,"qid: weak, 1 line vote(s)",0
fr,Renfe,Q2476154,,,,Logotipo de Renfe Operadora (2005-2026).svg,,,,qid: 3 line votes,0
fr,SNCF Réseau,Q13646,SNCF,,,,,,infra,"qid: weak, 1 line vote(s)",0
fr,Syndicat Mixte des Stations du Mercantour,,,,,,,,,,0
fr,vlexx,,,,,,,,,,0
gb,Eurostar International Ltd,,,,,,,,,,0
gb,GTS Rail Operations,,,,,,,,,,0
gb,HS1 Ltd,,,,,,,,infra,,0
gb,Heathrow Airport Holdings,,,,,,,,infra,,0
gb,Irish Rail,,,,,,,,,,0
gb,Redcar & Cleveland BC,,,,,,,,,,0
gb,Thameslink Railway,Q18737011,,,,,,,,qid: 3 line votes,0
gb,Translink,Q1937120,,,,Logo NI Railways.svg,,,,qid: 3 line votes,0
ge,"სს ""საქართველოს რკინიგზა""",,,,,,,საქართველოს რკინიგზა,,,0
gr,ΕΟΤ,Q4148745,,,,,,,,qid: 3 line votes,0
gr,ΟΣΕ,,,,,,,,infra,,0
hk,RATP Dev Transdev Asia,,,,,,,,,,0
hk,山頂纜車有限公司 Peak Tramways Company Limited,Q11047626,,,,,,,,"qid: weak, 1 line vote(s)",0
hk,香港鐵路有限公司 MTR Corporation,Q1479375,,,,MTR Shenzhen logo.svg,,MTR Corporation,,qid: 39 line votes,0
hr,HŽ Infrastruktura,,,,,,,,infra,,0
hu,DB,Q304944,ČD,,,Ceske drahy-logo.svg,,,,"qid: weak, 1 line vote(s)",0
hu,GySĚV,,,,,,,GYSEV,,,0
hu,Magyar Államvasutak,,,,,,,MÁV,,,0
hu,MÁV SZESZA,Q1180332,,,,MÁV Személyszállítási Zrt.png,,MÁV,,qid: 9 line votes,0
hu,MÁV-START,,,,,,,MÁV,,,0
hu,MÁV-Start,Q1180332,,,,MÁV Személyszállítási Zrt.png,,MÁV,,qid: 244 line votes,0
hu,PKPIC,Q304944,ČD,,,Ceske drahy-logo.svg,,PKP Intercity,,"qid: weak, 1 line vote(s)",0
hu,START,Q304944,ČD,,,Ceske drahy-logo.svg,,,,"qid: weak, 2 line vote(s)",0
hu,Szegedi Közlekedési Kft.,Q1295391,,,,,,,,qid: 8 line votes,0
hu,ZSSK,Q304944,ČD,,,Ceske drahy-logo.svg,,Železničná spoločnosť Slovensko,,"qid: weak, 2 line vote(s)",0
hu,ÖBB-Personenverkehr AG,,,,,,,ÖBB,,,0
hu,ČD,Q304944,ČD,,,Ceske drahy-logo.svg,,České dráhy,,"qid: weak, 2 line vote(s)",0
hu,České dráhy,,,,,,,,,,0
hu,Србија Воз,,,,,,,,,,0
id,KAI,Q2745027,KAI,,,Logo PT Kereta Api Indonesia (Persero) 2020.svg,,Kereta Api Indonesia,,qid: 115 line votes,0
id,KAI Bandara,,,,,,,Kereta Api Indonesia,,,0
id,KAI Commuter,Q12501611,,,,Logo KAI Commuter.svg,,Kereta Api Indonesia,,qid: 31 line votes,0
id,Kereta api Indonesia,,,,,,,Kereta Api Indonesia,,,0
ie,Irish Rail,,,,,,,,,,0
ie,Translink,,,,,,,,,,0
in,CR,,,,,,,,,,0
in,Cental Railway,,,,,,,,,,0
in,Central Railways,Q3345408,CR,,,Central Railway Zone.svg,,Indian Railways,,qid: 10 line votes,0
in,ECR,,,,,,,,,,0
in,ER,,,,,,,,,,0
in,Eastern Railways,,,,,,,Indian Railways,,,0
in,IR,,,,,,,Indian Railways,,,0
in,Indian Railway,,,,,,,Indian Railways,,,0
in,Mumbai Metro,Q646414,,#034795,logo,Mmmocl-logo.svg,Public domain; MMMOCL,,,qid: hand,0
in,NFR,,,,,,,,,,0
in,North Eastern Railway (NER),,,,,,,,,,0
in,South Central Railways,,,,,,,Indian Railways,,,0
in,South Western Railways,Q3595518,,,,South Western Railway Zone (variant).svg,,Indian Railways,,"qid: weak, 1 line vote(s)",0
in,Southern Railways,Q3276096,,,,Southern Railway Zone.svg,,Indian Railways,,"qid: weak, 1 line vote(s)",0
in,Western Railways,Q3595151,,,,Western Railway Zone.svg,,Indian Railways,,qid: 5 line votes,0
ir,BonRail,,,,,,,,,,0
ir,Commuter,,,,,,,,,,0
ir,Pakistan Railways,Q918096,,,,,,,,"qid: weak, 1 line vote(s)",0
ir,RAI,,,,,,,,,,0
ir,RAJA,,,,,,,,,,0
it,DB Fernverkehr,,,,,,,DB,,,0
it,DB Fernverkehr AG,,,,,,,DB,,,0
it,European Sleeper,,,,,,,,,,0
it,FG,,,,,,,,,,0
it,FSE,Q1408050,,,,Ferrovie del Sud Est logo.svg,,,,"qid: weak, 2 line vote(s)",0
it,FUC Ferrovia Udine Cividale,Q3963332,,,,Fuclogo-atr110002.png,,,,"qid: weak, 2 line vote(s)",0
it,Ferrovie Del Sud Est e Servizi Automobilistici s.r.l,Q1408050,,,,Ferrovie del Sud Est logo.svg,,,,"qid: weak, 1 line vote(s)",0
it,Metronapoli,Q3601071,,,,ANM logo.svg,,,,qid: 3 line votes,0
it,SBB,,,,,,,,,,0
it,SNCF Voyageurs,Q133284884,,,,,,SNCF,,qid: 5 line votes,0
it,Schweizerische Bundesbahnen,,,,,,,SBB,,,0
it,ÖBB-Personenverkehr AG,Q83822,,#ED1834,wikidata,Logo ÖBB.svg,,ÖBB,,qid: 4 line votes,0
jp,Hiroshima Rapid Transit,Q847896,,,,Astram Logo.svg,,,,qid: 3 line votes,0
jp,JR Kyushu,Q498366,,,,JR logo (kyushu).svg,,,,qid: 4 line votes,0
jp,JR West,Q502125,JR West,,,JR logo (west).svg,,,,qid: 6 line votes,0
jp,JR東北線,,,,,,,,,,0
jp,JR東日本,Q499071,JR East,,,JR logo (east).svg,,,,qid: 4 line votes,0
jp,Kintetsu Corporation,Q1531085,,,,Kintetsu Logo full.svg,,,,qid: 3 line votes,0
jp,Meitetsu,Q30850,,#004EA2,logo,Meitetsu logomark 1.svg,Public domain; ButuCC,,,"qid: weak, 1 line vote(s); logo: squarer (category), was Meitetsu logo full.svg",0
jp,"Saitama New Urban Transit Co., Ltd.",Q11248603,SSK,,,Saitama New Urban Transit Logomark.svg,,,,qid: 3 line votes,0
jp,"Seibu Railway Company, Ltd.",Q83543,,,,SeibuRailway logo.svg,,,,qid: 3 line votes,0
jp,Tokyo Metro,Q682894,,#00467E,logo,Tokyo Metro logo.svg,Public domain; ™/®Tokyo Metro,,,"qid: 13 line votes; logo: squarer (icon), was Tokyo Metro logo (full).svg",0
jp,"Tokyo Tama Intercity Monorail Co., Ltd.",Q10856329,,,,Tama monorail.svg,,,,qid: 3 line votes,0
jp,WILLER TRAINS,Q19727758,,,,Logo Willer Trains.svg,,,,"qid: weak, 1 line vote(s)",0
jp,アイジーアールいわて銀河鉄道線,,,,,,,,,,0
jp,ラクテンチ,,,,,,,,,,0
jp,一般財団法人青函トンネル記念館,,,,,,,,,,0
jp,上毛電気鉃道,,,,,,,,,,0
jp,丹後海陸交通,,,,,,,,,,0
jp,京成電鉄株式会社,,,,,,,,,,0
jp,京福電気鉄道株式会社,Q3537126,,,,Keifuku logo.svg,,,,"qid: weak, 1 line vote(s)",0
jp,京都丹後鉄道,Q19727758,,,,Logo Willer Trains.svg,,,,qid: 7 line votes,0
jp,京都市営地下鉄,,,,,,,,,,0
jp,函館市企業局交通部,,,,,,,,,,0
jp,北陸鉄道株式会社,Q5878320,,,,,,,,"qid: weak, 2 line vote(s)",0
jp,十国峠,,,,,,,,,,0
jp,千葉都市モノレール株式会社,Q860578,,,,Chiba Urban Monorail Logo.svg,,,,qid: 5 line votes,0
jp,南海電鉄,Q1188230,,,,Nankai logo with its slogan.svg,,,,qid: 5 line votes,0
jp,叡山電鉄株式会社,,,,,,,,,,0
jp,土佐電氣鐵道株式會社,Q3537118,,,,Tosaden kotsu logo.png,,,,"qid: weak, 1 line vote(s)",0
jp,富士急行,Q116872861,,,,Fujikyu Railway Logo 1.svg,,,,qid: 3 line votes,0
jp,山万株式会社,Q11465832,,,,,,,,qid: 3 line votes,0
jp,広島電鉄株式会社,,,,,,,,,,0
jp,愛知高速交通株式会社,Q11073857,,,,Linimo logo.svg,,,,qid: 3 line votes,0
jp,札幌市交通局,Q5359399,,,,ST Logo.svg,,,,qid: 12 line votes,0
jp,東京メトロ,Q682894,,,,Tokyo Metro logo (full).svg,,Tokyo Metro,,qid: 3 line votes,0
jp,東京都交通局,Q1377135,,,,Tokyo Metropolitan Bureau of Transportation logo.svg,,,,qid: 22 line votes,0
jp,東日本旅客鉄道株式会社,Q499071,JR East,,,JR logo (east).svg,,,,qid: 5 line votes,0
jp,東海旅客鉄道株式会社,,,,,,,,,,0
jp,株式会社ゆりかもめ,Q11264508,,,,,,,,qid: 3 line votes,0
jp,横浜市交通局,Q8015416,,,,Yokohama City Transportation Emblem.svg,,,,qid: 4 line votes,0
jp,江ノ島電鉄株式会社,Q250760,,#005C3F,wikidata,EnoshimaElectricRailway logo full.svg,,,,"qid: weak, 1 line vote(s)",0
jp,沖縄都市モノレール株式会社,Q11553015,,,,Yuirail logo.svg,,,,"qid: weak, 2 line vote(s)",0
jp,熊本市交通局,Q900963,KCT,,,,,,,"qid: weak, 2 line vote(s)",0
jp,相模鉄道株式会社,Q845951,,,,SOTETSU logo.svg,,,,qid: 3 line votes,0
jp,神戸市交通局,Q5370905,,,,KCTB logomark.svg,,,,qid: 5 line votes,0
jp,福岡市交通局,Q27576993,,,,Fukuoka City Subway Logo.svg,,,,qid: 8 line votes,0
jp,箱根登山鉄道,Q604174,,,,,,,,"qid: weak, 1 line vote(s)",0
jp,西日本鉄道株式会社,Q869251,NNR,,,Nishitetsu logo vector.svg,,,,qid: 3 line votes,0
jp,西武鉄道株式会社,Q83543,,,,SeibuRailway logo.svg,,,,"qid: weak, 1 line vote(s)",0
jp,野岩鉄道株式会社,,,,,,,,,,0
jp,阪堺電車,Q2069534,,,,Nankai group logo.svg,,,,"qid: weak, 2 line vote(s)",0
jp,鞍馬寺,,,,,,,,,,0
jp,鹿児島市交通局,Q3537114,,,,,,,,qid: 3 line votes,0
kz,O'zbekiston temir yo'llari,,,,,,,,,,0
kz,«Қала маңы тасымалы» АҚ,,,,,,,Қазақстан темір жолы,,,0
kz,АО «ФПК»,,,,,,,,,,0
kz,ҚТЖ,,,,,,,Қазақстан темір жолы,,,0
lt,LTG Infra,,,,,,,,infra,,0
lu,DB Fernverkehr AG,,,,,,,DB,,,0
lu,NMBS/SNCB,,,,,,,,,,0
lu,Société Nationale des Chemins de Fer Luxembourgeois,,,,,,,CFL,,,0
lu,Société Nationale des Chemins de fer Luxembourgeois,,,,,,,CFL,,,0
lv,Latvijas dzelzceļš,,,,,,,,infra,,0
ma,ONCF,Q1815809,ONCF,,,Logo-oncf.png,,Office National des Chemins de Fer,,qid: 5 line votes,0
ma,ONCF المكتب الوطني للسكك الحديدية,,,,,,,Office National des Chemins de Fer,,,0
ma,المكتب الوطني للسكك الحديدية,Q1815809,ONCF,,,Logo-oncf.png,,Office National des Chemins de Fer,,qid: 3 line votes,0
md,CFM,Q142200,CFM,,,Logo of Calea Ferată din Moldova.png,,,,qid: hand,0
md,CFR,,,,,,,,,,0
md,Приднестровская железная дорога,,,,,,,,,,0
md,Укрзалізниця,Q923337,,,,Ukrzaliznytsya.svg,,,,"qid: weak, 1 line vote(s)",0
me,Željeznička infrastruktura Crne Gore,,,,,,,,infra,,0
me,Србија Воз,,,,,,,,,,0
mk,Македонски железници – Инфраструктура,,,,,,,,infra,,0
mx,Ferrocarril del Istmo de Tehuantepec,,,,,,,,,,0
my,Penang Hill Corporation,Q133855909,,,,,,,,"qid: weak, 1 line vote(s)",0
nl,European Sleeper,,,,,,,,,,0
nl,Eurostar International Ltd,,,,,,,,,,0
no,SJ AB,,,,,,,SJ,,,0
nz,Auckland One Rail,Q108501777,,,,,,,,qid: 9 line votes,0
nz,Dunedin City Council,,,,,,,,infra,,0
nz,Kiwirail,,,,,,,,,,0
nz,Transdev,,,,,,,,,,0
nz,Transdev Wellington,Q24088909,,,,,,,,qid: 3 line votes,0
nz,Waikato Regional Council,,,,,,,,,,0
pl,DB Fernverkehr AG,,,,,,,DB,,,0
pl,Deutsche Bahn,,,,,,,DB,,,0
pl,Deutsche Bahn AG,,,,,,,DB,,,0
pl,Die Länderbahn,Q315339,,,,Länderbahn logo.svg,,,,"qid: weak, 2 line vote(s)",0
pl,Görlitzer Verkehrbetriebe,,,,,,,,,,0
pl,Koleje Wielkopolskie sp. z o. o.,,,,,,,,,,0
pl,Niederbarnimer Eisenbahn Betriebsgesellschaft mbH,Q1438506,,,,Niederbarnimer Eisenbahn Logo 2025.svg,,,,"qid: weak, 1 line vote(s)",0
pl,START,Q304944,ČD,,,Ceske drahy-logo.svg,,MÁV,,"qid: weak, 1 line vote(s)",0
pl,ZSSK,Q304944,ČD,,,Ceske drahy-logo.svg,,Železničná spoločnosť Slovensko,,"qid: weak, 1 line vote(s)",0
pl,ZTM Poznań,,,,,,,,,,0
pl,ÖBB,,,,,,,,,,0
pl,České dráhy,Q304944,ČD,,,Ceske drahy-logo.svg,,,,qid: 6 line votes,0
pt,Berrelhas,,,,,,,,,,0
pt,Confraria do Bom Jesus do Monte,,,,,,,,,,0
pt,Câmara Municipal da Nazaré,,,,,,,,,,0
pt,Infraestruturas de Portugal,,,,,,,,infra,,0
pt,Renfe Operadora,Q81123,,,,Logo-Comboios-de-Portugal.svg,,Renfe,,"qid: weak, 1 line vote(s)",0
ro,CFM,Q142200,CFM,,,Logo of Calea Ferată din Moldova.png,,,,qid: hand,0
rs,Željeznički prevoz Crne Gore,,,,,,,,,,0
rs,Инфраструктура железнице Србије,,,,,,,,infra,,0
ru,O'zbekiston temir yo'llari,,,,,,,,,,0
ru,«Қала маңы тасымалы» АҚ,,,,,,,,,,0
ru,АО «Алтай-Пригород»,,,,,,,,,,0
ru,АО «БППК»,,,,,,,,,,0
ru,АО «Байкальская пригородная пассажирская компания»,,,,,,,,,,0
ru,АО «ВВППК»,Q1351775,,,,RZD.svg,,,,qid: 4 line votes,0
ru,АО «Забайкальская пригородная пассажирская компания»,,,,,,,,,,0
ru,АО «КППК»,,,,,,,,,,0
ru,АО «КрасПригород»,,,,,,,,,,0
ru,АО «Кубань Экспресс-Пригород»,,,,,,,,,,0
ru,АО «Кузбасс-пригород»,,,,,,,,,,0
ru,АО «МТППК»,Q4504137,CPPK,,,,,,,"qid: weak, 2 line vote(s)",0
ru,АО «Омск-пригород»,,,,,,,,,,0
ru,АО «ППК «Черноземье»,,,,,,,,,,0
ru,АО «Пермская пригородная компания»,,,,,,,,,,0
ru,АО «СЗППК»,,,,,,,,,,0
ru,АО «СКППК»,,,,,,,,,,0
ru,АО «СППК»,,,,,,,,,,0
ru,АО «Самарская ППК»,,,,,,,,,,0
ru,АО «Саратовская пригородная пассажирская компания»,,,,,,,,,,0
ru,АО «Свердловская пригородная компания»,,,,,,,,,,0
ru,АО «ФПК»,Q4481674,,,,Federalpkrzd.png,,РЖД,,qid: 4 line votes,0
ru,АО «ЦППК»,Q4504137,CPPK,,,,,,,qid: 34 line votes,0
ru,АО «Экспресс Приморья»,,,,,,,,,,0
ru,АО «Экспресс-пригород»,,,,,,,,,,0
ru,АО ППК «Содружество»,,,,,,,,,,0
ru,АО Пассажирская компания «Сахалин»,,,,,,,,,,0
ru,ДОСС,,,,,,,,,,0
ru,МУП «ИжГЭТ»,,,,,,,,,,0
ru,Мелитопольская-Херсонская железная дорога,,,,,,,РЖД,,,0
ru,"ОАО ""РЖД""",Q4481674,,,,Federalpkrzd.png,,РЖД,,"qid: weak, 1 line vote(s)",0
ru,ОАО «Аэроэкспресс»,,,,,,,,,,0
ru,ОАО «БППК»,,,,,,,,,,0
ru,ОАО «Волгоградтранспригород»,,,,,,,,,,0
ru,ОАО «СЗППК»,,,,,,,,,,0
ru,ОАО «ЦППК»,,,,,,,,,,0
ru,ООО «ЮППК»,,,,,,,,,,0
ru,РЖД,Q660770,RZD,#C5151C,logo,RZD.svg,Public domain; Влад Ермолаев (креативный директор BBDO Branding в 2006-08 годах),,,"qid: hand; logo: hand, kept the wide one (the squarer CHS4 (ЧС4) 25 electric locomotive, Russian Railways logo (5051121326).jpg is a photo of a locomotive)",0
ru,Российские железные дороги,Q660770,RZD,,,RZD.svg,,РЖД,,"qid: weak, 1 line vote(s)",0
se,IBAB,,,,,,,,,,0
si,GYSEV,,,,,,,,,,0
si,Javni zavod Ljubljanski grad,,,,,,,,,,0
si,Slovenske železnice,,,,,,,,,,0
si,SŽ-Infrastruktura,,,,,,,,infra,,0
si,Škocjanske Jame,,,,,,,,,,0
sk,DB,Q304944,ČD,,,Ceske drahy-logo.svg,,,,"qid: weak, 1 line vote(s)",0
sk,Magyar Államvasutak,,,,,,,MÁV,,,0
sk,PKPIC,Q304944,ČD,,,Ceske drahy-logo.svg,,PKP Intercity,,"qid: weak, 1 line vote(s)",0
sk,START,Q304944,ČD,,,Ceske drahy-logo.svg,,MÁV,,"qid: weak, 2 line vote(s)",0
sk,ČD,Q304944,ČD,,,Ceske drahy-logo.svg,,České dráhy,,"qid: weak, 2 line vote(s)",0
th,SRT,,,,,,,,,,0
th,SRTET,,,,,,,,,,0
th,เอเชียเอราวัน,Q2165702,,,,,,,,qid: 3 line votes,0
tn,SNCFT,,,,,,,Société Nationale des Chemins de Fer Tunisiens,,,0
tr,TCDD,,,,,,,,infra,,0
tw,新北捷運股份有限公司,Q30948748,,,,,,,,"qid: weak, 1 line vote(s)",0
tw,臺灣鐵路管理局,,,,,,,Taiwan Railway Corporation,,,0
ua,PKP Intercity,,,,,,,,,,0
ua,Ukrainian Railways,Q923337,,#2B2D7F,logo,Ukrzaliznytsya.svg,Public domain; Укрзалізниця,,,qid: hand,0
ua,Železničná spoločnosť Slovensko,,,,,,,,,,0
ua,"КП ""КиївПасТранс""",Q12110155,,,,Kyivpastrans blue 01.png,,,,"qid: weak, 1 line vote(s)",0
ua,КП «Київпастранс»,Q923337,,,,Ukrzaliznytsya.svg,,,,"qid: weak, 1 line vote(s)",0
ua,Південна Залізниця,,,,,,,Ukrainian Railways,,,0
ua,Укзалізниця,Q923337,,,,Ukrzaliznytsya.svg,,Ukrainian Railways,,"qid: weak, 1 line vote(s)",0
ua,Укрзалізниця,Q923337,,,,Ukrzaliznytsya.svg,,Ukrainian Railways,,qid: 25 line votes,0
us,Austin Western Railroad (CapMetro),,,,,,,,infra,,0
us,Bay Colony Railroad,,,,,,,,infra,,0
us,Belt Railway of Chicago,,,,,,,,infra,,0
us,Buckingham Branch Railroad,,,,,,,,infra,,0
us,Canadian National,,,,,,,,infra,,0
us,Central Maine and Quebec,,,,,,,,infra,,0
us,Clarendon and Pittsford Railroad,,,,,,,,infra,,0
us,Conrail Shared Assets,,,,,,,,infra,,0
us,DGNO,,,,,,,,infra,,0
us,Denton County Transportation Authority,Q5259601,,,,DCTA logo.svg,,,,qid: 4 line votes,0
us,Kansas City Terminal Railway,,,,,,,,infra,,0
us,MTA New York City Transit,Q1146109,,,,MTA NYC logo.svg,,Metropolitan Transportation Authority,,qid: 3 line votes,0
us,MassDOT,,,,,,,,infra,,0
us,Massachusetts Coastal Railroad,,,,,,,,infra,,0
us,Minnesota Commercial Railway,,,,,,,,infra,,0
us,NICTD,,,,,,,,,,0
us,New England Central Railroad,,,,,,,,infra,,0
us,New Mexico Department of Transportation,,,,,,,,infra,,0
us,Pan Am Southern,,,,,,,,infra,,0
us,Port Authority of Allegheny County,,,,,,,,,,0
us,Portland and Western Railroad,,,,,,,,infra,,0
us,Sonoma-Marin Area Rail Transit District,,,,,,,,,,0
us,Tacoma Rail,,,,,,,,infra,,0
us,Terminal Railroad Association of St. Louis,,,,,,,,infra,,0
us,The Alaska Railroad,,,,,,,,,,0
us,TransitAmerica Services,Q7834325,,,,,,,,qid: 4 line votes,0
us,Vermont Railway,,,,,,,,infra,,0
us,Virginia Passenger Rail Authority,,,,,,,,infra,,0
uz,O'zbekiston temir yo'llari,,,,,,,,,,0
xk,Infrakos,,,,,,,,infra,,0
za,Kei Rail,,,,,,,,,,0
za,Transnet Freight Rail,,,,,,,,infra,,0
