line,operator,colour,source,url,note
Батецкая — Дно,Октябрьская железная дорога,#D7263D,picked,,Октябрьская железная дорога: one red per regional railway
Батецкая — Луга I,Октябрьская железная дорога,#D7263D,picked,,Октябрьская железная дорога: one red per regional railway
Беломорск — Кандалакша,Октябрьская железная дорога,#D7263D,picked,,Октябрьская железная дорога: one red per regional railway
Беломорск — Маленьга,Октябрьская железная дорога,#D7263D,picked,,Октябрьская железная дорога: one red per regional railway
Белоостров — Выборг (через ст. Кирилловское),Октябрьская железная дорога,#D7263D,picked,,Октябрьская железная дорога: one red per regional railway
Бологое-Московское — Лихославль,Октябрьская железная дорога,#D7263D,picked,,Октябрьская железная дорога: one red per regional railway
Бологое-Московское — Сонково,Октябрьская железная дорога,#D7263D,picked,,Октябрьская железная дорога: one red per regional railway
Броневая — Шоссейная,Октябрьская железная дорога,#D7263D,picked,,Октябрьская железная дорога: one red per regional railway
Брусничная — Лендеры,Октябрьская железная дорога,#D7263D,picked,,Октябрьская железная дорога: one red per regional railway
Веймарн — Ивангород-Нарвский,Октябрьская железная дорога,#D7263D,picked,,Октябрьская железная дорога: one red per regional railway
Веймарн — Сланцы,Октябрьская железная дорога,#D7263D,picked,,Октябрьская железная дорога: one red per regional railway
Великие Луки — Новосокольники,Октябрьская железная дорога,#D7263D,picked,,Октябрьская железная дорога: one red per regional railway
Великие Луки — Соблаго,Октябрьская железная дорога,#D7263D,picked,,Октябрьская железная дорога: one red per regional railway
Великий Новгород — Батецкая,Октябрьская железная дорога,#D7263D,picked,,Октябрьская железная дорога: one red per regional railway
Владимирская — Новолисино,Октябрьская железная дорога,#D7263D,picked,,Октябрьская железная дорога: one red per regional railway
Волховстрой I — Волховстрой II,Октябрьская железная дорога,#D7263D,picked,,Октябрьская железная дорога: one red per regional railway
Волховстрой I — Ирса,Октябрьская железная дорога,#D7263D,picked,,Октябрьская железная дорога: one red per regional railway
Волховстрой II — Лодейное Поле (перев.),Октябрьская железная дорога,#D7263D,picked,,Октябрьская железная дорога: one red per regional railway
Волховстрой II — Подборовье,Октябрьская железная дорога,#D7263D,picked,,Октябрьская железная дорога: one red per regional railway
Выборг — Бусловская,Октябрьская железная дорога,#D7263D,picked,,Октябрьская железная дорога: one red per regional railway
Выборг — Каменногорск,Октябрьская железная дорога,#D7263D,picked,,Октябрьская железная дорога: one red per regional railway
Вырица — Поселок,Октябрьская железная дорога,#D7263D,picked,,Октябрьская железная дорога: one red per regional railway
Гатчина-Варшавская — Гатчина-Товарная-Балтийская,Октябрьская железная дорога,#D7263D,picked,,Октябрьская железная дорога: one red per regional railway
Гатчина-Варшавская — Луга I,Октябрьская железная дорога,#D7263D,picked,,Октябрьская железная дорога: one red per regional railway
Гатчина-Товарная-Балтийская — Веймарн,Октябрьская железная дорога,#D7263D,picked,,Октябрьская железная дорога: one red per regional railway
Гатчина-Товарная-Балтийская — Владимирская (для Местного Сообщения),Октябрьская железная дорога,#D7263D,picked,,Октябрьская железная дорога: one red per regional railway
Горы — Мга,Октябрьская железная дорога,#D7263D,picked,,Октябрьская железная дорога: one red per regional railway
Горы — Обухово,Октябрьская железная дорога,#D7263D,picked,,Октябрьская железная дорога: one red per regional railway
Дно — Бологое-Московское,Октябрьская железная дорога,#D7263D,picked,,Октябрьская железная дорога: one red per regional railway
Дно — Новосокольники,Октябрьская железная дорога,#D7263D,picked,,Октябрьская железная дорога: one red per regional railway
Дно — Псков-Пассажирский,Октябрьская железная дорога,#D7263D,picked,,Октябрьская железная дорога: one red per regional railway
Заневский Пост — Горы,Октябрьская железная дорога,#D7263D,picked,,Октябрьская железная дорога: one red per regional railway
Земцы — Жарковский,Октябрьская железная дорога,#D7263D,picked,,Октябрьская железная дорога: one red per regional railway
Ирса — Чудово-Московское,Октябрьская железная дорога,#D7263D,picked,,Октябрьская железная дорога: one red per regional railway
Кабожа — Сонково,Октябрьская железная дорога,#D7263D,picked,,Октябрьская железная дорога: one red per regional railway
Калязин-Пост — Савелово,Октябрьская железная дорога,#D7263D,picked,,Октябрьская железная дорога: one red per regional railway
Калязин-Пост — Углич (через ст. Калязин),Октябрьская железная дорога,#D7263D,picked,,Октябрьская железная дорога: one red per regional railway
Кандалакша — Кола,Октябрьская железная дорога,#D7263D,picked,,Октябрьская железная дорога: one red per regional railway
Кобралово — Владимирская (для Местного Сообщения),Октябрьская железная дорога,#D7263D,picked,,Октябрьская железная дорога: one red per regional railway
Кола — Мурманск (перев.),Октябрьская железная дорога,#D7263D,picked,,Октябрьская железная дорога: one red per regional railway
Ланская — Белоостров (через ст. Парголово),Октябрьская железная дорога,#D7263D,picked,,Октябрьская железная дорога: one red per regional railway
Ланская — Белоостров (через ст. Сестрорецк),Октябрьская железная дорога,#D7263D,picked,,Октябрьская железная дорога: one red per regional railway
Ледмозеро II — Кочкома,Октябрьская железная дорога,#D7263D,picked,,Октябрьская железная дорога: one red per regional railway
Ледмозеро — Кивиярви,Октябрьская железная дорога,#D7263D,picked,,Октябрьская железная дорога: one red per regional railway
Лигово — Гатчина-Товарная-Балтийская,Октябрьская железная дорога,#D7263D,picked,,Октябрьская железная дорога: one red per regional railway
Лигово — Калище (через ст. Котлы),Октябрьская железная дорога,#D7263D,picked,,Октябрьская железная дорога: one red per regional railway
Лихославль — Тверь,Октябрьская железная дорога,#D7263D,picked,,Октябрьская железная дорога: one red per regional railway
Лодейное Поле — Петрозаводск,Октябрьская железная дорога,#D7263D,picked,,Октябрьская железная дорога: one red per regional railway
Лоухи — Пяозеро,Октябрьская железная дорога,#D7263D,picked,,Октябрьская железная дорога: one red per regional railway
Луга I — Псков-Пассажирский,Октябрьская железная дорога,#D7263D,picked,,Октябрьская железная дорога: one red per regional railway
Мга — Волховстрой I,Октябрьская железная дорога,#D7263D,picked,,Октябрьская железная дорога: one red per regional railway
Мга — Невдубстрой,Октябрьская железная дорога,#D7263D,picked,,Октябрьская железная дорога: one red per regional railway
Мельничный Ручей — Ладожское Озеро,Октябрьская железная дорога,#D7263D,picked,,Октябрьская железная дорога: one red per regional railway
Неболчи — Кабожа,Октябрьская железная дорога,#D7263D,picked,,Октябрьская железная дорога: one red per regional railway
Невель I — Великие Луки,Октябрьская железная дорога,#D7263D,picked,,Октябрьская железная дорога: one red per regional railway
Невель I — Клястица,Октябрьская железная дорога,#D7263D,picked,,Октябрьская железная дорога: one red per regional railway
Невель II — Завережье,Октябрьская железная дорога,#D7263D,picked,,Октябрьская железная дорога: one red per regional railway
Невель II — Невель I,Октябрьская железная дорога,#D7263D,picked,,Октябрьская железная дорога: one red per regional railway
Невель II — Новосокольники,Октябрьская железная дорога,#D7263D,picked,,Октябрьская железная дорога: one red per regional railway
Новолисино — Великий Новгород,Октябрьская железная дорога,#D7263D,picked,,Октябрьская железная дорога: one red per regional railway
Новолисино — Стекольный (для Местного Сообщения),Октябрьская железная дорога,#D7263D,picked,,Октябрьская железная дорога: one red per regional railway
Новосокольники — Посинь (рзд),Октябрьская железная дорога,#D7263D,picked,,Октябрьская железная дорога: one red per regional railway
Обухово — Ручьи,Октябрьская железная дорога,#D7263D,picked,,Октябрьская железная дорога: one red per regional railway
Обухово — Чудово-Московское,Октябрьская железная дорога,#D7263D,picked,,Октябрьская железная дорога: one red per regional railway
Овинище II (пп) — Весьегонск,Октябрьская железная дорога,#D7263D,picked,,Октябрьская железная дорога: one red per regional railway
Окуловка — Бологое-Московское,Октябрьская железная дорога,#D7263D,picked,,Октябрьская железная дорога: one red per regional railway
Окуловка — Неболчи,Октябрьская железная дорога,#D7263D,picked,,Октябрьская железная дорога: one red per regional railway
Павловск — Батецкая,Октябрьская железная дорога,#D7263D,picked,,Октябрьская железная дорога: one red per regional railway
Павловск — Новолисино,Октябрьская железная дорога,#D7263D,picked,,Октябрьская железная дорога: one red per regional railway
Петрозаводск — Беломорск,Октябрьская железная дорога,#D7263D,picked,,Октябрьская железная дорога: one red per regional railway
Петрозаводск — Суоярви I,Октябрьская железная дорога,#D7263D,picked,,Октябрьская железная дорога: one red per regional railway
Пискаревка — Ржевка,Октябрьская железная дорога,#D7263D,picked,,Октябрьская железная дорога: one red per regional railway
Пискаревка — Ручьи,Октябрьская железная дорога,#D7263D,picked,,Октябрьская железная дорога: one red per regional railway
Подборовье — Кошта,Октябрьская железная дорога,#D7263D,picked,,Октябрьская железная дорога: one red per regional railway
Посадниково — Ирса,Октябрьская железная дорога,#D7263D,picked,,Октябрьская железная дорога: one red per regional railway
Посадниково — Мга,Октябрьская железная дорога,#D7263D,picked,,Октябрьская железная дорога: one red per regional railway
Посадниково — Неболчи,Октябрьская железная дорога,#D7263D,picked,,Октябрьская железная дорога: one red per regional railway
Псков-Пассажирский — Печоры-Псковские,Октябрьская железная дорога,#D7263D,picked,,Октябрьская железная дорога: one red per regional railway
Решетниково — Конаково ГРЭС,Октябрьская железная дорога,#D7263D,picked,,Октябрьская железная дорога: one red per regional railway
Ржев-Балтийский — Великие Луки,Октябрьская железная дорога,#D7263D,picked,,Октябрьская железная дорога: one red per regional railway
Ржев-Балтийский — Шаховская,Октябрьская железная дорога,#D7263D,picked,,Октябрьская железная дорога: one red per regional railway
Ржев-Белорусский — Осуга,Октябрьская железная дорога,#D7263D,picked,,Октябрьская железная дорога: one red per regional railway
Ржев-Белорусский — Ржев-Балтийский,Октябрьская железная дорога,#D7263D,picked,,Октябрьская железная дорога: one red per regional railway
Ржевка — Невская Дубровка,Октябрьская железная дорога,#D7263D,picked,,Октябрьская железная дорога: one red per regional railway
Ручьи — Парголово,Октябрьская железная дорога,#D7263D,picked,,Октябрьская железная дорога: one red per regional railway
Ручьи — Хийтола,Октябрьская железная дорога,#D7263D,picked,,Октябрьская железная дорога: one red per regional railway
Санкт-Петербург-Балтийский (эксп.) — Лигово,Октябрьская железная дорога,#D7263D,picked,,Октябрьская железная дорога: one red per regional railway
Санкт-Петербург-Витебский — Шушары (эксп.),Октябрьская железная дорога,#D7263D,picked,,Октябрьская железная дорога: one red per regional railway
Санкт-Петербург-Главный — Обухово,Октябрьская железная дорога,#D7263D,picked,,Октябрьская железная дорога: one red per regional railway
Санкт-Петербург-Товарный-Витебский — Шушары,Октябрьская железная дорога,#D7263D,picked,,Октябрьская железная дорога: one red per regional railway
Санкт-Петербург-Финляндский — Ланская,Октябрьская железная дорога,#D7263D,picked,,Октябрьская железная дорога: one red per regional railway
Соблаго — Бологое-Московское,Октябрьская железная дорога,#D7263D,picked,,Октябрьская железная дорога: one red per regional railway
Соблаго — Торжок,Октябрьская железная дорога,#D7263D,picked,,Октябрьская железная дорога: one red per regional railway
Сонково — Калязин-Пост,Октябрьская железная дорога,#D7263D,picked,,Октябрьская железная дорога: one red per regional railway
Суоярви I — Юшкозеро,Октябрьская железная дорога,#D7263D,picked,,Октябрьская железная дорога: one red per regional railway
Суоярви I — Янисъярви,Октябрьская железная дорога,#D7263D,picked,,Октябрьская железная дорога: one red per regional railway
Тверь — Ховрино,Октябрьская железная дорога,#D7263D,picked,,Октябрьская железная дорога: one red per regional railway
Тихвин — Будогощь (для Местного Сообщения),Октябрьская железная дорога,#D7263D,picked,,Октябрьская железная дорога: one red per regional railway
Торжок — Лихославль,Октябрьская железная дорога,#D7263D,picked,,Октябрьская железная дорога: one red per regional railway
Торжок — Ржев-Белорусский,Октябрьская железная дорога,#D7263D,picked,,Октябрьская железная дорога: one red per regional railway
Тосно — Шапки,Октябрьская железная дорога,#D7263D,picked,,Октябрьская железная дорога: one red per regional railway
Угловка — Боровичи,Октябрьская железная дорога,#D7263D,picked,,Октябрьская железная дорога: one red per regional railway
Ушково — Выборг (через ст. Приморск),Октябрьская железная дорога,#D7263D,picked,,Октябрьская железная дорога: one red per regional railway
Фрезерный — Разъезд 47 км,Октябрьская железная дорога,#D7263D,picked,,Октябрьская железная дорога: one red per regional railway
Харлу — Лодейное Поле,Октябрьская железная дорога,#D7263D,picked,,Октябрьская железная дорога: one red per regional railway
Хийтола — Светогорск,Октябрьская железная дорога,#D7263D,picked,,Октябрьская железная дорога: one red per regional railway
Хийтола — Янисъярви,Октябрьская железная дорога,#D7263D,picked,,Октябрьская железная дорога: one red per regional railway
Ховрино — Москва-Пассажирская,Октябрьская железная дорога,#D7263D,picked,,Октябрьская железная дорога: one red per regional railway
Чудово-Московское — Великий Новгород,Октябрьская железная дорога,#D7263D,picked,,Октябрьская железная дорога: one red per regional railway
Чудово-Московское — Окуловка,Октябрьская железная дорога,#D7263D,picked,,Октябрьская железная дорога: one red per regional railway
Шоссейная — Гатчина-Варшавская,Октябрьская железная дорога,#D7263D,picked,,Октябрьская железная дорога: one red per regional railway
Шушары — Павловск,Октябрьская железная дорога,#D7263D,picked,,Октябрьская железная дорога: one red per regional railway
Янисъярви — Питкяранта,Октябрьская железная дорога,#D7263D,picked,,Октябрьская железная дорога: one red per regional railway
Голубево — Дзержинская-Новая (соединительная Линия),Калининградская железная дорога,#CC3D8C,picked,,Калининградская железная дорога: one magenta per regional railway
Калининград-Пассажирский — Багратионовск,Калининградская железная дорога,#CC3D8C,picked,,Калининградская железная дорога: one magenta per regional railway
Калининград-Пассажирский — Балтийск (через ст. Приморск-Новый),Калининградская железная дорога,#CC3D8C,picked,,Калининградская железная дорога: one magenta per regional railway
Калининград-Пассажирский — Мамоново,Калининградская железная дорога,#CC3D8C,picked,,Калининградская железная дорога: one magenta per regional railway
Калининград-Пассажирский — Черняховск,Калининградская железная дорога,#CC3D8C,picked,,Калининградская железная дорога: one magenta per regional railway
Калининград-Северный — Киевская,Калининградская железная дорога,#CC3D8C,picked,,Калининградская железная дорога: one magenta per regional railway
Калининград-Северный — Приморск-Новый (через ст. Пионерский Курорт),Калининградская железная дорога,#CC3D8C,picked,,Калининградская железная дорога: one magenta per regional railway
Кутузово-Новое — Пионерский Курорт,Калининградская железная дорога,#CC3D8C,picked,,Калининградская железная дорога: one magenta per regional railway
Нестеров — Краснолесье,Калининградская железная дорога,#CC3D8C,picked,,Калининградская железная дорога: one magenta per regional railway
Советск — Калининград-Пассажирский,Калининградская железная дорога,#CC3D8C,picked,,Калининградская железная дорога: one magenta per regional railway
Советск — Неман-Новый,Калининградская железная дорога,#CC3D8C,picked,,Калининградская железная дорога: one magenta per regional railway
Черняховск — Железнодорожный,Калининградская железная дорога,#CC3D8C,picked,,Калининградская железная дорога: one magenta per regional railway
Черняховск — Нестеров,Калининградская железная дорога,#CC3D8C,picked,,Калининградская железная дорога: one magenta per regional railway
Александров — Бельково,Московская железная дорога,#2F7FD8,picked,,Московская железная дорога: one blue per regional railway
Арбузово — Льгов-Киевский,Московская железная дорога,#2F7FD8,picked,,Московская железная дорога: one blue per regional railway
Арбузово — Семинарская,Московская железная дорога,#2F7FD8,picked,,Московская железная дорога: one blue per regional railway
Бекасово I — Кубинка I,Московская железная дорога,#2F7FD8,picked,,Московская железная дорога: one blue per regional railway
Бекасово I — Столбовая,Московская железная дорога,#2F7FD8,picked,,Московская железная дорога: one blue per regional railway
Бекасово I — Тихонова Пустынь,Московская железная дорога,#2F7FD8,picked,,Московская железная дорога: one blue per regional railway
Бельково — Орехово-Зуево,Московская железная дорога,#2F7FD8,picked,,Московская железная дорога: one blue per regional railway
Бескудниково — Икша,Московская железная дорога,#2F7FD8,picked,,Московская железная дорога: one blue per regional railway
Блокпост 204 км — Рязань II,Московская железная дорога,#2F7FD8,picked,,Московская железная дорога: one blue per regional railway
Болшево — Фрязино-Пассажирская,Московская железная дорога,#2F7FD8,picked,,Московская железная дорога: one blue per regional railway
Брянск-Льговский — Брянск-Орловский,Московская железная дорога,#2F7FD8,picked,,Московская железная дорога: one blue per regional railway
Брянск-Льговский — Навля,Московская железная дорога,#2F7FD8,picked,,Московская железная дорога: one blue per regional railway
Брянск-Льговский — Орел,Московская железная дорога,#2F7FD8,picked,,Московская железная дорога: one blue per regional railway
Брянск-Льговский — Унеча,Московская железная дорога,#2F7FD8,picked,,Московская железная дорога: one blue per regional railway
Брянск-Орловский — Брянск-Восточный,Московская железная дорога,#2F7FD8,picked,,Московская железная дорога: one blue per regional railway
Брянск-Орловский — Рославль I,Московская железная дорога,#2F7FD8,picked,,Московская железная дорога: one blue per regional railway
Брянск-Орловский — Фаянсовая,Московская железная дорога,#2F7FD8,picked,,Московская железная дорога: one blue per regional railway
Вербилки — Дубна,Московская железная дорога,#2F7FD8,picked,,Московская железная дорога: one blue per regional railway
Верховье — Елец,Московская железная дорога,#2F7FD8,picked,,Московская железная дорога: one blue per regional railway
Верховье — Мармыжи,Московская железная дорога,#2F7FD8,picked,,Московская железная дорога: one blue per regional railway
Волово — Ефремов,Московская железная дорога,#2F7FD8,picked,,Московская железная дорога: one blue per regional railway
Воскресенск — Ильинский Погост (через ст. Егорьевск II),Московская железная дорога,#2F7FD8,picked,,Московская железная дорога: one blue per regional railway
"Воскресенск — Ильинский Погост (через ст. Лопатино, Берендино)",Московская железная дорога,#2F7FD8,picked,,Московская железная дорога: one blue per regional railway
Воскресенск — Рыбное,Московская железная дорога,#2F7FD8,picked,,Московская железная дорога: one blue per regional railway
Вязьма — Вязьма-Брянская,Московская железная дорога,#2F7FD8,picked,,Московская железная дорога: one blue per regional railway
Вязьма — Духовская,Московская железная дорога,#2F7FD8,picked,,Московская железная дорога: one blue per regional railway
Вязьма — Осуга,Московская железная дорога,#2F7FD8,picked,,Московская железная дорога: one blue per regional railway
Голицыно — Звенигород,Московская железная дорога,#2F7FD8,picked,,Московская железная дорога: one blue per regional railway
Голутвин — Озеры,Московская железная дорога,#2F7FD8,picked,,Московская железная дорога: one blue per regional railway
Горбачево — Орел,Московская железная дорога,#2F7FD8,picked,,Московская железная дорога: one blue per regional railway
Дедилово — Маклец,Московская железная дорога,#2F7FD8,picked,,Московская железная дорога: one blue per regional railway
Дмитров — Пут. Пост 81 км,Московская железная дорога,#2F7FD8,picked,,Московская железная дорога: one blue per regional railway
Дмитров — Савелово,Московская железная дорога,#2F7FD8,picked,,Московская железная дорога: one blue per regional railway
Домодедово — Аэропорт-Домодедово,Московская железная дорога,#2F7FD8,picked,,Московская железная дорога: one blue per regional railway
Духовская — Смоленск,Московская железная дорога,#2F7FD8,picked,,Московская железная дорога: one blue per regional railway
Жилево — Ожерелье,Московская железная дорога,#2F7FD8,picked,,Московская железная дорога: one blue per regional railway
Жилево — Яганово,Московская железная дорога,#2F7FD8,picked,,Московская железная дорога: one blue per regional railway
Занозная — Вязьма-Брянская,Московская железная дорога,#2F7FD8,picked,,Московская железная дорога: one blue per regional railway
Занозная — Духовская,Московская железная дорога,#2F7FD8,picked,,Московская железная дорога: one blue per regional railway
Занозная — Фаянсовая,Московская железная дорога,#2F7FD8,picked,,Московская железная дорога: one blue per regional railway
Икша — Дмитров,Московская железная дорога,#2F7FD8,picked,,Московская железная дорога: one blue per regional railway
Ильинский Погост — Куровская,Московская железная дорога,#2F7FD8,picked,,Московская железная дорога: one blue per regional railway
Кашира-Пассажирская — Кашира-Товарная,Московская железная дорога,#2F7FD8,picked,,Московская железная дорога: one blue per regional railway
Козелкино — Брянск-Льговский,Московская железная дорога,#2F7FD8,picked,,Московская железная дорога: one blue per regional railway
Козелкино — Урицкий,Московская железная дорога,#2F7FD8,picked,,Московская железная дорога: one blue per regional railway
Колодня — Рославль I,Московская железная дорога,#2F7FD8,picked,,Московская железная дорога: one blue per regional railway
Коломенское — Михнево,Московская железная дорога,#2F7FD8,picked,,Московская железная дорога: one blue per regional railway
Кривандино — Рязановка,Московская железная дорога,#2F7FD8,picked,,Московская железная дорога: one blue per regional railway
Кромская — Семинарская,Московская железная дорога,#2F7FD8,picked,,Московская железная дорога: one blue per regional railway
Кубинка I — Вязьма,Московская железная дорога,#2F7FD8,picked,,Московская железная дорога: one blue per regional railway
Кузмичевка — Лужки-Орловские,Московская железная дорога,#2F7FD8,picked,,Московская железная дорога: one blue per regional railway
Кунцево II — Ромашково (рзд),Московская железная дорога,#2F7FD8,picked,,Московская железная дорога: one blue per regional railway
Куровская — Орехово-Зуево,Московская железная дорога,#2F7FD8,picked,,Московская железная дорога: one blue per regional railway
Куровская — Черусти,Московская железная дорога,#2F7FD8,picked,,Московская железная дорога: one blue per regional railway
Курск — Льгов-Киевский,Московская железная дорога,#2F7FD8,picked,,Московская железная дорога: one blue per regional railway
Курск — Мармыжи,Московская железная дорога,#2F7FD8,picked,,Московская железная дорога: one blue per regional railway
Кусково — Орехово-Зуево,Московская железная дорога,#2F7FD8,picked,,Московская железная дорога: one blue per regional railway
Кустаревка — Морсово,Московская железная дорога,#2F7FD8,picked,,Московская железная дорога: one blue per regional railway
Лесной Городок — Аэропорт,Московская железная дорога,#2F7FD8,picked,,Московская железная дорога: one blue per regional railway
Листвянка — Гавердово,Московская железная дорога,#2F7FD8,picked,,Московская железная дорога: one blue per regional railway
Лосиноостровская — Пут. Пост 81 км,Московская железная дорога,#2F7FD8,picked,,Московская железная дорога: one blue per regional railway
Льгов-Киевский — Глушково,Московская железная дорога,#2F7FD8,picked,,Московская железная дорога: one blue per regional railway
Люберцы I — Воскресенск,Московская железная дорога,#2F7FD8,picked,,Московская железная дорога: one blue per regional railway
Люберцы I — Куровская,Московская железная дорога,#2F7FD8,picked,,Московская железная дорога: one blue per regional railway
Люблино-Сортировочное — Столбовая,Московская железная дорога,#2F7FD8,picked,,Московская железная дорога: one blue per regional railway
Манихино I — Манихино II,Московская железная дорога,#2F7FD8,picked,,Московская железная дорога: one blue per regional railway
Манихино I — Шаховская,Московская железная дорога,#2F7FD8,picked,,Московская железная дорога: one blue per regional railway
Манихино II — Кубинка I,Московская железная дорога,#2F7FD8,picked,,Московская железная дорога: one blue per regional railway
Манихино II — Поварово II,Московская железная дорога,#2F7FD8,picked,,Московская железная дорога: one blue per regional railway
Мармыжи — Касторная-Курская,Московская железная дорога,#2F7FD8,picked,,Московская железная дорога: one blue per regional railway
Михнево — Жилево,Московская железная дорога,#2F7FD8,picked,,Московская железная дорога: one blue per regional railway
Михнево — Яганово,Московская железная дорога,#2F7FD8,picked,,Московская железная дорога: one blue per regional railway
Монино — Фрязево,Московская железная дорога,#2F7FD8,picked,,Московская железная дорога: one blue per regional railway
Москва-Бутырская — Бескудниково,Московская железная дорога,#2F7FD8,picked,,Московская железная дорога: one blue per regional railway
Москва-Пассажирская-Казанская — Перово,Московская железная дорога,#2F7FD8,picked,,Московская железная дорога: one blue per regional railway
Москва-Пассажирская-Киевская — Москва-Сортировочная-Киевская,Московская железная дорога,#2F7FD8,picked,,Московская железная дорога: one blue per regional railway
Москва-Пассажирская-Курская — Кусково,Московская железная дорога,#2F7FD8,picked,,Московская железная дорога: one blue per regional railway
Москва-Пассажирская-Курская — Люблино-Сортировочное,Московская железная дорога,#2F7FD8,picked,,Московская железная дорога: one blue per regional railway
Москва-Пассажирская-Курская — Москва-Пассажирская-Смоленская,Московская железная дорога,#2F7FD8,picked,,Московская железная дорога: one blue per regional railway
Москва-Пассажирская-Курская — Покровско-Стрешнево,Московская железная дорога,#2F7FD8,picked,,Московская железная дорога: one blue per regional railway
Москва-Пассажирская-Павелецкая — Коломенское,Московская железная дорога,#2F7FD8,picked,,Московская железная дорога: one blue per regional railway
Москва-Пассажирская-Смоленская — Фили,Московская железная дорога,#2F7FD8,picked,,Московская железная дорога: one blue per regional railway
Москва-Пассажирская-Ярославская — Лосиноостровская,Московская железная дорога,#2F7FD8,picked,,Московская железная дорога: one blue per regional railway
Москва-Рижская — Подмосковная,Московская железная дорога,#2F7FD8,picked,,Московская железная дорога: one blue per regional railway
Москва-Сортировочная-Киевская — Бекасово I,Московская железная дорога,#2F7FD8,picked,,Московская железная дорога: one blue per regional railway
Москва-Товарная-Смоленская — Кубинка I,Московская железная дорога,#2F7FD8,picked,,Московская железная дорога: one blue per regional railway
Муратовка — Вязьма-Брянская,Московская железная дорога,#2F7FD8,picked,,Московская железная дорога: one blue per regional railway
Муратовка — Горенская,Московская железная дорога,#2F7FD8,picked,,Московская железная дорога: one blue per regional railway
Муратовка — Плеханово,Московская железная дорога,#2F7FD8,picked,,Московская железная дорога: one blue per regional railway
Мшанка — Павелец-Сызранский (рзд),Московская железная дорога,#2F7FD8,picked,,Московская железная дорога: one blue per regional railway
Мшанка — Павелец-Тульский,Московская железная дорога,#2F7FD8,picked,,Московская железная дорога: one blue per regional railway
Мытищи — Монино,Московская железная дорога,#2F7FD8,picked,,Московская железная дорога: one blue per regional railway
Навля — Арбузово,Московская железная дорога,#2F7FD8,picked,,Московская железная дорога: one blue per regional railway
Навля — Суземка,Московская железная дорога,#2F7FD8,picked,,Московская железная дорога: one blue per regional railway
Нерская — Давыдово,Московская железная дорога,#2F7FD8,picked,,Московская железная дорога: one blue per regional railway
Новозыбков — Климов,Московская железная дорога,#2F7FD8,picked,,Московская железная дорога: one blue per regional railway
Новомосковская II — Бобрик-Донской,Московская железная дорога,#2F7FD8,picked,,Московская железная дорога: one blue per regional railway
Новомосковская II — Узловая II,Московская железная дорога,#2F7FD8,picked,,Московская железная дорога: one blue per regional railway
Ожерелье — Мшанка,Московская железная дорога,#2F7FD8,picked,,Московская железная дорога: one blue per regional railway
Ожерелье — Новомосковская II,Московская железная дорога,#2F7FD8,picked,,Московская железная дорога: one blue per regional railway
Орел — Верховье,Московская железная дорога,#2F7FD8,picked,,Московская железная дорога: one blue per regional railway
Орел — Курск,Московская железная дорога,#2F7FD8,picked,,Московская железная дорога: one blue per regional railway
Орел — Лужки-Орловские,Московская железная дорога,#2F7FD8,picked,,Московская железная дорога: one blue per regional railway
Орехово-Зуево — Петушки,Московская железная дорога,#2F7FD8,picked,,Московская железная дорога: one blue per regional railway
Ост. Пункт 584 км — Артаково,Московская железная дорога,#2F7FD8,picked,,Московская железная дорога: one blue per regional railway
Охочевка — Колпны,Московская железная дорога,#2F7FD8,picked,,Московская железная дорога: one blue per regional railway
Павелец-Сызранский (рзд) — Ряжск I,Московская железная дорога,#2F7FD8,picked,,Московская железная дорога: one blue per regional railway
Павловский Посад — Электрогорск,Московская железная дорога,#2F7FD8,picked,,Московская железная дорога: one blue per regional railway
Перевлес — Ясаково,Московская железная дорога,#2F7FD8,picked,,Московская железная дорога: one blue per regional railway
Перово — Люберцы I,Московская железная дорога,#2F7FD8,picked,,Московская железная дорога: one blue per regional railway
Плеханово — Сухиничи,Московская железная дорога,#2F7FD8,picked,,Московская железная дорога: one blue per regional railway
Плеханово — Узловая II (через ст. Тула-Вяземская),Московская железная дорога,#2F7FD8,picked,,Московская железная дорога: one blue per regional railway
Поварово II — Икша,Московская железная дорога,#2F7FD8,picked,,Московская железная дорога: one blue per regional railway
Поварово II — Поварово I,Московская железная дорога,#2F7FD8,picked,,Московская железная дорога: one blue per regional railway
Подмосковная — Манихино I,Московская железная дорога,#2F7FD8,picked,,Московская железная дорога: one blue per regional railway
Пунка — Чернец,Московская железная дорога,#2F7FD8,picked,,Московская железная дорога: one blue per regional railway
Пут. Пост 205 км — Маклец,Московская железная дорога,#2F7FD8,picked,,Московская железная дорога: one blue per regional railway
Пут. Пост 81 км — Александров,Московская железная дорога,#2F7FD8,picked,,Московская железная дорога: one blue per regional railway
Разъезд 422 км — Павелец-Сызранский (рзд),Московская железная дорога,#2F7FD8,picked,,Московская железная дорога: one blue per regional railway
Разъезд 422 км — Павелец-Тульский,Московская железная дорога,#2F7FD8,picked,,Московская железная дорога: one blue per regional railway
Реутово — Балашиха,Московская железная дорога,#2F7FD8,picked,,Московская железная дорога: one blue per regional railway
Ромашково (рзд) — Усово,Московская железная дорога,#2F7FD8,picked,,Московская железная дорога: one blue per regional railway
Рыбное — Кустаревка,Московская железная дорога,#2F7FD8,picked,,Московская железная дорога: one blue per regional railway
Рыбное — Ряжск I,Московская железная дорога,#2F7FD8,picked,,Московская железная дорога: one blue per regional railway
Ряжск I — Ряжск II,Московская железная дорога,#2F7FD8,picked,,Московская железная дорога: one blue per regional railway
Рязань I — Рязань II,Московская железная дорога,#2F7FD8,picked,,Московская железная дорога: one blue per regional railway
Саханская — Лужки-Орловские,Московская железная дорога,#2F7FD8,picked,,Московская железная дорога: one blue per regional railway
Смоленск — Красное,Московская железная дорога,#2F7FD8,picked,,Московская железная дорога: one blue per regional railway
Смоленск — Рудня,Московская железная дорога,#2F7FD8,picked,,Московская железная дорога: one blue per regional railway
Смоленск — Рудня,Московская железная дорога,#2F7FD8,picked,,Московская железная дорога: one blue per regional railway
Смоленск — Рудня (через Оп Ракитная),Московская железная дорога,#2F7FD8,picked,,Московская железная дорога: one blue per regional railway
Софрино — Красноармейск,Московская железная дорога,#2F7FD8,picked,,Московская железная дорога: one blue per regional railway
Столбовая — Михнево,Московская железная дорога,#2F7FD8,picked,,Московская железная дорога: one blue per regional railway
Столбовая — Тула I-Курская,Московская железная дорога,#2F7FD8,picked,,Московская железная дорога: one blue per regional railway
Сухиничи — Занозная,Московская железная дорога,#2F7FD8,picked,,Московская железная дорога: one blue per regional railway
Сухиничи — Сухиничи-Главные,Московская железная дорога,#2F7FD8,picked,,Московская железная дорога: one blue per regional railway
Сухиничи-Главные — Козелкино,Московская железная дорога,#2F7FD8,picked,,Московская железная дорога: one blue per regional railway
Сухиничи-Главные — Фаянсовая,Московская железная дорога,#2F7FD8,picked,,Московская железная дорога: one blue per regional railway
Тихонова Пустынь — Муратовка,Московская железная дорога,#2F7FD8,picked,,Московская железная дорога: one blue per regional railway
Тихонова Пустынь — Сухиничи,Московская железная дорога,#2F7FD8,picked,,Московская железная дорога: one blue per regional railway
Тула I-Курская — Горбачево,Московская железная дорога,#2F7FD8,picked,,Московская железная дорога: one blue per regional railway
Тула I-Курская — Плеханово,Московская железная дорога,#2F7FD8,picked,,Московская железная дорога: one blue per regional railway
Узловая I — Волово,Московская железная дорога,#2F7FD8,picked,,Московская железная дорога: one blue per regional railway
Узловая I — Разъезд 422 км,Московская железная дорога,#2F7FD8,picked,,Московская железная дорога: one blue per regional railway
Узловая II — Узловая I,Московская железная дорога,#2F7FD8,picked,,Московская железная дорога: one blue per regional railway
Узуново — Рыбное,Московская железная дорога,#2F7FD8,picked,,Московская железная дорога: one blue per regional railway
Унеча — Злынка,Московская железная дорога,#2F7FD8,picked,,Московская железная дорога: one blue per regional railway
Ушинский — Касимов,Московская железная дорога,#2F7FD8,picked,,Московская железная дорога: one blue per regional railway
Фрязево — Захарово,Московская железная дорога,#2F7FD8,picked,,Московская железная дорога: one blue per regional railway
Царицыно — Бирюлево-Товарная,Московская железная дорога,#2F7FD8,picked,,Московская железная дорога: one blue per regional railway
Шереметьевская — Аэропорт Шереметьево,Московская железная дорога,#2F7FD8,picked,,Московская железная дорога: one blue per regional railway
Яганово — Воскресенск,Московская железная дорога,#2F7FD8,picked,,Московская железная дорога: one blue per regional railway
Яхрома — Ост. Пункт 87 км,Московская железная дорога,#2F7FD8,picked,,Московская железная дорога: one blue per regional railway
Агрыз — Алнаши,Горьковская железная дорога,#E08E0B,picked,,Горьковская железная дорога: one orange per regional railway
Агрыз — Кама,Горьковская железная дорога,#E08E0B,picked,,Горьковская железная дорога: one orange per regional railway
Агрыз — Пибаньшур,Горьковская железная дорога,#E08E0B,picked,,Горьковская железная дорога: one orange per regional railway
Амзя — Нефтекамск-Пассажирский,Горьковская железная дорога,#E08E0B,picked,,Горьковская железная дорога: one orange per regional railway
Арзамас II — Канаш,Горьковская железная дорога,#E08E0B,picked,,Горьковская железная дорога: one orange per regional railway
Арзамас II — Красный Узел,Горьковская железная дорога,#E08E0B,picked,,Горьковская железная дорога: one orange per regional railway
Армязь — Сайгатка,Горьковская железная дорога,#E08E0B,picked,,Горьковская железная дорога: one orange per regional railway
Бумкомбинат — Чепецкая,Горьковская железная дорога,#E08E0B,picked,,Горьковская железная дорога: one orange per regional railway
Вахитово — Аэропорт,Горьковская железная дорога,#E08E0B,picked,,Горьковская железная дорога: one orange per regional railway
Владимир — Новки I,Горьковская железная дорога,#E08E0B,picked,,Горьковская железная дорога: one orange per regional railway
Владимир — Окатово,Горьковская железная дорога,#E08E0B,picked,,Горьковская железная дорога: one orange per regional railway
Дербышки — Агрыз,Горьковская железная дорога,#E08E0B,picked,,Горьковская железная дорога: one orange per regional railway
Доскино — Петряевка,Горьковская железная дорога,#E08E0B,picked,,Горьковская железная дорога: one orange per regional railway
Зеленый Дол — Волжск,Горьковская железная дорога,#E08E0B,picked,,Горьковская железная дорога: one orange per regional railway
Зеленый Дол — Юдино,Горьковская железная дорога,#E08E0B,picked,,Горьковская железная дорога: one orange per regional railway
Зеленый Дол — Яранск,Горьковская железная дорога,#E08E0B,picked,,Горьковская железная дорога: one orange per regional railway
Зилай — Ост. Пункт 1217 км,Горьковская железная дорога,#E08E0B,picked,,Горьковская железная дорога: one orange per regional railway
Ижевск — Воткинск,Горьковская железная дорога,#E08E0B,picked,,Горьковская железная дорога: one orange per regional railway
Ильино — Фролищи,Горьковская железная дорога,#E08E0B,picked,,Горьковская железная дорога: one orange per regional railway
Казань — Дербышки,Горьковская железная дорога,#E08E0B,picked,,Горьковская железная дорога: one orange per regional railway
Кама — Солдатка,Горьковская железная дорога,#E08E0B,picked,,Горьковская железная дорога: one orange per regional railway
Канаш — Свияжск,Горьковская железная дорога,#E08E0B,picked,,Горьковская железная дорога: one orange per regional railway
Канаш — Чебоксары,Горьковская железная дорога,#E08E0B,picked,,Горьковская железная дорога: one orange per regional railway
Киров — Матанцы,Горьковская железная дорога,#E08E0B,picked,,Горьковская железная дорога: one orange per regional railway
Киров — Поздино,Горьковская железная дорога,#E08E0B,picked,,Горьковская железная дорога: one orange per regional railway
Ковров I — Муром I,Горьковская железная дорога,#E08E0B,picked,,Горьковская железная дорога: one orange per regional railway
Ковров I — Нижний Новгород-Сортировочный,Горьковская железная дорога,#E08E0B,picked,,Горьковская железная дорога: one orange per regional railway
Котельнич I — Лянгасово,Горьковская железная дорога,#E08E0B,picked,,Горьковская железная дорога: one orange per regional railway
Котельнич I — Свеча,Горьковская железная дорога,#E08E0B,picked,,Горьковская железная дорога: one orange per regional railway
Красный Узел — Канаш,Горьковская железная дорога,#E08E0B,picked,,Горьковская железная дорога: one orange per regional railway
Кустовая — Доскино,Горьковская железная дорога,#E08E0B,picked,,Горьковская железная дорога: one orange per regional railway
Люкшудья — Ост. Пункт 142 км,Горьковская железная дорога,#E08E0B,picked,,Горьковская железная дорога: one orange per regional railway
Лянгасово — Киров,Горьковская железная дорога,#E08E0B,picked,,Горьковская железная дорога: one orange per regional railway
Лянгасово — Матанцы,Горьковская железная дорога,#E08E0B,picked,,Горьковская железная дорога: one orange per regional railway
Лянгасово — Поздино,Горьковская железная дорога,#E08E0B,picked,,Горьковская железная дорога: one orange per regional railway
Матанцы — Сусоловка,Горьковская железная дорога,#E08E0B,picked,,Горьковская железная дорога: one orange per regional railway
Муром I — Арзамас II,Горьковская железная дорога,#E08E0B,picked,,Горьковская железная дорога: one orange per regional railway
Нечаевская — Муром I,Горьковская железная дорога,#E08E0B,picked,,Горьковская железная дорога: one orange per regional railway
Нижний Новгород-Московский — Костариха,Горьковская железная дорога,#E08E0B,picked,,Горьковская железная дорога: one orange per regional railway
Нижний Новгород-Сортировочный — Котельнич I,Горьковская железная дорога,#E08E0B,picked,,Горьковская железная дорога: one orange per regional railway
Нижний Новгород-Сортировочный — Окская,Горьковская железная дорога,#E08E0B,picked,,Горьковская железная дорога: one orange per regional railway
Нижний Новгород-Сортировочный — Ост. Пункт 58 км,Горьковская железная дорога,#E08E0B,picked,,Горьковская железная дорога: one orange per regional railway
Новки I — Ковров I,Горьковская железная дорога,#E08E0B,picked,,Горьковская железная дорога: one orange per regional railway
Новки I — Новки II,Горьковская железная дорога,#E08E0B,picked,,Горьковская железная дорога: one orange per regional railway
Новки II — Ост. Пункт 253 км,Горьковская железная дорога,#E08E0B,picked,,Горьковская железная дорога: one orange per regional railway
Окатово — Тумская,Горьковская железная дорога,#E08E0B,picked,,Горьковская железная дорога: one orange per regional railway
Окская — Арзамас II,Горьковская железная дорога,#E08E0B,picked,,Горьковская железная дорога: one orange per regional railway
Окская — Металлист,Горьковская железная дорога,#E08E0B,picked,,Горьковская железная дорога: one orange per regional railway
Окская — Мыза,Горьковская железная дорога,#E08E0B,picked,,Горьковская железная дорога: one orange per regional railway
Панасюк — Подосиновец,Горьковская железная дорога,#E08E0B,picked,,Горьковская железная дорога: one orange per regional railway
Петушки — Владимир,Горьковская железная дорога,#E08E0B,picked,,Горьковская железная дорога: one orange per regional railway
Пибаньшур — Чепца,Горьковская железная дорога,#E08E0B,picked,,Горьковская железная дорога: one orange per regional railway
Поздино — Пибаньшур,Горьковская железная дорога,#E08E0B,picked,,Горьковская железная дорога: one orange per regional railway
Починки — Новое Сормово,Горьковская железная дорога,#E08E0B,picked,,Горьковская железная дорога: one orange per regional railway
Свияжск — Зеленый Дол,Горьковская железная дорога,#E08E0B,picked,,Горьковская железная дорога: one orange per regional railway
Свияжск — Цильна,Горьковская железная дорога,#E08E0B,picked,,Горьковская железная дорога: one orange per regional railway
Сухобезводное — Лапшанга,Горьковская железная дорога,#E08E0B,picked,,Горьковская железная дорога: one orange per regional railway
Толоконцево — Моховые Горы,Горьковская железная дорога,#E08E0B,picked,,Горьковская железная дорога: one orange per regional railway
Черусти — Нечаевская,Горьковская железная дорога,#E08E0B,picked,,Горьковская железная дорога: one orange per regional railway
Шатки — Первомайск-Горьковский,Горьковская железная дорога,#E08E0B,picked,,Горьковская железная дорога: one orange per regional railway
Юдино — Дербышки (через ст. Восстание),Горьковская железная дорога,#E08E0B,picked,,Горьковская железная дорога: one orange per regional railway
Юдино — Казань,Горьковская железная дорога,#E08E0B,picked,,Горьковская железная дорога: one orange per regional railway
Яр — Лесная,Горьковская железная дорога,#E08E0B,picked,,Горьковская железная дорога: one orange per regional railway
Александров — Ярославль-Главный,Северная железная дорога,#1E9E8F,picked,,Северная железная дорога: one teal per regional railway
Архангельск-Город — Соломбалка,Северная железная дорога,#1E9E8F,picked,,Северная железная дорога: one teal per regional railway
Бакарица — Архангельск (перев.),Северная железная дорога,#1E9E8F,picked,,Северная железная дорога: one teal per regional railway
Бакарица — Карпогоры-Пассажирская,Северная железная дорога,#1E9E8F,picked,,Северная железная дорога: one teal per regional railway
Бельково — Иваново-Сортировочное,Северная железная дорога,#1E9E8F,picked,,Северная железная дорога: one teal per regional railway
Берендеево — Переславль,Северная железная дорога,#1E9E8F,picked,,Северная железная дорога: one teal per regional railway
Буй — Галич,Северная железная дорога,#1E9E8F,picked,,Северная железная дорога: one teal per regional railway
Валдеево — Вельск (через ст. Норменга),Северная железная дорога,#1E9E8F,picked,,Северная железная дорога: one teal per regional railway
Вельск — Котлас-Узловой,Северная железная дорога,#1E9E8F,picked,,Северная железная дорога: one teal per regional railway
Вологда I — Буй,Северная железная дорога,#1E9E8F,picked,,Северная железная дорога: one teal per regional railway
Вологда I — Коноша I,Северная железная дорога,#1E9E8F,picked,,Северная железная дорога: one teal per regional railway
Вологда I — Кошта,Северная железная дорога,#1E9E8F,picked,,Северная железная дорога: one teal per regional railway
Галич — Нерехта,Северная железная дорога,#1E9E8F,picked,,Северная железная дорога: one teal per regional railway
Галич — Свеча,Северная железная дорога,#1E9E8F,picked,,Северная железная дорога: one teal per regional railway
Данилов — Буй,Северная железная дорога,#1E9E8F,picked,,Северная железная дорога: one teal per regional railway
Данилов — Паприха,Северная железная дорога,#1E9E8F,picked,,Северная железная дорога: one teal per regional railway
Ермолино — Кинешма,Северная железная дорога,#1E9E8F,picked,,Северная железная дорога: one teal per regional railway
Иваново — Строкино,Северная железная дорога,#1E9E8F,picked,,Северная железная дорога: one teal per regional railway
Иваново-Сортировочное — Ермолино,Северная железная дорога,#1E9E8F,picked,,Северная железная дорога: one teal per regional railway
Иваново-Сортировочное — Новки II,Северная железная дорога,#1E9E8F,picked,,Северная железная дорога: one teal per regional railway
Исакогорка — Северодвинск,Северная железная дорога,#1E9E8F,picked,,Северная железная дорога: one teal per regional railway
Коноша I — Вельск (через ст. Можуга),Северная железная дорога,#1E9E8F,picked,,Северная железная дорога: one teal per regional railway
Коноша I — Обозерская,Северная железная дорога,#1E9E8F,picked,,Северная железная дорога: one teal per regional railway
Котлас-Узловой — Микунь,Северная железная дорога,#1E9E8F,picked,,Северная железная дорога: one teal per regional railway
Котлас-Узловой-парк №1 — Сольвычегодск (через ст. Котлас-Южный),Северная железная дорога,#1E9E8F,picked,,Северная железная дорога: one teal per regional railway
Микунь — Кослан,Северная железная дорога,#1E9E8F,picked,,Северная железная дорога: one teal per regional railway
Микунь — Сосногорск,Северная железная дорога,#1E9E8F,picked,,Северная железная дорога: one teal per regional railway
Микунь — Сыктывкар,Северная железная дорога,#1E9E8F,picked,,Северная железная дорога: one teal per regional railway
Нерехта — Ермолино,Северная железная дорога,#1E9E8F,picked,,Северная железная дорога: one teal per regional railway
Обозерская — Бакарица,Северная железная дорога,#1E9E8F,picked,,Северная железная дорога: one teal per regional railway
Обозерская — Маленьга,Северная железная дорога,#1E9E8F,picked,,Северная железная дорога: one teal per regional railway
Полянки — Новоярославская,Северная железная дорога,#1E9E8F,picked,,Северная железная дорога: one teal per regional railway
Полянки — Ярославль,Северная железная дорога,#1E9E8F,picked,,Северная железная дорога: one teal per regional railway
Пост 243 км — Онега,Северная железная дорога,#1E9E8F,picked,,Северная железная дорога: one teal per regional railway
Северодвинск — Ненокса,Северная железная дорога,#1E9E8F,picked,,Северная железная дорога: one teal per regional railway
Сосногорск — Воркута,Северная железная дорога,#1E9E8F,picked,,Северная железная дорога: one teal per regional railway
Сосногорск — Троицко-Печорск,Северная железная дорога,#1E9E8F,picked,,Северная железная дорога: one teal per regional railway
Сусоловка — Котлас-Узловой,Северная железная дорога,#1E9E8F,picked,,Северная железная дорога: one teal per regional railway
Сыня — Усинск,Северная железная дорога,#1E9E8F,picked,,Северная железная дорога: one teal per regional railway
Фурманов — Волгореченск,Северная железная дорога,#1E9E8F,picked,,Северная железная дорога: one teal per regional railway
Череповец I — Череповец-Пристань,Северная железная дорога,#1E9E8F,picked,,Северная железная дорога: one teal per regional railway
Чум — Лабытнанги (перев.),Северная железная дорога,#1E9E8F,picked,,Северная железная дорога: one teal per regional railway
Ярославль-Главный — Данилов,Северная железная дорога,#1E9E8F,picked,,Северная железная дорога: one teal per regional railway
Ярославль-Главный — Нерехта,Северная железная дорога,#1E9E8F,picked,,Северная железная дорога: one teal per regional railway
Ярославль-Главный — Сонково,Северная железная дорога,#1E9E8F,picked,,Северная железная дорога: one teal per regional railway
Адлер — Аэропорт Сочи,Северо-Кавказская железная дорога,#3FA34D,picked,,Северо-Кавказская железная дорога: one green per regional railway
Адлер — Роза Хутор,Северо-Кавказская железная дорога,#3FA34D,picked,,Северо-Кавказская железная дорога: one green per regional railway
Армавир-Ростовский — Зеленчук,Северо-Кавказская железная дорога,#3FA34D,picked,,Северо-Кавказская железная дорога: one green per regional railway
Армавир-Ростовский — Курганная,Северо-Кавказская железная дорога,#3FA34D,picked,,Северо-Кавказская железная дорога: one green per regional railway
Батайск — Азов (эксп.),Северо-Кавказская железная дорога,#3FA34D,picked,,Северо-Кавказская железная дорога: one green per regional railway
Батайск — Сальск,Северо-Кавказская железная дорога,#3FA34D,picked,,Северо-Кавказская железная дорога: one green per regional railway
Батайск — Сосыка-Ростовская,Северо-Кавказская железная дорога,#3FA34D,picked,,Северо-Кавказская железная дорога: one green per regional railway
Батайск — Староминская-Ейская,Северо-Кавказская железная дорога,#3FA34D,picked,,Северо-Кавказская железная дорога: one green per regional railway
Белореченская — Туапсе-Сортировочная (эксп.),Северо-Кавказская железная дорога,#3FA34D,picked,,Северо-Кавказская железная дорога: one green per regional railway
Белореченская — Хаджох,Северо-Кавказская железная дорога,#3FA34D,picked,,Северо-Кавказская железная дорога: one green per regional railway
Беслан — Владикавказ,Северо-Кавказская железная дорога,#3FA34D,picked,,Северо-Кавказская железная дорога: one green per regional railway
Бештау — Железноводск,Северо-Кавказская железная дорога,#3FA34D,picked,,Северо-Кавказская железная дорога: one green per regional railway
Георгиевск — Буденновск,Северо-Кавказская железная дорога,#3FA34D,picked,,Северо-Кавказская железная дорога: one green per regional railway
Георгиевск — Прохладная,Северо-Кавказская железная дорога,#3FA34D,picked,,Северо-Кавказская железная дорога: one green per regional railway
Горная — Усть-Донецкая,Северо-Кавказская железная дорога,#3FA34D,picked,,Северо-Кавказская железная дорога: one green per regional railway
Горная — Шахтная,Северо-Кавказская железная дорога,#3FA34D,picked,,Северо-Кавказская железная дорога: one green per regional railway
Гудермес — Кизилюрт,Северо-Кавказская железная дорога,#3FA34D,picked,,Северо-Кавказская железная дорога: one green per regional railway
Дербент — Самур,Северо-Кавказская железная дорога,#3FA34D,picked,,Северо-Кавказская железная дорога: one green per regional railway
Замчалово — Зверево,Северо-Кавказская железная дорога,#3FA34D,picked,,Северо-Кавказская железная дорога: one green per regional railway
Зверево — Горная,Северо-Кавказская железная дорога,#3FA34D,picked,,Северо-Кавказская железная дорога: one green per regional railway
Зеленчук — Джегута,Северо-Кавказская железная дорога,#3FA34D,picked,,Северо-Кавказская железная дорога: one green per regional railway
Зеленчук — Минеральные Воды,Северо-Кавказская железная дорога,#3FA34D,picked,,Северо-Кавказская железная дорога: one green per regional railway
Зоологический Сад(рзд) — Темерник,Северо-Кавказская железная дорога,#3FA34D,picked,,Северо-Кавказская железная дорога: one green per regional railway
Имеретинский Курорт — Роза Хутор,Северо-Кавказская железная дорога,#3FA34D,picked,,Северо-Кавказская железная дорога: one green per regional railway
Кавказская — Армавир-Ростовский,Северо-Кавказская железная дорога,#3FA34D,picked,,Северо-Кавказская железная дорога: one green per regional railway
Кавказская — Краснодар I,Северо-Кавказская железная дорога,#3FA34D,picked,,Северо-Кавказская железная дорога: one green per regional railway
Кавказская — Светлоград,Северо-Кавказская железная дорога,#3FA34D,picked,,Северо-Кавказская железная дорога: one green per regional railway
Каменоломни — Кизитеринка,Северо-Кавказская железная дорога,#3FA34D,picked,,Северо-Кавказская железная дорога: one green per regional railway
Кизилюрт — Кизляр,Северо-Кавказская железная дорога,#3FA34D,picked,,Северо-Кавказская железная дорога: one green per regional railway
Кизилюрт — Махачкала (перев.),Северо-Кавказская железная дорога,#3FA34D,picked,,Северо-Кавказская железная дорога: one green per regional railway
Кизитеринка — Ростов-Главный,Северо-Кавказская железная дорога,#3FA34D,picked,,Северо-Кавказская железная дорога: one green per regional railway
Кизляр — Олейниково (рзд),Северо-Кавказская железная дорога,#3FA34D,picked,,Северо-Кавказская железная дорога: one green per regional railway
Котляревская — Нальчик,Северо-Кавказская железная дорога,#3FA34D,picked,,Северо-Кавказская железная дорога: one green per regional railway
Краснодар I — Крымская,Северо-Кавказская железная дорога,#3FA34D,picked,,Северо-Кавказская железная дорога: one green per regional railway
Кривенковская — Энем I (для Местного Сообщения),Северо-Кавказская железная дорога,#3FA34D,picked,,Северо-Кавказская железная дорога: one green per regional railway
Крымская — Грушевая (эксп.),Северо-Кавказская железная дорога,#3FA34D,picked,,Северо-Кавказская железная дорога: one green per regional railway
Крымская — Кавказ,Северо-Кавказская железная дорога,#3FA34D,picked,,Северо-Кавказская железная дорога: one green per regional railway
Крымская — Новороссийск,Северо-Кавказская железная дорога,#3FA34D,picked,,Северо-Кавказская железная дорога: one green per regional railway
Куберле — Котельниково,Северо-Кавказская железная дорога,#3FA34D,picked,,Северо-Кавказская железная дорога: one green per regional railway
Куберле — Цимлянская,Северо-Кавказская железная дорога,#3FA34D,picked,,Северо-Кавказская железная дорога: one green per regional railway
Курганная — Белореченская,Северо-Кавказская железная дорога,#3FA34D,picked,,Северо-Кавказская железная дорога: one green per regional railway
Лихая — Замчалово,Северо-Кавказская железная дорога,#3FA34D,picked,,Северо-Кавказская железная дорога: one green per regional railway
Лихая — Морозовская,Северо-Кавказская железная дорога,#3FA34D,picked,,Северо-Кавказская железная дорога: one green per regional railway
Марцево — Таганрог,Северо-Кавказская железная дорога,#3FA34D,picked,,Северо-Кавказская железная дорога: one green per regional railway
Марцево — Успенская,Северо-Кавказская железная дорога,#3FA34D,picked,,Северо-Кавказская железная дорога: one green per regional railway
Марцево — Хапры,Северо-Кавказская железная дорога,#3FA34D,picked,,Северо-Кавказская железная дорога: one green per regional railway
Махачкала — Дербент,Северо-Кавказская железная дорога,#3FA34D,picked,,Северо-Кавказская железная дорога: one green per regional railway
Миллерово — Лихая,Северо-Кавказская железная дорога,#3FA34D,picked,,Северо-Кавказская железная дорога: one green per regional railway
Минеральные Воды — Георгиевск,Северо-Кавказская железная дорога,#3FA34D,picked,,Северо-Кавказская железная дорога: one green per regional railway
Минеральные Воды — Кисловодск,Северо-Кавказская железная дорога,#3FA34D,picked,,Северо-Кавказская железная дорога: one green per regional railway
Палагиада — Ставрополь,Северо-Кавказская железная дорога,#3FA34D,picked,,Северо-Кавказская железная дорога: one green per regional railway
Предугольная — Ост. Пункт 59 км,Северо-Кавказская железная дорога,#3FA34D,picked,,Северо-Кавказская железная дорога: one green per regional railway
Прохладная — Слепцовская,Северо-Кавказская железная дорога,#3FA34D,picked,,Северо-Кавказская железная дорога: one green per regional railway
Прохладная — Червленная-Узловая,Северо-Кавказская железная дорога,#3FA34D,picked,,Северо-Кавказская железная дорога: one green per regional railway
Ростов-Главный — Батайск,Северо-Кавказская железная дорога,#3FA34D,picked,,Северо-Кавказская железная дорога: one green per regional railway
Сальск — Куберле,Северо-Кавказская железная дорога,#3FA34D,picked,,Северо-Кавказская железная дорога: one green per regional railway
Сальск — Тихорецкая,Северо-Кавказская железная дорога,#3FA34D,picked,,Северо-Кавказская железная дорога: one green per regional railway
Светлоград — Элиста,Северо-Кавказская железная дорога,#3FA34D,picked,,Северо-Кавказская железная дорога: one green per regional railway
Слепцовская — Гудермес,Северо-Кавказская железная дорога,#3FA34D,picked,,Северо-Кавказская железная дорога: one green per regional railway
Сосыка-Ростовская — Тихорецкая,Северо-Кавказская железная дорога,#3FA34D,picked,,Северо-Кавказская железная дорога: one green per regional railway
Сохрановка — Миллерово,Северо-Кавказская железная дорога,#3FA34D,picked,,Северо-Кавказская железная дорога: one green per regional railway
Староминская-Ейская — Ейск (эксп.),Северо-Кавказская железная дорога,#3FA34D,picked,,Северо-Кавказская железная дорога: one green per regional railway
Староминская-Ейская — Тимашевская,Северо-Кавказская железная дорога,#3FA34D,picked,,Северо-Кавказская железная дорога: one green per regional railway
Таганрог-Пассажирский — Таганрог,Северо-Кавказская железная дорога,#3FA34D,picked,,Северо-Кавказская железная дорога: one green per regional railway
Тимашевская — Краснодар I,Северо-Кавказская железная дорога,#3FA34D,picked,,Северо-Кавказская железная дорога: one green per regional railway
Тимашевская — Крымская,Северо-Кавказская железная дорога,#3FA34D,picked,,Северо-Кавказская железная дорога: one green per regional railway
Тихорецкая — Кавказская,Северо-Кавказская железная дорога,#3FA34D,picked,,Северо-Кавказская железная дорога: one green per regional railway
Тихорецкая — Краснодар I,Северо-Кавказская железная дорога,#3FA34D,picked,,Северо-Кавказская железная дорога: one green per regional railway
Туапсе-Сортировочная — Веселое,Северо-Кавказская железная дорога,#3FA34D,picked,,Северо-Кавказская железная дорога: one green per regional railway
Хапры — Ростов-Главный (для Местного Сообщения) (через ст. Гниловская),Северо-Кавказская железная дорога,#3FA34D,picked,,Северо-Кавказская железная дорога: one green per regional railway
Хапры — Ростов-Главный (через ст. Темерник),Северо-Кавказская железная дорога,#3FA34D,picked,,Северо-Кавказская железная дорога: one green per regional railway
Червленная-Узловая — Гудермес,Северо-Кавказская железная дорога,#3FA34D,picked,,Северо-Кавказская железная дорога: one green per regional railway
Червленная-Узловая — Шелковская,Северо-Кавказская железная дорога,#3FA34D,picked,,Северо-Кавказская железная дорога: one green per regional railway
Чертково (эксп.) — Миллерово,Северо-Кавказская железная дорога,#3FA34D,picked,,Северо-Кавказская железная дорога: one green per regional railway
Шахтная — Каменоломни,Северо-Кавказская железная дорога,#3FA34D,picked,,Северо-Кавказская железная дорога: one green per regional railway
Шахтная — Каменоломни (через ст. Власовские Копи),Северо-Кавказская железная дорога,#3FA34D,picked,,Северо-Кавказская железная дорога: one green per regional railway
Шелковская — Кизляр,Северо-Кавказская железная дорога,#3FA34D,picked,,Северо-Кавказская железная дорога: one green per regional railway
Юровский — Анапа,Северо-Кавказская железная дорога,#3FA34D,picked,,Северо-Кавказская железная дорога: one green per regional railway
Балашов I — Поворино,Юго-Восточная железная дорога,#8A5CC2,picked,,Юго-Восточная железная дорога: one purple per regional railway
Балашов-Пассажирский — Балашов I,Юго-Восточная железная дорога,#8A5CC2,picked,,Юго-Восточная железная дорога: one purple per regional railway
Балашов-Пассажирский — Обловка,Юго-Восточная железная дорога,#8A5CC2,picked,,Юго-Восточная железная дорога: one purple per regional railway
Белгород — Готня,Юго-Восточная железная дорога,#8A5CC2,picked,,Юго-Восточная железная дорога: one purple per regional railway
Белгород — Красный Хутор,Юго-Восточная железная дорога,#8A5CC2,picked,,Юго-Восточная железная дорога: one purple per regional railway
Белгород — Нежеголь,Юго-Восточная железная дорога,#8A5CC2,picked,,Юго-Восточная железная дорога: one purple per regional railway
Благодатка — Тоновка,Юго-Восточная железная дорога,#8A5CC2,picked,,Юго-Восточная железная дорога: one purple per regional railway
Благодатка — Тоновка,Юго-Восточная железная дорога,#8A5CC2,picked,,Юго-Восточная железная дорога: one purple per regional railway
Богоявленск — Кочетовка I,Юго-Восточная железная дорога,#8A5CC2,picked,,Юго-Восточная железная дорога: one purple per regional railway
Богоявленск — Пост 315 км,Юго-Восточная железная дорога,#8A5CC2,picked,,Юго-Восточная железная дорога: one purple per regional railway
Валуйки — Соловей,Юго-Восточная железная дорога,#8A5CC2,picked,,Юго-Восточная железная дорога: one purple per regional railway
Графская — Анна,Юго-Восточная железная дорога,#8A5CC2,picked,,Юго-Восточная железная дорога: one purple per regional railway
Графская — Рамонь,Юго-Восточная железная дорога,#8A5CC2,picked,,Юго-Восточная железная дорога: one purple per regional railway
Грязи-Волгоградские — Грязи-Орловские,Юго-Восточная железная дорога,#8A5CC2,picked,,Юго-Восточная железная дорога: one purple per regional railway
Грязи-Волгоградские — Пут. Пост 474 км,Юго-Восточная железная дорога,#8A5CC2,picked,,Юго-Восточная железная дорога: one purple per regional railway
Грязи-Воронежские — Елец,Юго-Восточная железная дорога,#8A5CC2,picked,,Юго-Восточная железная дорога: one purple per regional railway
Грязи-Воронежские — Отрожка,Юго-Восточная железная дорога,#8A5CC2,picked,,Юго-Восточная железная дорога: one purple per regional railway
Грязи-Воронежские — Поворино,Юго-Восточная железная дорога,#8A5CC2,picked,,Юго-Восточная железная дорога: one purple per regional railway
Грязи-Орловские — Пут. Пост 474 км,Юго-Восточная железная дорога,#8A5CC2,picked,,Юго-Восточная железная дорога: one purple per regional railway
Ездоцкий — Стойленская,Юго-Восточная железная дорога,#8A5CC2,picked,,Юго-Восточная железная дорога: one purple per regional railway
Елец — Старый Оскол,Юго-Восточная железная дорога,#8A5CC2,picked,,Юго-Восточная железная дорога: one purple per regional railway
Ефремов — Елец,Юго-Восточная железная дорога,#8A5CC2,picked,,Юго-Восточная железная дорога: one purple per regional railway
Журавка — Сохрановка,Юго-Восточная железная дорога,#8A5CC2,picked,,Юго-Восточная железная дорога: one purple per regional railway
Извалы — Улусарка,Юго-Восточная железная дорога,#8A5CC2,picked,,Юго-Восточная железная дорога: one purple per regional railway
Ильмень — Балашов I,Юго-Восточная железная дорога,#8A5CC2,picked,,Юго-Восточная железная дорога: one purple per regional railway
Касторная-Курская — Касторная-Новая,Юго-Восточная железная дорога,#8A5CC2,picked,,Юго-Восточная железная дорога: one purple per regional railway
Кочетовка I — Грязи-Воронежские,Юго-Восточная железная дорога,#8A5CC2,picked,,Юго-Восточная железная дорога: one purple per regional railway
Кочетовка I — Мичуринск-Уральский,Юго-Восточная железная дорога,#8A5CC2,picked,,Юго-Восточная железная дорога: one purple per regional railway
Кочетовка I — Тамбов I,Юго-Восточная железная дорога,#8A5CC2,picked,,Юго-Восточная железная дорога: one purple per regional railway
Курск — Сараевка,Юго-Восточная железная дорога,#8A5CC2,picked,,Юго-Восточная железная дорога: one purple per regional railway
Лев Толстой — Елец,Юго-Восточная железная дорога,#8A5CC2,picked,,Юго-Восточная железная дорога: one purple per regional railway
Лиски — Валуйки,Юго-Восточная железная дорога,#8A5CC2,picked,,Юго-Восточная железная дорога: one purple per regional railway
Лиски — Поворино,Юго-Восточная железная дорога,#8A5CC2,picked,,Юго-Восточная железная дорога: one purple per regional railway
Лиски — Чертково,Юго-Восточная железная дорога,#8A5CC2,picked,,Юго-Восточная железная дорога: one purple per regional railway
Мичуринск-Воронежский — Мичуринск-Уральский,Юго-Восточная железная дорога,#8A5CC2,picked,,Юго-Восточная железная дорога: one purple per regional railway
Мичуринск-Уральский — Турмасово,Юго-Восточная железная дорога,#8A5CC2,picked,,Юго-Восточная железная дорога: one purple per regional railway
Отрожка — Касторная-Курская,Юго-Восточная железная дорога,#8A5CC2,picked,,Юго-Восточная железная дорога: one purple per regional railway
Отрожка — Лиски,Юго-Восточная железная дорога,#8A5CC2,picked,,Юго-Восточная железная дорога: one purple per regional railway
Павелец-Тульский — Раненбург,Юго-Восточная железная дорога,#8A5CC2,picked,,Юго-Восточная железная дорога: one purple per regional railway
Поворино — Дуплятка,Юго-Восточная железная дорога,#8A5CC2,picked,,Юго-Восточная железная дорога: one purple per regional railway
Раненбург — Богоявленск,Юго-Восточная железная дорога,#8A5CC2,picked,,Юго-Восточная железная дорога: one purple per regional railway
Раненбург — Лев Толстой,Юго-Восточная железная дорога,#8A5CC2,picked,,Юго-Восточная железная дорога: one purple per regional railway
Ртищево I — Балашов-Пассажирский,Юго-Восточная железная дорога,#8A5CC2,picked,,Юго-Восточная железная дорога: one purple per regional railway
Ртищево I — Кривозеровка,Юго-Восточная железная дорога,#8A5CC2,picked,,Юго-Восточная железная дорога: one purple per regional railway
Сараевка — Белгород,Юго-Восточная железная дорога,#8A5CC2,picked,,Юго-Восточная железная дорога: one purple per regional railway
Сараевка — Старый Оскол,Юго-Восточная железная дорога,#8A5CC2,picked,,Юго-Восточная железная дорога: one purple per regional railway
Старый Оскол — Валуйки,Юго-Восточная железная дорога,#8A5CC2,picked,,Юго-Восточная железная дорога: one purple per regional railway
Тамбов I — Обловка,Юго-Восточная железная дорога,#8A5CC2,picked,,Юго-Восточная железная дорога: one purple per regional railway
Тамбов I — Тоновка,Юго-Восточная железная дорога,#8A5CC2,picked,,Юго-Восточная железная дорога: one purple per regional railway
Цна — Котовск,Юго-Восточная железная дорога,#8A5CC2,picked,,Юго-Восточная железная дорога: one purple per regional railway
Аксарайская — Трусово,Приволжская железная дорога,#CC3D8C,picked,,Приволжская железная дорога: one magenta per regional railway
Алексиково — Урюпино,Приволжская железная дорога,#CC3D8C,picked,,Приволжская железная дорога: one magenta per regional railway
Аткарск — Трофимовский I,Приволжская железная дорога,#CC3D8C,picked,,Приволжская железная дорога: one magenta per regional railway
Багаевка — Правобережный,Приволжская железная дорога,#CC3D8C,picked,,Приволжская железная дорога: one magenta per regional railway
Благодатка — Аткарск,Приволжская железная дорога,#CC3D8C,picked,,Приволжская железная дорога: one magenta per regional railway
Верхний Баскунчак — Аксарайская,Приволжская железная дорога,#CC3D8C,picked,,Приволжская железная дорога: one magenta per regional railway
Волгоград I — Воссоединение,Приволжская железная дорога,#CC3D8C,picked,,Приволжская железная дорога: one magenta per regional railway
Волгоград I — Тракторная-Пассажирская,Приволжская железная дорога,#CC3D8C,picked,,Приволжская железная дорога: one magenta per regional railway
Волгоград II — Им. Максима Горького,Приволжская железная дорога,#CC3D8C,picked,,Приволжская железная дорога: one magenta per regional railway
Волгоград II — Котельниково,Приволжская железная дорога,#CC3D8C,picked,,Приволжская железная дорога: one magenta per regional railway
Гумрак — Аэропорт Волгоград,Приволжская железная дорога,#CC3D8C,picked,,Приволжская железная дорога: one magenta per regional railway
Гумрак — Разгуляевка,Приволжская железная дорога,#CC3D8C,picked,,Приволжская железная дорога: one magenta per regional railway
Ершов — Озинки (через ст. Озинки),Приволжская железная дорога,#CC3D8C,picked,,Приволжская железная дорога: one magenta per regional railway
Ершов — Урбах,Приволжская железная дорога,#CC3D8C,picked,,Приволжская железная дорога: one magenta per regional railway
Иловля I — Гумрак,Приволжская железная дорога,#CC3D8C,picked,,Приволжская железная дорога: one magenta per regional railway
Иловля I — Филоново,Приволжская железная дорога,#CC3D8C,picked,,Приволжская железная дорога: one magenta per regional railway
Иловля II — Колоцкий (рзд),Приволжская железная дорога,#CC3D8C,picked,,Приволжская железная дорога: one magenta per regional railway
Им. Максима Горького — Гумрак,Приволжская железная дорога,#CC3D8C,picked,,Приволжская железная дорога: one magenta per regional railway
Им. Максима Горького — Морозовская,Приволжская железная дорога,#CC3D8C,picked,,Приволжская железная дорога: one magenta per regional railway
Красавка — Калининск-Саратовский,Приволжская железная дорога,#CC3D8C,picked,,Приволжская железная дорога: one magenta per regional railway
Красный Кут — Александров Гай,Приволжская железная дорога,#CC3D8C,picked,,Приволжская железная дорога: one magenta per regional railway
Красный Кут — Верхний Баскунчак,Приволжская железная дорога,#CC3D8C,picked,,Приволжская железная дорога: one magenta per regional railway
Красный Кут — Верхний Баскунчак,Приволжская железная дорога,#CC3D8C,picked,,Приволжская железная дорога: one magenta per regional railway
Красный Кут — Верхний Баскунчак,Приволжская железная дорога,#CC3D8C,picked,,Приволжская железная дорога: one magenta per regional railway
Мариновка — Донская,Приволжская железная дорога,#CC3D8C,picked,,Приволжская железная дорога: one magenta per regional railway
Петров Вал — Иловля I,Приволжская железная дорога,#CC3D8C,picked,,Приволжская железная дорога: one magenta per regional railway
Петров Вал — Ильмень,Приволжская железная дорога,#CC3D8C,picked,,Приволжская железная дорога: one magenta per regional railway
Петров Вал — Камышин,Приволжская железная дорога,#CC3D8C,picked,,Приволжская железная дорога: one magenta per regional railway
Пугачевск — Ершов,Приволжская железная дорога,#CC3D8C,picked,,Приволжская железная дорога: one magenta per regional railway
Пугачевск — Новоперелюбская,Приволжская железная дорога,#CC3D8C,picked,,Приволжская железная дорога: one magenta per regional railway
Пугачевск — Чагра,Приволжская железная дорога,#CC3D8C,picked,,Приволжская железная дорога: one magenta per regional railway
Разгуляевка — Верхний Баскунчак,Приволжская железная дорога,#CC3D8C,picked,,Приволжская железная дорога: one magenta per regional railway
Разгуляевка — Волгоград II,Приволжская железная дорога,#CC3D8C,picked,,Приволжская железная дорога: one magenta per regional railway
Саратов II-Товарный — Петров Вал,Приволжская железная дорога,#CC3D8C,picked,,Приволжская железная дорога: one magenta per regional railway
Саратов II-Товарный — Саратов-Порт,Приволжская железная дорога,#CC3D8C,picked,,Приволжская железная дорога: one magenta per regional railway
Саратов III — Князевка,Приволжская железная дорога,#CC3D8C,picked,,Приволжская железная дорога: one magenta per regional railway
Саратов III — Саратов I-Пассажирский,Приволжская железная дорога,#CC3D8C,picked,,Приволжская железная дорога: one magenta per regional railway
Сарепта — Южная,Приволжская железная дорога,#CC3D8C,picked,,Приволжская железная дорога: one magenta per regional railway
Сенная — Громово,Приволжская железная дорога,#CC3D8C,picked,,Приволжская железная дорога: one magenta per regional railway
Сенная — Пугачевск,Приволжская железная дорога,#CC3D8C,picked,,Приволжская железная дорога: one magenta per regional railway
Сенная — Трофимовский I,Приволжская железная дорога,#CC3D8C,picked,,Приволжская железная дорога: one magenta per regional railway
Трофимовский I — Саратов II-Товарный,Приволжская железная дорога,#CC3D8C,picked,,Приволжская железная дорога: one magenta per regional railway
Трусово — Олейниково (рзд),Приволжская железная дорога,#CC3D8C,picked,,Приволжская железная дорога: one magenta per regional railway
Урбах — Красный Кут,Приволжская железная дорога,#CC3D8C,picked,,Приволжская железная дорога: one magenta per regional railway
Урбах — Саратов II-Товарный,Приволжская железная дорога,#CC3D8C,picked,,Приволжская железная дорога: one magenta per regional railway
Филоново — Дуплятка,Приволжская железная дорога,#CC3D8C,picked,,Приволжская железная дорога: one magenta per regional railway
Акбаш — Алнаши,Куйбышевская железная дорога,#A0753F,picked,,Куйбышевская железная дорога: one brown per regional railway
Акбаш — Чишмы,Куйбышевская железная дорога,#A0753F,picked,,Куйбышевская железная дорога: one brown per regional railway
Безымянка — Кинель,Куйбышевская железная дорога,#A0753F,picked,,Куйбышевская железная дорога: one brown per regional railway
Безымянка — Самарка,Куйбышевская железная дорога,#A0753F,picked,,Куйбышевская железная дорога: one brown per regional railway
Биклянь — Нижнекамск,Куйбышевская железная дорога,#A0753F,picked,,Куйбышевская железная дорога: one brown per regional railway
Вернадовка — Морсово,Куйбышевская железная дорога,#A0753F,picked,,Куйбышевская железная дорога: one brown per regional railway
Вернадовка — Пенза I,Куйбышевская железная дорога,#A0753F,picked,,Куйбышевская железная дорога: one brown per regional railway
Дема — Карламан,Куйбышевская железная дорога,#A0753F,picked,,Куйбышевская железная дорога: one brown per regional railway
Дема — Черниковка,Куйбышевская железная дорога,#A0753F,picked,,Куйбышевская железная дорога: one brown per regional railway
Жигулевское Море — Безымянка,Куйбышевская железная дорога,#A0753F,picked,,Куйбышевская железная дорога: one brown per regional railway
Жигулевское Море — Тольятти,Куйбышевская железная дорога,#A0753F,picked,,Куйбышевская железная дорога: one brown per regional railway
Жигулевское Море — Химическая,Куйбышевская железная дорога,#A0753F,picked,,Куйбышевская железная дорога: one brown per regional railway
Звезда — Самара,Куйбышевская железная дорога,#A0753F,picked,,Куйбышевская железная дорога: one brown per regional railway
Звезда — Чагра,Куйбышевская железная дорога,#A0753F,picked,,Куйбышевская железная дорога: one brown per regional railway
Инза — Новообразцовое,Куйбышевская железная дорога,#A0753F,picked,,Куйбышевская железная дорога: one brown per regional railway
Инза — Ульяновск-Центральный,Куйбышевская железная дорога,#A0753F,picked,,Куйбышевская железная дорога: one brown per regional railway
Карламан — Белорецк,Куйбышевская железная дорога,#A0753F,picked,,Куйбышевская железная дорога: one brown per regional railway
Карламан — Мурапталово,Куйбышевская железная дорога,#A0753F,picked,,Куйбышевская железная дорога: one brown per regional railway
Кинель — Чишмы,Куйбышевская железная дорога,#A0753F,picked,,Куйбышевская железная дорога: one brown per regional railway
Красный Узел — Рузаевка,Куйбышевская железная дорога,#A0753F,picked,,Куйбышевская железная дорога: one brown per regional railway
Кустаревка — Рузаевка,Куйбышевская железная дорога,#A0753F,picked,,Куйбышевская железная дорога: one brown per regional railway
Никашновка — Биклянь,Куйбышевская железная дорога,#A0753F,picked,,Куйбышевская железная дорога: one brown per regional railway
Новообразцовое — Сызрань I,Куйбышевская железная дорога,#A0753F,picked,,Куйбышевская железная дорога: one brown per regional railway
Ост. Пункт 1638 км — Кропачево,Куйбышевская железная дорога,#A0753F,picked,,Куйбышевская железная дорога: one brown per regional railway
Пенза I — Пенза II,Куйбышевская железная дорога,#A0753F,picked,,Куйбышевская железная дорога: one brown per regional railway
Пенза I — Пенза III,Куйбышевская железная дорога,#A0753F,picked,,Куйбышевская железная дорога: one brown per regional railway
Пенза I — Пенза IV,Куйбышевская железная дорога,#A0753F,picked,,Куйбышевская железная дорога: one brown per regional railway
Пенза II — Новообразцовое,Куйбышевская железная дорога,#A0753F,picked,,Куйбышевская железная дорога: one brown per regional railway
Пенза II — Пенза III,Куйбышевская железная дорога,#A0753F,picked,,Куйбышевская железная дорога: one brown per regional railway
Пенза III — Кривозеровка,Куйбышевская железная дорога,#A0753F,picked,,Куйбышевская железная дорога: one brown per regional railway
Пенза III — Пенза IV,Куйбышевская железная дорога,#A0753F,picked,,Куйбышевская железная дорога: one brown per regional railway
Рузаевка — Инза,Куйбышевская железная дорога,#A0753F,picked,,Куйбышевская железная дорога: one brown per regional railway
Рузаевка — Пенза IV,Куйбышевская железная дорога,#A0753F,picked,,Куйбышевская железная дорога: one brown per regional railway
Ряжск II — Вернадовка,Куйбышевская железная дорога,#A0753F,picked,,Куйбышевская железная дорога: one brown per regional railway
Самара — Безымянка,Куйбышевская железная дорога,#A0753F,picked,,Куйбышевская железная дорога: one brown per regional railway
Самара — Бухта (перев.),Куйбышевская железная дорога,#A0753F,picked,,Куйбышевская железная дорога: one brown per regional railway
Сызрань I — Громово,Куйбышевская железная дорога,#A0753F,picked,,Куйбышевская железная дорога: one brown per regional railway
Сызрань I — Жигулевское Море,Куйбышевская железная дорога,#A0753F,picked,,Куйбышевская железная дорога: one brown per regional railway
Сызрань I — Звезда,Куйбышевская железная дорога,#A0753F,picked,,Куйбышевская железная дорога: one brown per regional railway
Сызрань-Город — Новосызранский,Куйбышевская железная дорога,#A0753F,picked,,Куйбышевская железная дорога: one brown per regional railway
Ульяновск-Центральный — Акбаш,Куйбышевская железная дорога,#A0753F,picked,,Куйбышевская железная дорога: one brown per regional railway
Ульяновск-Центральный — Сызрань I,Куйбышевская железная дорога,#A0753F,picked,,Куйбышевская железная дорога: one brown per regional railway
Ульяновск-Центральный — Ульяновск I,Куйбышевская железная дорога,#A0753F,picked,,Куйбышевская железная дорога: one brown per regional railway
Ульяновск-Центральный — Цильна,Куйбышевская железная дорога,#A0753F,picked,,Куйбышевская железная дорога: one brown per regional railway
Черниковка — Спортивная,Куйбышевская железная дорога,#A0753F,picked,,Куйбышевская железная дорога: one brown per regional railway
Чишмы — Дема,Куйбышевская железная дорога,#A0753F,picked,,Куйбышевская железная дорога: one brown per regional railway
Илецк I — Кандыагаш,Қазақстан темір жолы,#1E9E8F,picked,,Қазақстан темір жолы: one teal per regional railway
Азиатская — Качканар,Свердловская железная дорога,#2F7FD8,picked,,Свердловская железная дорога: one blue per regional railway
Алапаевск — Егоршино,Свердловская железная дорога,#2F7FD8,picked,,Свердловская железная дорога: one blue per regional railway
Аппаратная — Егоршино,Свердловская железная дорога,#2F7FD8,picked,,Свердловская железная дорога: one blue per regional railway
Баженово — Асбест,Свердловская железная дорога,#2F7FD8,picked,,Свердловская железная дорога: one blue per regional railway
Богданович — Каменск-Уральский,Свердловская железная дорога,#2F7FD8,picked,,Свердловская железная дорога: one blue per regional railway
Богданович — Тюмень,Свердловская железная дорога,#2F7FD8,picked,,Свердловская железная дорога: one blue per regional railway
Верхнекондинская — Агириш,Свердловская железная дорога,#2F7FD8,picked,,Свердловская железная дорога: one blue per regional railway
Войновка — Называевская,Свердловская железная дорога,#2F7FD8,picked,,Свердловская железная дорога: one blue per regional railway
Войновка — Ульт-Ягун,Свердловская железная дорога,#2F7FD8,picked,,Свердловская железная дорога: one blue per regional railway
Воронцовка — Карпинск,Свердловская железная дорога,#2F7FD8,picked,,Свердловская железная дорога: one blue per regional railway
Выя — Нижняя Тура,Свердловская железная дорога,#2F7FD8,picked,,Свердловская железная дорога: one blue per regional railway
Гороблагодатская — Серов-Сортировочный,Свердловская железная дорога,#2F7FD8,picked,,Свердловская железная дорога: one blue per regional railway
Гороблагодатская — Смычка,Свердловская железная дорога,#2F7FD8,picked,,Свердловская железная дорога: one blue per regional railway
Дружинино — Екатеринбург-Сортировочный,Свердловская железная дорога,#2F7FD8,picked,,Свердловская железная дорога: one blue per regional railway
Дружинино — Михайловский Завод,Свердловская железная дорога,#2F7FD8,picked,,Свердловская железная дорога: one blue per regional railway
Егоршино — Богданович,Свердловская железная дорога,#2F7FD8,picked,,Свердловская железная дорога: one blue per regional railway
Егоршино — Устье-Аха,Свердловская железная дорога,#2F7FD8,picked,,Свердловская железная дорога: one blue per regional railway
Екатеринбург-Сортировочный — Смычка,Свердловская железная дорога,#2F7FD8,picked,,Свердловская железная дорога: one blue per regional railway
Екатеринбург-Сортировочный — Шарташ,Свердловская железная дорога,#2F7FD8,picked,,Свердловская железная дорога: one blue per regional railway
Ивдель II (пп) — Приобье,Свердловская железная дорога,#2F7FD8,picked,,Свердловская железная дорога: one blue per regional railway
Калино — Кузино,Свердловская железная дорога,#2F7FD8,picked,,Свердловская железная дорога: one blue per regional railway
Калино — Чусовская,Свердловская железная дорога,#2F7FD8,picked,,Свердловская железная дорога: one blue per regional railway
Каменск-Уральский — Колчедан,Свердловская железная дорога,#2F7FD8,picked,,Свердловская железная дорога: one blue per regional railway
Каменск-Уральский — Нижняя,Свердловская железная дорога,#2F7FD8,picked,,Свердловская железная дорога: one blue per regional railway
Коротчаево — Ямбург,Свердловская железная дорога,#2F7FD8,picked,,Свердловская железная дорога: one blue per regional railway
Кузино — Екатеринбург-Сортировочный,Свердловская железная дорога,#2F7FD8,picked,,Свердловская железная дорога: one blue per regional railway
Левшино — Калино,Свердловская железная дорога,#2F7FD8,picked,,Свердловская железная дорога: one blue per regional railway
Левшино — Няр,Свердловская железная дорога,#2F7FD8,picked,,Свердловская железная дорога: one blue per regional railway
Новая Заря — Сосьва,Свердловская железная дорога,#2F7FD8,picked,,Свердловская железная дорога: one blue per regional railway
Няр — Соликамск,Свердловская железная дорога,#2F7FD8,picked,,Свердловская железная дорога: one blue per regional railway
Няр — Чусовская,Свердловская железная дорога,#2F7FD8,picked,,Свердловская железная дорога: one blue per regional railway
Оверята — Краснокамск,Свердловская железная дорога,#2F7FD8,picked,,Свердловская железная дорога: one blue per regional railway
Пермь II — Кузино,Свердловская железная дорога,#2F7FD8,picked,,Свердловская железная дорога: one blue per regional railway
Пермь II — Левшино,Свердловская железная дорога,#2F7FD8,picked,,Свердловская железная дорога: one blue per regional railway
Пермь-Сортировочная — Левшино,Свердловская железная дорога,#2F7FD8,picked,,Свердловская железная дорога: one blue per regional railway
Пермь-Сортировочная — Пермь II,Свердловская железная дорога,#2F7FD8,picked,,Свердловская железная дорога: one blue per regional railway
Пурпе — Сывдарма,Свердловская железная дорога,#2F7FD8,picked,,Свердловская железная дорога: one blue per regional railway
Рефт — Ост. Пункт 21 км,Свердловская железная дорога,#2F7FD8,picked,,Свердловская железная дорога: one blue per regional railway
Серов-Сортировочный — Алапаевск,Свердловская железная дорога,#2F7FD8,picked,,Свердловская железная дорога: one blue per regional railway
Серов-Сортировочный — Ивдель II (пп),Свердловская железная дорога,#2F7FD8,picked,,Свердловская железная дорога: one blue per regional railway
Серов-Сортировочный — Каква,Свердловская железная дорога,#2F7FD8,picked,,Свердловская железная дорога: one blue per regional railway
Серов-Сортировочный — Покровск-Уральский,Свердловская железная дорога,#2F7FD8,picked,,Свердловская железная дорога: one blue per regional railway
Смычка — Алапаевск,Свердловская железная дорога,#2F7FD8,picked,,Свердловская железная дорога: one blue per regional railway
Тюмень — Войновка (перев.),Свердловская железная дорога,#2F7FD8,picked,,Свердловская железная дорога: one blue per regional railway
Ульт-Ягун — Нижневартовск I,Свердловская железная дорога,#2F7FD8,picked,,Свердловская железная дорога: one blue per regional railway
Ульт-Ягун — Пурпе,Свердловская железная дорога,#2F7FD8,picked,,Свердловская железная дорога: one blue per regional railway
Чепца — Пермь-Сортировочная,Свердловская железная дорога,#2F7FD8,picked,,Свердловская железная дорога: one blue per regional railway
Чусовская — Гороблагодатская,Свердловская железная дорога,#2F7FD8,picked,,Свердловская железная дорога: one blue per regional railway
Шарташ — Аппаратная,Свердловская железная дорога,#2F7FD8,picked,,Свердловская железная дорога: one blue per regional railway
Шарташ — Богданович,Свердловская железная дорога,#2F7FD8,picked,,Свердловская железная дорога: one blue per regional railway
Шарташ — Каменск-Уральский,Свердловская железная дорога,#2F7FD8,picked,,Свердловская железная дорога: one blue per regional railway
Шарташ — Полевской,Свердловская железная дорога,#2F7FD8,picked,,Свердловская железная дорога: one blue per regional railway
Яйва — Чашкино,Свердловская железная дорога,#2F7FD8,picked,,Свердловская железная дорога: one blue per regional railway
Ай — Титан,Южно-Уральская железная дорога,#3FA34D,picked,,Южно-Уральская железная дорога: one green per regional railway
Бердяуш — Бакал,Южно-Уральская железная дорога,#3FA34D,picked,,Южно-Уральская железная дорога: one green per regional railway
Бердяуш — Михайловский Завод,Южно-Уральская железная дорога,#3FA34D,picked,,Южно-Уральская железная дорога: one green per regional railway
Бердяуш — Полетаево I,Южно-Уральская железная дорога,#3FA34D,picked,,Южно-Уральская железная дорога: one green per regional railway
Еманжелинск — Золотая Сопка,Южно-Уральская железная дорога,#3FA34D,picked,,Южно-Уральская железная дорога: one green per regional railway
Золотая Сопка — Карталы I,Южно-Уральская железная дорога,#3FA34D,picked,,Южно-Уральская железная дорога: one green per regional railway
Золотая Сопка — Карталы I,Южно-Уральская железная дорога,#3FA34D,picked,,Южно-Уральская железная дорога: one green per regional railway
Карталы I — Белорецк,Южно-Уральская железная дорога,#3FA34D,picked,,Южно-Уральская железная дорога: one green per regional railway
Карталы I — Никель,Южно-Уральская железная дорога,#3FA34D,picked,,Южно-Уральская железная дорога: one green per regional railway
Красногвардеец II — Кинель,Южно-Уральская железная дорога,#3FA34D,picked,,Южно-Уральская железная дорога: one green per regional railway
Красногвардеец II — Новоперелюбская,Южно-Уральская железная дорога,#3FA34D,picked,,Южно-Уральская железная дорога: one green per regional railway
Кропачево — Бердяуш,Южно-Уральская железная дорога,#3FA34D,picked,,Южно-Уральская железная дорога: one green per regional railway
Курган — Колчедан,Южно-Уральская железная дорога,#3FA34D,picked,,Южно-Уральская железная дорога: one green per regional railway
Курган — Утяк,Южно-Уральская железная дорога,#3FA34D,picked,,Южно-Уральская железная дорога: one green per regional railway
Межозерная — Потанино,Южно-Уральская железная дорога,#3FA34D,picked,,Южно-Уральская железная дорога: one green per regional railway
Никель — Сакмарская,Южно-Уральская железная дорога,#3FA34D,picked,,Южно-Уральская железная дорога: one green per regional railway
Оренбург — Канисай (рзд),Южно-Уральская железная дорога,#3FA34D,picked,,Южно-Уральская железная дорога: one green per regional railway
Оренбург — Красногвардеец II,Южно-Уральская железная дорога,#3FA34D,picked,,Южно-Уральская железная дорога: one green per regional railway
Полетаево I — Еманжелинск,Южно-Уральская железная дорога,#3FA34D,picked,,Южно-Уральская железная дорога: one green per regional railway
Полетаево I — Челябинск-Главный,Южно-Уральская железная дорога,#3FA34D,picked,,Южно-Уральская железная дорога: one green per regional railway
Разъезд № 213-а — Орск-Новый Город,Южно-Уральская железная дорога,#3FA34D,picked,,Южно-Уральская железная дорога: one green per regional railway
Разъезд № 22 — Сибай,Южно-Уральская железная дорога,#3FA34D,picked,,Южно-Уральская железная дорога: one green per regional railway
Сакмарская — Мурапталово,Южно-Уральская железная дорога,#3FA34D,picked,,Южно-Уральская железная дорога: one green per regional railway
Сакмарская — Оренбург,Южно-Уральская железная дорога,#3FA34D,picked,,Южно-Уральская железная дорога: one green per regional railway
Троицк — Троицк-ГРЭС,Южно-Уральская железная дорога,#3FA34D,picked,,Южно-Уральская железная дорога: one green per regional railway
Утяк — Петропавловск,Южно-Уральская железная дорога,#3FA34D,picked,,Южно-Уральская железная дорога: one green per regional railway
Формачево — Южноуральск,Южно-Уральская железная дорога,#3FA34D,picked,,Южно-Уральская железная дорога: one green per regional railway
Челябинск-Главный — Еманжелинск,Южно-Уральская железная дорога,#3FA34D,picked,,Южно-Уральская железная дорога: one green per regional railway
Челябинск-Главный — Челябинск-Грузовой,Южно-Уральская железная дорога,#3FA34D,picked,,Южно-Уральская железная дорога: one green per regional railway
Челябинск-Главный — Чурилово,Южно-Уральская железная дорога,#3FA34D,picked,,Южно-Уральская железная дорога: one green per regional railway
Чурилово — Курган,Южно-Уральская железная дорога,#3FA34D,picked,,Южно-Уральская железная дорога: one green per regional railway
Чурилово — Нижняя,Южно-Уральская железная дорога,#3FA34D,picked,,Южно-Уральская железная дорога: one green per regional railway
Электростанция — Восточный (пп),Южно-Уральская железная дорога,#3FA34D,picked,,Южно-Уральская железная дорога: one green per regional railway
Электростанция — Полевской,Южно-Уральская железная дорога,#3FA34D,picked,,Южно-Уральская железная дорога: one green per regional railway
Электростанция — Челябинск-Главный,Южно-Уральская железная дорога,#3FA34D,picked,,Южно-Уральская железная дорога: one green per regional railway
Алтайская — Артышта II,Западно-Сибирская железная дорога,#E08E0B,picked,,Западно-Сибирская железная дорога: one orange per regional railway
Алтайская — Барнаул,Западно-Сибирская железная дорога,#E08E0B,picked,,Западно-Сибирская железная дорога: one orange per regional railway
Алтайская — Бийск (эксп.),Западно-Сибирская железная дорога,#E08E0B,picked,,Западно-Сибирская железная дорога: one orange per regional railway
Анжерская — Барзас,Западно-Сибирская железная дорога,#E08E0B,picked,,Западно-Сибирская железная дорога: one orange per regional railway
Артышта I — Артышта II,Западно-Сибирская железная дорога,#E08E0B,picked,,Западно-Сибирская железная дорога: one orange per regional railway
Артышта II — Новокузнецк-Восточный,Западно-Сибирская железная дорога,#E08E0B,picked,,Западно-Сибирская железная дорога: one orange per regional railway
Артышта II — Томусинская,Западно-Сибирская железная дорога,#E08E0B,picked,,Западно-Сибирская железная дорога: one orange per regional railway
Артышта II — Томусинская,Западно-Сибирская железная дорога,#E08E0B,picked,,Западно-Сибирская железная дорога: one orange per regional railway
Барнаул — Кулунда,Западно-Сибирская железная дорога,#E08E0B,picked,,Западно-Сибирская железная дорога: one orange per regional railway
Барнаул — Локоть (эксп. на Рубцовск),Западно-Сибирская железная дорога,#E08E0B,picked,,Западно-Сибирская железная дорога: one orange per regional railway
Болотная — Юрга I,Западно-Сибирская железная дорога,#E08E0B,picked,,Западно-Сибирская железная дорога: one orange per regional railway
Входная — Карбышево II,Западно-Сибирская железная дорога,#E08E0B,picked,,Западно-Сибирская железная дорога: one orange per regional railway
Инская — Сокур,Западно-Сибирская железная дорога,#E08E0B,picked,,Западно-Сибирская железная дорога: one orange per regional railway
Инская — Среднесибирская,Западно-Сибирская железная дорога,#E08E0B,picked,,Западно-Сибирская железная дорога: one orange per regional railway
Инская — Тогучин,Западно-Сибирская железная дорога,#E08E0B,picked,,Западно-Сибирская железная дорога: one orange per regional railway
Иня-Восточная — Клюквенный,Западно-Сибирская железная дорога,#E08E0B,picked,,Западно-Сибирская железная дорога: one orange per regional railway
Иртышское — Осолодино (обп),Западно-Сибирская железная дорога,#E08E0B,picked,,Западно-Сибирская железная дорога: one orange per regional railway
Ишаново — Предкомбинат,Западно-Сибирская железная дорога,#E08E0B,picked,,Западно-Сибирская железная дорога: one orange per regional railway
Карасук I — Чебачий (обп),Западно-Сибирская железная дорога,#E08E0B,picked,,Западно-Сибирская железная дорога: one orange per regional railway
Карбышево I — Иртышское,Западно-Сибирская железная дорога,#E08E0B,picked,,Западно-Сибирская железная дорога: one orange per regional railway
Карбышево I — Татарская,Западно-Сибирская железная дорога,#E08E0B,picked,,Западно-Сибирская железная дорога: one orange per regional railway
Кузбасс (пп) — Артышта I,Западно-Сибирская железная дорога,#E08E0B,picked,,Западно-Сибирская железная дорога: one orange per regional railway
Междуреченск — Междуреченск-Город (п),Западно-Сибирская железная дорога,#E08E0B,picked,,Западно-Сибирская железная дорога: one orange per regional railway
Называевская — Карбышево I,Западно-Сибирская железная дорога,#E08E0B,picked,,Западно-Сибирская железная дорога: one orange per regional railway
Новокузнецк — Водный (рзд),Западно-Сибирская железная дорога,#E08E0B,picked,,Западно-Сибирская железная дорога: one orange per regional railway
Новокузнецк-Восточный — Бардино (через ст. Полосухино),Западно-Сибирская железная дорога,#E08E0B,picked,,Западно-Сибирская железная дорога: one orange per regional railway
Новокузнецк-Восточный — Таштагол,Западно-Сибирская железная дорога,#E08E0B,picked,,Западно-Сибирская железная дорога: one orange per regional railway
Новокузнецк-Восточный — Томусинская,Западно-Сибирская железная дорога,#E08E0B,picked,,Западно-Сибирская железная дорога: one orange per regional railway
Новосибирск-Главный — Инская,Западно-Сибирская железная дорога,#E08E0B,picked,,Западно-Сибирская железная дорога: one orange per regional railway
Новосибирск-Главный — Сокур,Западно-Сибирская железная дорога,#E08E0B,picked,,Западно-Сибирская железная дорога: one orange per regional railway
Обь — Инская,Западно-Сибирская железная дорога,#E08E0B,picked,,Западно-Сибирская железная дорога: one orange per regional railway
Обь — Новосибирск-Главный,Западно-Сибирская железная дорога,#E08E0B,picked,,Западно-Сибирская железная дорога: one orange per regional railway
Осолодино (обп) — Кулунда,Западно-Сибирская железная дорога,#E08E0B,picked,,Западно-Сибирская железная дорога: one orange per regional railway
Осолодино (обп) — Среднесибирская,Западно-Сибирская железная дорога,#E08E0B,picked,,Западно-Сибирская железная дорога: one orange per regional railway
Петрушенко (обп) — Входная,Западно-Сибирская железная дорога,#E08E0B,picked,,Западно-Сибирская железная дорога: one orange per regional railway
Проектная — Артышта I,Западно-Сибирская железная дорога,#E08E0B,picked,,Западно-Сибирская железная дорога: one orange per regional railway
Пут. Пост 2742 км — Карбышево I,Западно-Сибирская железная дорога,#E08E0B,picked,,Западно-Сибирская железная дорога: one orange per regional railway
Сибирская — Иня (рзд),Западно-Сибирская железная дорога,#E08E0B,picked,,Западно-Сибирская железная дорога: one orange per regional railway
Сокур — Болотная,Западно-Сибирская железная дорога,#E08E0B,picked,,Западно-Сибирская железная дорога: one orange per regional railway
Среднесибирская — Алтайская,Западно-Сибирская железная дорога,#E08E0B,picked,,Западно-Сибирская железная дорога: one orange per regional railway
Тайга — Белый Яр,Западно-Сибирская железная дорога,#E08E0B,picked,,Западно-Сибирская железная дорога: one orange per regional railway
Тайга — Ост. Пункт 3704 км,Западно-Сибирская железная дорога,#E08E0B,picked,,Западно-Сибирская железная дорога: one orange per regional railway
Татарская — Обь,Западно-Сибирская железная дорога,#E08E0B,picked,,Западно-Сибирская железная дорога: one orange per regional railway
Татарская — Осолодино (обп),Западно-Сибирская железная дорога,#E08E0B,picked,,Западно-Сибирская железная дорога: one orange per regional railway
Тогучин — Проектная,Западно-Сибирская железная дорога,#E08E0B,picked,,Западно-Сибирская железная дорога: one orange per regional railway
Томусинская — Междуреченск,Западно-Сибирская железная дорога,#E08E0B,picked,,Западно-Сибирская железная дорога: one orange per regional railway
Топки — Барзас,Западно-Сибирская железная дорога,#E08E0B,picked,,Западно-Сибирская железная дорога: one orange per regional railway
Топки — Проектная,Западно-Сибирская железная дорога,#E08E0B,picked,,Западно-Сибирская железная дорога: one orange per regional railway
Учулен — Ахпун,Западно-Сибирская железная дорога,#E08E0B,picked,,Западно-Сибирская железная дорога: one orange per regional railway
Цаплино — Укладочный,Западно-Сибирская железная дорога,#E08E0B,picked,,Западно-Сибирская железная дорога: one orange per regional railway
Юрга I — Тайга,Западно-Сибирская железная дорога,#E08E0B,picked,,Западно-Сибирская железная дорога: one orange per regional railway
Юрга I — Топки,Западно-Сибирская железная дорога,#E08E0B,picked,,Западно-Сибирская железная дорога: one orange per regional railway
Юрга II — Пут. Пост 149 км,Западно-Сибирская железная дорога,#E08E0B,picked,,Западно-Сибирская железная дорога: one orange per regional railway
Багерово — Керчь-Южная Новый Парк,Крымская железная дорога,#A0753F,picked,,Крымская железная дорога: one brown per regional railway
Владиславовка — Джанкой,Крымская железная дорога,#A0753F,picked,,Крымская железная дорога: one brown per regional railway
Владиславовка — Феодосия,Крымская железная дорога,#A0753F,picked,,Крымская железная дорога: one brown per regional railway
Джанкой — Армянск (эксп.),Крымская железная дорога,#A0753F,picked,,Крымская железная дорога: one brown per regional railway
Джанкой — Остряково,Крымская железная дорога,#A0753F,picked,,Крымская железная дорога: one brown per regional railway
Евпатория-Товарная — Евпатория-Курорт,Крымская железная дорога,#A0753F,picked,,Крымская железная дорога: one brown per regional railway
Керчь — Аршинцево (эксп.),Крымская железная дорога,#A0753F,picked,,Крымская железная дорога: one brown per regional railway
Керчь — Владиславовка,Крымская железная дорога,#A0753F,picked,,Крымская железная дорога: one brown per regional railway
Керчь-Южная — Керчь-Южная Новый Парк,Крымская железная дорога,#A0753F,picked,,Крымская железная дорога: one brown per regional railway
Остряково — Евпатория-Товарная,Крымская железная дорога,#A0753F,picked,,Крымская железная дорога: one brown per regional railway
Остряково — Севастополь,Крымская железная дорога,#A0753F,picked,,Крымская железная дорога: one brown per regional railway
Соленое Озеро (стык.) — Джанкой,Крымская железная дорога,#A0753F,picked,,Крымская железная дорога: one brown per regional railway
Аскиз — Абаза,Красноярская железная дорога,#8A5CC2,picked,,Красноярская железная дорога: one purple per regional railway
Ачинск I — Лесосибирск,Красноярская железная дорога,#8A5CC2,picked,,Красноярская железная дорога: one purple per regional railway
Ачинск I — Тигей,Красноярская железная дорога,#8A5CC2,picked,,Красноярская железная дорога: one purple per regional railway
Ачинск I — Уяр,Красноярская железная дорога,#8A5CC2,picked,,Красноярская железная дорога: one purple per regional railway
Бугач — Зыково,Красноярская железная дорога,#8A5CC2,picked,,Красноярская железная дорога: one purple per regional railway
Енисей — Дивногорск,Красноярская железная дорога,#8A5CC2,picked,,Красноярская железная дорога: one purple per regional railway
Мариинск — Ачинск I,Красноярская железная дорога,#8A5CC2,picked,,Красноярская железная дорога: one purple per regional railway
Междуреченск — Тигей,Красноярская железная дорога,#8A5CC2,picked,,Красноярская железная дорога: one purple per regional railway
Решоты — Карабула,Красноярская железная дорога,#8A5CC2,picked,,Красноярская железная дорога: one purple per regional railway
Саянская — Тайшет,Красноярская железная дорога,#8A5CC2,picked,,Красноярская железная дорога: one purple per regional railway
Тигей — Саянская,Красноярская железная дорога,#8A5CC2,picked,,Красноярская железная дорога: one purple per regional railway
Уяр — Саянская,Красноярская железная дорога,#8A5CC2,picked,,Красноярская железная дорога: one purple per regional railway
Уяр — Юрты,Красноярская железная дорога,#8A5CC2,picked,,Красноярская железная дорога: one purple per regional railway
Нерюнгри-Пассажирская — Томмот,Железные дороги Якутии,#E08E0B,picked,,Железные дороги Якутии: one orange per regional railway
Томмот — Нижний Бестях,Железные дороги Якутии,#E08E0B,picked,,Железные дороги Якутии: one orange per regional railway
Заудинский — Наушки (эксп. ДСВН),Восточно-Сибирская железная дорога,#1E9E8F,picked,,Восточно-Сибирская железная дорога: one teal per regional railway
Заудинский — Петровский Завод,Восточно-Сибирская железная дорога,#1E9E8F,picked,,Восточно-Сибирская железная дорога: one teal per regional railway
Иркутск-Пассажирский — Улан-Удэ,Восточно-Сибирская железная дорога,#1E9E8F,picked,,Восточно-Сибирская железная дорога: one teal per regional railway
Лена-Восточная — Хани,Восточно-Сибирская железная дорога,#1E9E8F,picked,,Восточно-Сибирская железная дорога: one teal per regional railway
Моргудон (рзд) — Галачинский (рзд),Восточно-Сибирская железная дорога,#1E9E8F,picked,,Восточно-Сибирская железная дорога: one teal per regional railway
Слюдянка I — Байкал,Восточно-Сибирская железная дорога,#1E9E8F,picked,,Восточно-Сибирская железная дорога: one teal per regional railway
Тайшет — Иркутск-Пассажирский,Восточно-Сибирская железная дорога,#1E9E8F,picked,,Восточно-Сибирская железная дорога: one teal per regional railway
Тайшет — Лена-Восточная,Восточно-Сибирская железная дорога,#1E9E8F,picked,,Восточно-Сибирская железная дорога: one teal per regional railway
Тайшет — Юрты,Восточно-Сибирская железная дорога,#1E9E8F,picked,,Восточно-Сибирская железная дорога: one teal per regional railway
Улан-Удэ — Заудинский,Восточно-Сибирская железная дорога,#1E9E8F,picked,,Восточно-Сибирская железная дорога: one teal per regional railway
Хребтовая — Усть-Илимск,Восточно-Сибирская железная дорога,#1E9E8F,picked,,Восточно-Сибирская железная дорога: one teal per regional railway
Бамовская — Белогорск,Забайкальская железная дорога,#D7263D,picked,,Забайкальская железная дорога: one red per regional railway
Белогорск — Архара,Забайкальская железная дорога,#D7263D,picked,,Забайкальская железная дорога: one red per regional railway
Белогорск — Благовещенск,Забайкальская железная дорога,#D7263D,picked,,Забайкальская железная дорога: one red per regional railway
Борзя — Забайкальск (эксп. ДСВН),Забайкальская железная дорога,#D7263D,picked,,Забайкальская железная дорога: one red per regional railway
Карымская — Борзя,Забайкальская железная дорога,#D7263D,picked,,Забайкальская железная дорога: one red per regional railway
Карымская — Куэнга,Забайкальская железная дорога,#D7263D,picked,,Забайкальская железная дорога: one red per regional railway
Куэнга — Бамовская,Забайкальская железная дорога,#D7263D,picked,,Забайкальская железная дорога: one red per regional railway
Куэнга — Сретенск,Забайкальская железная дорога,#D7263D,picked,,Забайкальская железная дорога: one red per regional railway
Петровский Завод — Карымская,Забайкальская железная дорога,#D7263D,picked,,Забайкальская железная дорога: one red per regional railway
Харанор — Приаргунск,Забайкальская железная дорога,#D7263D,picked,,Забайкальская железная дорога: one red per regional railway
Чернышевск-Забайкальский — Букачача,Забайкальская железная дорога,#D7263D,picked,,Забайкальская железная дорога: one red per regional railway
Арсентьевка — Победино-Сахалинское,Дальневосточная железная дорога,#2F7FD8,picked,,Дальневосточная железная дорога: one blue per regional railway
Архара — Известковая,Дальневосточная железная дорога,#2F7FD8,picked,,Дальневосточная железная дорога: one blue per regional railway
Барановский — Гвоздево,Дальневосточная железная дорога,#2F7FD8,picked,,Дальневосточная железная дорога: one blue per regional railway
Барановский — Угольная (перев.),Дальневосточная железная дорога,#2F7FD8,picked,,Дальневосточная железная дорога: one blue per regional railway
Бестужево (рзд) — Нерюнгри-Пассажирская,Дальневосточная железная дорога,#2F7FD8,picked,,Дальневосточная железная дорога: one blue per regional railway
Бестужево (рзд) — Новый Ургал,Дальневосточная железная дорога,#2F7FD8,picked,,Дальневосточная железная дорога: one blue per regional railway
Биробиджан I — Волочаевка I,Дальневосточная железная дорога,#2F7FD8,picked,,Дальневосточная железная дорога: one blue per regional railway
Ванино — Советская Гавань-Сортировочная (эксп.),Дальневосточная железная дорога,#2F7FD8,picked,,Дальневосточная железная дорога: one blue per regional railway
Волочаевка I — Волочаевка II,Дальневосточная железная дорога,#2F7FD8,picked,,Дальневосточная железная дорога: one blue per regional railway
Волочаевка I — Дежневка (через ст. Тунгусский),Дальневосточная железная дорога,#2F7FD8,picked,,Дальневосточная железная дорога: one blue per regional railway
Волочаевка II — Дежневка,Дальневосточная железная дорога,#2F7FD8,picked,,Дальневосточная железная дорога: one blue per regional railway
Волочаевка II — Комсомольск-Сортировочный,Дальневосточная железная дорога,#2F7FD8,picked,,Дальневосточная железная дорога: one blue per regional railway
Вторая Речка — Мыс-Чуркин,Дальневосточная железная дорога,#2F7FD8,picked,,Дальневосточная железная дорога: one blue per regional railway
Гвоздево — Краскино,Дальневосточная железная дорога,#2F7FD8,picked,,Дальневосточная железная дорога: one blue per regional railway
Гвоздево — Хасан,Дальневосточная железная дорога,#2F7FD8,picked,,Дальневосточная железная дорога: one blue per regional railway
Дежневка — Хабаровск I,Дальневосточная железная дорога,#2F7FD8,picked,,Дальневосточная железная дорога: one blue per regional railway
Дубининский — Уссурийск,Дальневосточная железная дорога,#2F7FD8,picked,,Дальневосточная железная дорога: one blue per regional railway
Известковая — Биробиджан I,Дальневосточная железная дорога,#2F7FD8,picked,,Дальневосточная железная дорога: one blue per regional railway
Комсомольск-Сортировочный — Ванино,Дальневосточная железная дорога,#2F7FD8,picked,,Дальневосточная железная дорога: one blue per regional railway
Комсомольск-Сортировочный — Дземги (эксп.),Дальневосточная железная дорога,#2F7FD8,picked,,Дальневосточная железная дорога: one blue per regional railway
Комсомольск-на-Амуре — Комсомольск-на-Амуре-II (рзд),Дальневосточная железная дорога,#2F7FD8,picked,,Дальневосточная железная дорога: one blue per regional railway
Корсаков — Южно-Сахалинск,Дальневосточная железная дорога,#2F7FD8,picked,,Дальневосточная железная дорога: one blue per regional railway
Махалино — Камышовая,Дальневосточная железная дорога,#2F7FD8,picked,,Дальневосточная железная дорога: one blue per regional railway
Николайчук — Холмск-Северный,Дальневосточная железная дорога,#2F7FD8,picked,,Дальневосточная железная дорога: one blue per regional railway
Новый Ургал — Известковая,Дальневосточная железная дорога,#2F7FD8,picked,,Дальневосточная железная дорога: one blue per regional railway
Новый Ургал — Ургал I,Дальневосточная железная дорога,#2F7FD8,picked,,Дальневосточная железная дорога: one blue per regional railway
Оунэ — Высокогорная,Дальневосточная железная дорога,#2F7FD8,picked,,Дальневосточная железная дорога: one blue per regional railway
Победино-Сахалинское — Ноглики,Дальневосточная железная дорога,#2F7FD8,picked,,Дальневосточная железная дорога: one blue per regional railway
Пост 132 км — Мыс Астафьева,Дальневосточная железная дорога,#2F7FD8,picked,,Дальневосточная железная дорога: one blue per regional railway
Ружино — Кабарга (через ст. Лесозаводск II),Дальневосточная железная дорога,#2F7FD8,picked,,Дальневосточная железная дорога: one blue per regional railway
Сибирцево — Дубининский,Дальневосточная железная дорога,#2F7FD8,picked,,Дальневосточная железная дорога: one blue per regional railway
Сибирцево — Новочугуевка,Дальневосточная железная дорога,#2F7FD8,picked,,Дальневосточная железная дорога: one blue per regional railway
Смоляниново — Пост 132 км,Дальневосточная железная дорога,#2F7FD8,picked,,Дальневосточная железная дорога: one blue per regional railway
Тында — Бамовская,Дальневосточная железная дорога,#2F7FD8,picked,,Дальневосточная железная дорога: one blue per regional railway
Тында — Бестужево (рзд),Дальневосточная железная дорога,#2F7FD8,picked,,Дальневосточная железная дорога: one blue per regional railway
Угловая — Аэропорт Кневичи,Дальневосточная железная дорога,#2F7FD8,picked,,Дальневосточная железная дорога: one blue per regional railway
Угловая — Надеждинская,Дальневосточная железная дорога,#2F7FD8,picked,,Дальневосточная железная дорога: one blue per regional railway
Угловая — Смоляниново,Дальневосточная железная дорога,#2F7FD8,picked,,Дальневосточная железная дорога: one blue per regional railway
Угольная (эксп.) — Владивосток,Дальневосточная железная дорога,#2F7FD8,picked,,Дальневосточная железная дорога: one blue per regional railway
Угольная (эксп.) — Угловая,Дальневосточная железная дорога,#2F7FD8,picked,,Дальневосточная железная дорога: one blue per regional railway
Ургал I — Комсомольск-Сортировочный,Дальневосточная железная дорога,#2F7FD8,picked,,Дальневосточная железная дорога: one blue per regional railway
Ургал I — Чегдомын,Дальневосточная железная дорога,#2F7FD8,picked,,Дальневосточная железная дорога: one blue per regional railway
Уссурийск — Барановский,Дальневосточная железная дорога,#2F7FD8,picked,,Дальневосточная железная дорога: one blue per regional railway
Хабаровск I — Сибирцево,Дальневосточная железная дорога,#2F7FD8,picked,,Дальневосточная железная дорога: one blue per regional railway
Хани — Тында,Дальневосточная железная дорога,#2F7FD8,picked,,Дальневосточная железная дорога: one blue per regional railway
Холмск-Северный — Ильинск-Сахалинский,Дальневосточная железная дорога,#2F7FD8,picked,,Дальневосточная железная дорога: one blue per regional railway
Холмск-Северный — Шахта-Сахалинская,Дальневосточная железная дорога,#2F7FD8,picked,,Дальневосточная железная дорога: one blue per regional railway
Южно-Сахалинск — Арсентьевка,Дальневосточная железная дорога,#2F7FD8,picked,,Дальневосточная железная дорога: one blue per regional railway
Южно-Сахалинск — Дальнее,Дальневосточная железная дорога,#2F7FD8,picked,,Дальневосточная железная дорога: one blue per regional railway
Рутченково — Волноваха,Донецкая железная дорога,#8A5CC2,picked,,Донецкая железная дорога: one purple per regional railway
Доля — Ларино,Донецкая железная дорога,#8A5CC2,picked,,Донецкая железная дорога: one purple per regional railway
Ларино — Иловайск,Донецкая железная дорога,#8A5CC2,picked,,Донецкая железная дорога: one purple per regional railway
Моспин — Макеевка,Донецкая железная дорога,#8A5CC2,picked,,Донецкая железная дорога: one purple per regional railway
Менчугово — Новый Свет,Донецкая железная дорога,#8A5CC2,picked,,Донецкая железная дорога: one purple per regional railway
Ларино — Ясиноватая,Донецкая железная дорога,#8A5CC2,picked,,Донецкая железная дорога: one purple per regional railway
Ясиноватая — Донецк,Донецкая железная дорога,#8A5CC2,picked,,Донецкая железная дорога: one purple per regional railway
Донецк — Рутченково,Донецкая железная дорога,#8A5CC2,picked,,Донецкая железная дорога: one purple per regional railway
Донецк — Авдеевка,Донецкая железная дорога,#8A5CC2,picked,,Донецкая железная дорога: one purple per regional railway
Горловка — Никитовка,Донецкая железная дорога,#8A5CC2,picked,,Донецкая железная дорога: one purple per regional railway
Дебальцево-Сортировочное — Углегорск,Донецкая железная дорога,#8A5CC2,picked,,Донецкая железная дорога: one purple per regional railway
Углегорск — Горловка,Донецкая железная дорога,#8A5CC2,picked,,Донецкая железная дорога: one purple per regional railway
Углегорск — Криничная,Донецкая железная дорога,#8A5CC2,picked,,Донецкая железная дорога: one purple per regional railway
Щебенка — Разъезд 5 км,Донецкая железная дорога,#8A5CC2,picked,,Донецкая железная дорога: one purple per regional railway
Криничная — Горловка,Донецкая железная дорога,#8A5CC2,picked,,Донецкая железная дорога: one purple per regional railway
Криничная — Ясиноватая,Донецкая железная дорога,#8A5CC2,picked,,Донецкая железная дорога: one purple per regional railway
Криничная — Иловайск,Донецкая железная дорога,#8A5CC2,picked,,Донецкая железная дорога: one purple per regional railway
Иловайск — Квашино (стык),Донецкая железная дорога,#8A5CC2,picked,,Донецкая железная дорога: one purple per regional railway
Кутейниково — Каракуба,Донецкая железная дорога,#8A5CC2,picked,,Донецкая железная дорога: one purple per regional railway
Иловайск — Чернухино,Донецкая железная дорога,#8A5CC2,picked,,Донецкая железная дорога: one purple per regional railway
Пелагеевский — Софьино-Бродская,Донецкая железная дорога,#8A5CC2,picked,,Донецкая железная дорога: one purple per regional railway
Торез — Дроново,Донецкая железная дорога,#8A5CC2,picked,,Донецкая железная дорога: one purple per regional railway
Мочалинский — Воскресенская,Донецкая железная дорога,#8A5CC2,picked,,Донецкая железная дорога: one purple per regional railway
Кумшацкий — Бункерная,Донецкая железная дорога,#8A5CC2,picked,,Донецкая железная дорога: one purple per regional railway
Покровск — Ветерок,Донецкая железная дорога,#8A5CC2,picked,,Донецкая железная дорога: one purple per regional railway
Покровск — Центральная,Донецкая железная дорога,#8A5CC2,picked,,Донецкая железная дорога: one purple per regional railway
Покровск — Очеретино,Донецкая железная дорога,#8A5CC2,picked,,Донецкая железная дорога: one purple per regional railway
Покровск — Рутченково,Донецкая железная дорога,#8A5CC2,picked,,Донецкая железная дорога: one purple per regional railway
Волноваха — Мариуполь-Порт,Донецкая железная дорога,#8A5CC2,picked,,Донецкая железная дорога: one purple per regional railway
Карань — Янисоль,Донецкая железная дорога,#8A5CC2,picked,,Донецкая железная дорога: one purple per regional railway
Кальчик — Сионитный,Донецкая железная дорога,#8A5CC2,picked,,Донецкая железная дорога: one purple per regional railway
Асланово — Мариуполь-Сортировочный,Донецкая железная дорога,#8A5CC2,picked,,Донецкая железная дорога: one purple per regional railway
Волноваха — Ост. Пункт 378 км,Донецкая железная дорога,#8A5CC2,picked,,Донецкая железная дорога: one purple per regional railway
Авдеевка — Ясиноватая,Донецкая железная дорога,#8A5CC2,picked,,Донецкая железная дорога: one purple per regional railway
Авдеевка — Очеретино,Донецкая железная дорога,#8A5CC2,picked,,Донецкая железная дорога: one purple per regional railway
Очеретино — Горловка,Донецкая железная дорога,#8A5CC2,picked,,Донецкая железная дорога: one purple per regional railway
Никитовка — Константиновка,Донецкая железная дорога,#8A5CC2,picked,,Донецкая железная дорога: one purple per regional railway
Константиновка — Ясиноватая,Донецкая железная дорога,#8A5CC2,picked,,Донецкая железная дорога: one purple per regional railway
Красный Лиман — Северск,Донецкая железная дорога,#8A5CC2,picked,,Донецкая железная дорога: one purple per regional railway
Северск — Никитовка,Донецкая железная дорога,#8A5CC2,picked,,Донецкая железная дорога: one purple per regional railway
Соль — Величко,Донецкая железная дорога,#8A5CC2,picked,,Донецкая железная дорога: one purple per regional railway
Никитовка — Попасная,Донецкая железная дорога,#8A5CC2,picked,,Донецкая железная дорога: one purple per regional railway
Пут. Пост 4 км — Ступки,Донецкая железная дорога,#8A5CC2,picked,,Донецкая железная дорога: one purple per regional railway
Ступки — Бахмут I,Донецкая железная дорога,#8A5CC2,picked,,Донецкая железная дорога: one purple per regional railway
Ступки — Малоильишевская (пп),Донецкая железная дорога,#8A5CC2,picked,,Донецкая железная дорога: one purple per regional railway
Редкодуб — Никишино,Донецкая железная дорога,#8A5CC2,picked,,Донецкая железная дорога: one purple per regional railway
Ступки — Краматорск,Донецкая железная дорога,#8A5CC2,picked,,Донецкая железная дорога: one purple per regional railway
Им. Крючкова О.М. — Дебальцево,Донецкая железная дорога,#8A5CC2,picked,,Донецкая железная дорога: one purple per regional railway
Цукуриха — Кураховка,Донецкая железная дорога,#8A5CC2,picked,,Донецкая железная дорога: one purple per regional railway
Дебальцево-Сортировочное — Чернухино,Донецкая железная дорога,#8A5CC2,picked,,Донецкая железная дорога: one purple per regional railway
Трудовая — Горловка,Донецкая железная дорога,#8A5CC2,picked,,Донецкая железная дорога: one purple per regional railway
Никитовка — Байрак,Донецкая железная дорога,#8A5CC2,picked,,Донецкая железная дорога: one purple per regional railway
Дебальцево — Чернухино,Донецкая железная дорога,#8A5CC2,picked,,Донецкая железная дорога: one purple per regional railway
Дебальцево — Депрерадовка,Донецкая железная дорога,#8A5CC2,picked,,Донецкая железная дорога: one purple per regional railway
Путепровод — Ханженково,Донецкая железная дорога,#8A5CC2,picked,,Донецкая железная дорога: one purple per regional railway
Гродовка — Пласты,Донецкая железная дорога,#8A5CC2,picked,,Донецкая железная дорога: one purple per regional railway
Родаково — Депрерадовка,Луганская железная дорога,#D7263D,picked,,Луганская железная дорога: one red per regional railway
Чернухино — Должанская,Луганская железная дорога,#D7263D,picked,,Луганская железная дорога: one red per regional railway
Штеровка — Яновский (рзд),Луганская железная дорога,#D7263D,picked,,Луганская железная дорога: one red per regional railway
Штеровка — Красный Луч,Луганская железная дорога,#D7263D,picked,,Луганская железная дорога: one red per regional railway
Щетово — Антрацит,Луганская железная дорога,#D7263D,picked,,Луганская железная дорога: one red per regional railway
Должанская — Красная Могила,Луганская железная дорога,#D7263D,picked,,Луганская железная дорога: one red per regional railway
Должанская — Семейкино-Новое,Луганская железная дорога,#D7263D,picked,,Луганская железная дорога: one red per regional railway
Семейкино-Новое — Родаково,Луганская железная дорога,#D7263D,picked,,Луганская железная дорога: one red per regional railway
Пост 120 км (бп) — Луганск,Луганская железная дорога,#D7263D,picked,,Луганская железная дорога: one red per regional railway
Лутугино — Конопляновка,Луганская железная дорога,#D7263D,picked,,Луганская железная дорога: one red per regional railway
Семейкино-Новое — Кондрашевская-Новая,Луганская железная дорога,#D7263D,picked,,Луганская железная дорога: one red per regional railway
Кондрашевская-Новая — Граковка,Луганская железная дорога,#D7263D,picked,,Луганская железная дорога: one red per regional railway
Кондрашевская-Новая — Кондрашевская,Луганская железная дорога,#D7263D,picked,,Луганская железная дорога: one red per regional railway
Луганск — Ольховая,Луганская железная дорога,#D7263D,picked,,Луганская железная дорога: one red per regional railway
Луганск — Родаково,Луганская железная дорога,#D7263D,picked,,Луганская железная дорога: one red per regional railway
Родаково — Венгеровка,Луганская железная дорога,#D7263D,picked,,Луганская железная дорога: one red per regional railway
Венгеровка — Попасная,Луганская железная дорога,#D7263D,picked,,Луганская железная дорога: one red per regional railway
Камышеваха — Выемка,Луганская железная дорога,#D7263D,picked,,Луганская железная дорога: one red per regional railway
Венгеровка — Сватово,Луганская железная дорога,#D7263D,picked,,Луганская железная дорога: one red per regional railway
Переездная — Новодружевская,Луганская железная дорога,#D7263D,picked,,Луганская железная дорога: one red per regional railway
Новозолотаревка — Переездная,Луганская железная дорога,#D7263D,picked,,Луганская железная дорога: one red per regional railway
Семейкино-Новое — Изварино,Луганская железная дорога,#D7263D,picked,,Луганская железная дорога: one red per regional railway
Должанская — Бирюково,Луганская железная дорога,#D7263D,picked,,Луганская железная дорога: one red per regional railway
Кольцевой (бп) — Депрерадовка,Луганская железная дорога,#D7263D,picked,,Луганская железная дорога: one red per regional railway
Пут. Пост 4 км — Попасная,Луганская железная дорога,#D7263D,picked,,Луганская железная дорога: one red per regional railway
Попасная — Им. Крючкова О.М.,Луганская железная дорога,#D7263D,picked,,Луганская железная дорога: one red per regional railway
Таврическ — Федоровка,Мелитопольская-Херсонская железная дорога,#1E9E8F,picked,,Мелитопольская-Херсонская железная дорога: one teal per regional railway
Федоровка — Мелитополь,Мелитопольская-Херсонская железная дорога,#1E9E8F,picked,,Мелитопольская-Херсонская железная дорога: one teal per regional railway
Мелитополь — Новоалексеевка,Мелитопольская-Херсонская железная дорога,#1E9E8F,picked,,Мелитопольская-Херсонская железная дорога: one teal per regional railway
Федоровка — Нововеселая,Мелитопольская-Херсонская железная дорога,#1E9E8F,picked,,Мелитопольская-Херсонская железная дорога: one teal per regional railway
