# US Metropolitan Statistical Area population, annual 2000-2024.
# Generated by tools/make_us_metro.py -- see that file for sourcing and
# matching rules. Loaded by build.py as load_us_metro().
# Source: US Census Bureau, Population Estimates Program (public domain),
#   cbsa-est2009-alldata / cbsa-est2019-alldata / cbsa-est2024-alldata.
# key,cbsa,title,y2000,y2001,y2002,y2003,y2004,y2005,y2006,y2007,y2008,y2009,y2010,y2011,y2012,y2013,y2014,y2015,y2016,y2017,y2018,y2019,y2020,y2021,y2022,y2023,y2024
Abilene-Texas,10180,"Abilene, TX",160108,158291,158118,158053,158571,158713,158704,159005,159059,160070,165585,166634,167442,167473,168342,169688,170017,170429,171150,172060,176926,177918,180072,182838,184278
Abilene-United States,10180,"Abilene, TX",160108,158291,158118,158053,158571,158713,158704,159005,159059,160070,165585,166634,167442,167473,168342,169688,170017,170429,171150,172060,176926,177918,180072,182838,184278
Akron-Ohio,10420,"Akron, OH",695971,698288,699606,700286,700587,700649,700013,700559,699954,699935,703031,703200,702109,703621,704908,704382,703524,703987,703855,703479,701689,696602,698506,700094,702209
Akron-United States,10420,"Akron, OH",695971,698288,699606,700286,700587,700649,700013,700559,699954,699935,703031,703200,702109,703621,704908,704382,703524,703987,703855,703479,701689,696602,698506,700094,702209
Albany-Georgia,10500,"Albany, GA",157757,159833,160054,161185,161489,162031,162975,163646,164488,165440,154145,154545,153976,152667,151949,150387,149137,148090,147840,146726,148253,144976,145873,145538,145451
Albany-New York,10580,"Albany-Schenectady-Troy, NY",827227,829490,833752,839741,843928,846357,850541,852019,854301,857592,871082,872778,874698,877065,878113,879085,879792,882158,882263,880381,899778,905557,904216,907223,913485
Albany-Oregon,10540,"Albany, OR",,,,,,,,,,,116891,118164,118273,118405,119042,120236,122769,125035,127451,129749,128967,130062,130516,131509,132474
Albany-United States,10580,"Albany-Schenectady-Troy, NY",827227,829490,833752,839741,843928,846357,850541,852019,854301,857592,871082,872778,874698,877065,878113,879085,879792,882158,882263,880381,899778,905557,904216,907223,913485
Albuquerque-New Mexico,10740,"Albuquerque, NM",731712,739531,753670,766154,780865,798722,817973,834685,846582,857903,889558,898016,901939,904953,904538,906026,909237,912311,914947,918018,917747,919682,920200,923477,926303
Albuquerque-United States,10740,"Albuquerque, NM",731712,739531,753670,766154,780865,798722,817973,834685,846582,857903,889558,898016,901939,904953,904538,906026,909237,912311,914947,918018,917747,919682,920200,923477,926303
Alexandria-Louisiana,10780,"Alexandria, LA",145079,144918,145137,145545,146360,147128,152167,152717,153451,154101,154096,154402,154400,154623,154558,154082,154124,153549,152762,152037,151811,150910,148999,148382,148008
Alexandria-United States,10780,"Alexandria, LA",145079,144918,145137,145545,146360,147128,152167,152717,153451,154101,154096,154402,154400,154623,154558,154082,154124,153549,152762,152037,151811,150910,148999,148382,148008
Allentown-Pennsylvania,10900,"Allentown-Bethlehem-Easton, PA-NJ",741937,748739,756321,765926,776048,786034,796488,805352,811669,816012,821923,824930,826144,825731,828470,830295,833163,837921,842626,844052,861575,870124,871414,878487,886418
Allentown-United States,10900,"Allentown-Bethlehem-Easton, PA-NJ",741937,748739,756321,765926,776048,786034,796488,805352,811669,816012,821923,824930,826144,825731,828470,830295,833163,837921,842626,844052,861575,870124,871414,878487,886418
Altoona-Pennsylvania,11020,"Altoona, PA",129030,128336,127346,126844,126532,125882,126008,125987,125923,126122,127045,126970,126544,125836,125274,124596,123708,123147,122503,121829,122664,122160,120796,120494,120269
Amarillo-Texas,11100,"Amarillo, TX",227117,228333,230227,232791,235113,237767,239878,241848,243682,246474,252664,255975,257802,258896,260812,261618,262987,264331,264406,265053,269051,269858,270751,272981,274650
Amarillo-United States,11100,"Amarillo, TX",227117,228333,230227,232791,235113,237767,239878,241848,243682,246474,252664,255975,257802,258896,260812,261618,262987,264331,264406,265053,269051,269858,270751,272981,274650
Ames-Iowa,11180,"Ames, IA",80127,80057,81612,81453,81897,81757,83476,85232,86219,87214,115925,117424,118139,120161,122092,123079,123309,123721,123093,123351,125353,126453,126565,128068,129227
Anchorage-Alaska,11260,"Anchorage, AK",320434,325839,332703,339131,346057,351851,359341,360908,365790,374553,383053,387922,391932,397022,397996,398609,401368,400570,397636,396317,398427,399924,401025,403228,407213
Anchorage-United States,11260,"Anchorage, AK",320434,325839,332703,339131,346057,351851,359341,360908,365790,374553,383053,387922,391932,397022,397996,398609,401368,400570,397636,396317,398427,399924,401025,403228,407213
Anderson-Indiana,11300,"Anderson, IN",133275,132983,132443,131616,131185,130588,130902,130915,131253,131417,,,,,,,,,,,,,,,
Anderson-South Carolina,11340,"Anderson, SC",166319,168716,169920,171196,172666,174332,177244,180155,182937,184901,,,,,,,,,,,,,,,
Ann Arbor-Michigan,11460,"Ann Arbor, MI",324491,329234,333619,337039,340622,343858,346042,347807,344767,347563,345717,349753,352303,356040,360021,362975,366135,368807,369483,367601,371849,365041,367947,370398,373875
Ann Arbor-United States,11460,"Ann Arbor, MI",324491,329234,333619,337039,340622,343858,346042,347807,344767,347563,345717,349753,352303,356040,360021,362975,366135,368807,369483,367601,371849,365041,367947,370398,373875
Anniston-Alabama,11500,"Anniston-Oxford, AL",111342,111019,110860,111378,111615,112081,112453,112808,113422,114081,118408,117744,117190,116471,115917,115469,114973,114710,114331,113605,116242,115633,115744,116403,116427
Appleton-Wisconsin,11540,"Appleton, WI",202508,205340,208137,210245,212167,214105,216284,218007,219780,221894,225948,227548,228656,229978,231627,233146,234200,235811,237011,237974,243451,243961,245306,247131,248992
Asheville-North Carolina,11700,"Asheville, NC",370492,373870,377810,381906,386420,390854,397918,404372,409001,412672,425338,428113,430945,435795,439661,444593,450310,454855,459314,462680,407570,410887,414360,418404,422333
Athens-Clarke County-Georgia,12020,"Athens-Clarke County, GA",166903,169135,171010,173946,178167,179013,183113,186710,189926,192222,193439,194375,195984,197590,198361,202565,205402,209106,211468,213750,215715,218338,220609,222637,223689
Athens-Clarke County-United States,12020,"Athens-Clarke County, GA",166903,169135,171010,173946,178167,179013,183113,186710,189926,192222,193439,194375,195984,197590,198361,202565,205402,209106,211468,213750,215715,218338,220609,222637,223689
Atlanta-Georgia,12060,"Atlanta-Sandy Springs-Roswell, GA",4281905,4432950,4555490,4673146,4802300,4947012,5119641,5267527,5385586,5475213,5302598,5366462,5444473,5510530,5593204,5686048,5787965,5872432,5945303,6020364,6121086,6160570,6253070,6336015,6411149
Atlanta-United States,12060,"Atlanta-Sandy Springs-Roswell, GA",4281905,4432950,4555490,4673146,4802300,4947012,5119641,5267527,5385586,5475213,5302598,5366462,5444473,5510530,5593204,5686048,5787965,5872432,5945303,6020364,6121086,6160570,6253070,6336015,6411149
Atlantic City-New Jersey,12100,"Atlantic City-Hammonton, NJ",253038,254890,258169,261810,266015,268318,269495,269945,270609,271712,274648,274621,274629,274314,272578,270153,267217,265498,263989,263670,369247,370711,371526,371580,372989
Auburn-Alabama,12220,"Auburn-Opelika, AL",115511,116759,118197,119631,121698,125350,128217,130791,133105,135883,140794,144130,148567,151809,154511,156954,159168,161440,163656,164542,194328,196569,199605,202618,206006
Augusta-Richmond County-Georgia,12260,"Augusta-Richmond County, GA-SC",500235,502964,506413,509465,514331,517352,523038,529045,534612,539154,566694,570849,576206,579802,583046,589574,595029,600276,604221,608980,612228,616307,624645,630968,636760
Augusta-Richmond County-United States,12260,"Augusta-Richmond County, GA-SC",500235,502964,506413,509465,514331,517352,523038,529045,534612,539154,566694,570849,576206,579802,583046,589574,595029,600276,604221,608980,612228,616307,624645,630968,636760
Austin-Texas,12420,"Austin-Round Rock-San Marcos, TX",1265715,1324426,1353176,1382693,1418999,1464309,1528958,1594525,1654100,1705075,1727502,1780535,1834586,1883315,1942467,2002134,2062016,2115475,2165497,2227083,2300249,2359088,2430375,2492618,2550637
Austin-United States,12420,"Austin-Round Rock-San Marcos, TX",1265715,1324426,1353176,1382693,1418999,1464309,1528958,1594525,1654100,1705075,1727502,1780535,1834586,1883315,1942467,2002134,2062016,2115475,2165497,2227083,2300249,2359088,2430375,2492618,2550637
Bakersfield-California,12540,"Bakersfield-Delano, CA",663484,674028,689204,706963,726029,747315,768209,784687,797145,807407,840996,847970,853606,862000,869176,876031,880856,887356,893758,900202,906124,912782,917293,916646,922529
Bakersfield-United States,12540,"Bakersfield-Delano, CA",663484,674028,689204,706963,726029,747315,768209,784687,797145,807407,840996,847970,853606,862000,869176,876031,880856,887356,893758,900202,906124,912782,917293,916646,922529
Baltimore-Maryland,12580,"Baltimore-Columbia-Towson, MD",2557501,2577904,2600580,2621815,2638066,2649586,2662048,2669702,2677712,2690886,2715738,2733785,2754637,2768233,2780055,2790053,2794111,2798707,2800743,2800053,2846948,2847520,2846006,2847687,2859024
Baltimore-United States,12580,"Baltimore-Columbia-Towson, MD",2557501,2577904,2600580,2621815,2638066,2649586,2662048,2669702,2677712,2690886,2715738,2733785,2754637,2768233,2780055,2790053,2794111,2798707,2800743,2800053,2846948,2847520,2846006,2847687,2859024
Bangor-Maine,12620,"Bangor, ME",144907,145589,146249,147123,146660,147020,148197,148603,149268,149419,153861,153759,153347,153222,153201,151929,151333,151645,151817,152148,152179,153383,154817,156329,156840
Barnstable Town-Massachusetts,12700,"Barnstable Town, MA",223245,224928,226893,228038,226728,224877,223351,222246,221521,221151,215899,215356,214788,214518,214289,213877,213559,213581,213471,212990,228060,232379,232571,232759,232570
Baton Rouge-Louisiana,12940,"Baton Rouge, LA",707429,709848,713558,719116,725570,729886,764799,772041,779340,786947,827629,831493,836197,841986,846827,851167,856723,854295,854526,854884,870319,872794,873586,877217,882652
Baton Rouge-United States,12940,"Baton Rouge, LA",707429,709848,713558,719116,725570,729886,764799,772041,779340,786947,827629,831493,836197,841986,846827,851167,856723,854295,854526,854884,870319,872794,873586,877217,882652
Battle Creek-Michigan,12980,"Battle Creek, MI",138021,138052,138343,138521,138882,138222,137445,136689,136404,135616,135951,135105,134737,134751,134804,134327,134344,134180,134049,134159,134219,133905,133475,133505,133785
Bay City-Michigan,13020,"Bay City, MI",110091,109654,109584,109125,108921,108513,107973,107373,107597,107434,107679,107417,106967,106794,106046,105237,104411,104045,103702,103126,103747,103116,102754,102774,102651
Beaumont-Texas,13140,"Beaumont-Port Arthur, TX",384688,381705,381019,380030,380324,380272,373058,375725,377477,378477,389251,390905,389614,391195,391651,394825,396539,398129,393815,392563,397287,395602,395039,397476,398733
Beaumont-United States,13140,"Beaumont-Port Arthur, TX",384688,381705,381019,380030,380324,380272,373058,375725,377477,378477,389251,390905,389614,391195,391651,394825,396539,398129,393815,392563,397287,395602,395039,397476,398733
Beckley-West Virginia,13220,"Beckley, WV",,,,,,,,,,,124949,125266,125110,124356,123342,122070,120475,118673,117154,115767,114852,113859,112274,111605,110979
Bellingham-Washington,13380,"Bellingham, WA",167760,171250,174980,177821,181715,185356,188837,192843,196960,200434,201545,203490,204863,206073,208154,211836,216417,221410,225197,229247,227451,226725,230701,232686,234954
Bend-Oregon,13460,"Bend, OR",116618,120667,125468,129322,134080,140962,148670,153405,157730,158629,157742,159660,161359,165299,169512,174246,180666,186744,191905,197692,248978,256185,258203,261297,264407
Billings-Montana,13740,"Billings, MT",139091,140245,141428,142707,144229,146252,147960,149800,152320,154553,167571,169017,170942,173367,174952,176357,177759,179365,180203,181667,184726,187374,190252,191390,192531
Binghamton-New York,13780,"Binghamton, NY",252042,251448,251290,249645,248337,246776,246163,245380,244870,244694,251489,250238,248945,248017,247075,245283,243322,241709,240366,238691,246526,246686,245048,243976,243971
Birmingham-Alabama,13820,"Birmingham, AL",1053394,1060335,1065089,1073439,1081705,1090441,1103572,1112838,1123146,1131070,1061717,1064030,1067563,1072882,1076087,1079752,1082877,1085615,1087967,1090435,1181816,1181164,1181300,1186201,1192583
Birmingham-United States,13820,"Birmingham, AL",1053394,1060335,1065089,1073439,1081705,1090441,1103572,1112838,1123146,1131070,1061717,1064030,1067563,1072882,1076087,1079752,1082877,1085615,1087967,1090435,1181816,1181164,1181300,1186201,1192583
Bismarck-North Dakota,13900,"Bismarck, ND",94840,95165,96084,96846,97734,99371,101186,103023,104629,106286,111112,112865,115679,119240,122155,125325,127233,128115,128279,128949,133779,134843,136035,137404,139183
Blacksburg-Virginia,13980,"Blacksburg-Christiansburg-Radford, VA",151479,153029,152608,152890,153252,154546,156064,157649,158521,159587,163131,163442,164120,165240,165688,165725,166572,166605,167492,167531,181758,181230,181397,181889,182041
Bloomington-Illinois,14010|14060,"Bloomington-Normal, IL",150897,152622,155630,157257,158395,159374,161802,163983,165571,167699,169810,170909,172721,175037,174105,173141,173070,172754,172410,171517,171236,171411,171571,171493,172069
Bloomington-Indiana,14020,"Bloomington, IN",175831,176193,176552,178196,179378,180148,181852,182942,184165,185598,160132,161722,162852,163221,164422,165073,166655,167429,168092,169230,161969,162762,162733,162827,162553
Boise City-Idaho,14260,"Boise City, ID",468874,485564,499028,510787,523634,543915,566842,586286,598719,606376,617866,627670,637425,649224,662624,674640,691285,709682,728911,749202,770272,797158,814129,828138,845877
Boise City-United States,14260,"Boise City, ID",468874,485564,499028,510787,523634,543915,566842,586286,598719,606376,617866,627670,637425,649224,662624,674640,691285,709682,728911,749202,770272,797158,814129,828138,845877
Boston-Massachusetts,14460,"Boston-Cambridge-Newton, MA-NH",4402611,4443310,4459011,4458187,4456479,4458891,4473477,4503921,4544705,4588680,4566348,4609790,4656593,4702877,4746931,4778340,4809061,4841772,4859536,4873019,4930540,4911669,4931775,4967266,5025517
Boston-United States,14460,"Boston-Cambridge-Newton, MA-NH",4402611,4443310,4459011,4458187,4456479,4458891,4473477,4503921,4544705,4588680,4566348,4609790,4656593,4702877,4746931,4778340,4809061,4841772,4859536,4873019,4930540,4911669,4931775,4967266,5025517
Boulder-Colorado,14500,"Boulder, CO",271669,278981,281941,282126,284815,286545,291449,295691,300452,303482,295037,299957,304570,309323,312233,318027,321250,322441,324636,326196,330953,327133,328039,328419,330262
Bowling Green-Kentucky,14540,"Bowling Green, KY",104476,105524,106548,108281,109669,111996,114560,116434,118588,120595,159341,160985,162450,164653,166630,169507,171902,174981,176864,179240,180069,182549,186420,190604,195159
Bozeman-Montana,14580,"Bozeman, MT",,,,,,,,,,,,,,,,,,,,,119607,123119,124733,125929,126984
Bradenton-Florida,35840|14600,"Bradenton-Sarasota-Venice, FL",592703,604908,618388,631336,648989,668200,677166,682868,685926,688126,703354,709775,720281,731796,747228,767309,788341,805186,820716,836995,837900,862535,894767,916536,934956
Bremerton-Washington,14740,"Bremerton-Silverdale-Port Orchard, WA",232355,233348,235499,238988,239311,235769,239543,238087,239865,240862,251681,254297,254339,252401,253387,259232,263142,266289,269276,271473,275832,276629,277876,277650,281420
Bridgeport-Connecticut,14860,"Bridgeport-Stamford-Danbury, CT",884420,888036,890635,892311,892291,891015,888526,889067,894401,901208,919355,928000,935099,939924,944196,944943,944347,943038,943971,943332,943159,950726,953585,961501,972679
Bridgeport-United States,14860,"Bridgeport-Stamford-Danbury, CT",884420,888036,890635,892311,892291,891015,888526,889067,894401,901208,919355,928000,935099,939924,944196,944943,944347,943038,943971,943332,943159,950726,953585,961501,972679
Brownsville-Texas,15180,"Brownsville-Harlingen, TX",336443,342262,349544,357097,364330,370735,376882,382703,389164,396371,407630,413201,415877,417357,419005,419450,421350,422227,422139,423163,421592,422805,425819,428508,431874
Brownsville-United States,15180,"Brownsville-Harlingen, TX",336443,342262,349544,357097,364330,370735,376882,382703,389164,396371,407630,413201,415877,417357,419005,419450,421350,422227,422139,423163,421592,422805,425819,428508,431874
Buffalo-New York,15380,"Buffalo-Cheektowaga, NY",1169159,1163528,1158368,1154212,1148714,1139328,1130913,1125965,1124055,1123804,1135627,1135562,1134619,1134974,1135060,1133002,1130232,1129882,1129777,1127983,1164486,1164777,1159211,1158070,1160172
Buffalo-United States,15380,"Buffalo-Cheektowaga, NY",1169159,1163528,1158368,1154212,1148714,1139328,1130913,1125965,1124055,1123804,1135627,1135562,1134619,1134974,1135060,1133002,1130232,1129882,1129777,1127983,1164486,1164777,1159211,1158070,1160172
Burlington-North Carolina,15500,"Burlington, NC",131521,133497,135314,136018,137653,139280,141472,144824,147910,150358,151431,152692,153265,154162,155384,157037,160283,163276,166514,169509,171620,173642,176544,179617,183040
Burlington-Vermont,15540,"Burlington-South Burlington, VT",199590,201094,202511,203265,204412,205046,205515,206155,207028,208055,211538,213235,213962,214827,215676,217152,217447,218975,219939,220411,225743,227246,228290,228503,229445
Canton-Ohio,15940,"Canton-Massillon, OH",406966,407339,407872,408421,408520,407753,407966,408592,408782,408005,404218,403331,403429,403365,403675,402433,401068,399327,398330,397520,401254,400563,399685,399806,400551
Cape Coral-Florida,15980,"Cape Coral-Fort Myers, FL",443916,458557,474109,490139,512180,541542,565956,585264,588709,586908,620449,631053,644197,659834,677232,699644,722649,740000,754470,770577,765566,791013,826567,844226,860959
Cape Coral-United States,15980,"Cape Coral-Fort Myers, FL",443916,458557,474109,490139,512180,541542,565956,585264,588709,586908,620449,631053,644197,659834,677232,699644,722649,740000,754470,770577,765566,791013,826567,844226,860959
Cape Girardeau-Missouri,16020,"Cape Girardeau, MO-IL",90429,90913,91160,91063,91736,91918,92674,92973,93287,93712,96447,96982,97210,97177,97405,97316,97109,96819,96868,96765,97551,97754,98309,98369,98862
Carson City-Nevada,16180,"Carson City, NV",52551,53426,54424,55083,55797,55731,55121,55007,55274,55176,54981,54676,54312,53726,54082,54068,54147,54532,55202,55916,58682,58770,58094,58226,58148
Casper-Wyoming,16220,"Casper, WY",66554,66873,67371,67957,68659,69442,70259,71817,73057,74508,75470,76399,78565,81103,81377,82137,80909,79586,79175,79858,80300,79642,79565,79968,80410
Cedar Rapids-Iowa,16300,"Cedar Rapids, IA",237853,240100,242059,243094,244966,247060,249209,252237,254911,256324,258440,261028,261916,262706,264300,266312,268224,270653,272061,273032,276637,276051,275663,276088,278677
Cedar Rapids-United States,16300,"Cedar Rapids, IA",237853,240100,242059,243094,244966,247060,249209,252237,254911,256324,258440,261028,261916,262706,264300,266312,268224,270653,272061,273032,276637,276051,275663,276088,278677
Champaign-Illinois,16580,"Champaign-Urbana, IL",210511,211813,213351,215601,216757,218340,221056,223487,223998,226132,218255,219876,221131,222854,224351,225732,226722,226847,226284,226033,236446,237476,237981,239849,242453
Charleston-South Carolina,16700,"Charleston-North Charleston, SC",550875,557487,566543,576539,590096,601429,617619,631984,647194,659191,667450,681262,696839,711272,726836,745185,761578,775537,788122,802122,803525,814941,831230,851698,869940
Charleston-West Virginia,16620,"Charleston, WV",309387,307023,306123,306154,305911,304426,303509,303401,303331,304214,277805,276817,276704,275412,273606,270858,268130,264227,260280,257074,209967,207346,204643,202942,202091
Charlotte-North Carolina,16740,"Charlotte-Concord-Gastonia, NC-SC",1340417,1375381,1406699,1436890,1471706,1519448,1583869,1650974,1706469,1745524,2250121,2281230,2318671,2358660,2400483,2447898,2499697,2550373,2592950,2636883,2668364,2706843,2761265,2822194,2883370
Charlotte-United States,16740,"Charlotte-Concord-Gastonia, NC-SC",1340417,1375381,1406699,1436890,1471706,1519448,1583869,1650974,1706469,1745524,2250121,2281230,2318671,2358660,2400483,2447898,2499697,2550373,2592950,2636883,2668364,2706843,2761265,2822194,2883370
Charlottesville-Virginia,16820,"Charlottesville, VA",174784,177884,180592,182525,184806,187823,190460,192510,195012,196766,201891,203617,205532,206755,209187,211494,213675,216104,217335,218615,221635,223302,224000,225400,227336
Chattanooga-Tennessee,16860,"Chattanooga, TN-GA",477213,482729,487718,492354,497235,502842,510542,515810,520089,524303,529131,533621,538103,542181,544183,547205,551859,555953,560832,565194,564632,568177,575746,582452,588050
Chattanooga-United States,16860,"Chattanooga, TN-GA",477213,482729,487718,492354,497235,502842,510542,515810,520089,524303,529131,533621,538103,542181,544183,547205,551859,555953,560832,565194,564632,568177,575746,582452,588050
Cheyenne-Wyoming,16940,"Cheyenne, WY",81745,82392,83144,84287,85195,85270,85974,86601,87759,88854,92236,92576,94697,95707,96036,96969,97887,98377,98865,99500,100733,100843,100860,101079,101783
Chicago-Illinois,16980,"Chicago-Naperville-Elgin, IL-IN",9117732,9192501,9245135,9286162,9332090,9362080,9398855,9451936,9515636,9580567,9470634,9500870,9528090,9550194,9560430,9552554,9533662,9514113,9484158,9458539,9439531,9362043,9310017,9337814,9408576
Chicago-United States,16980,"Chicago-Naperville-Elgin, IL-IN",9117732,9192501,9245135,9286162,9332090,9362080,9398855,9451936,9515636,9580567,9470634,9500870,9528090,9550194,9560430,9552554,9533662,9514113,9484158,9458539,9439531,9362043,9310017,9337814,9408576
Chico-California,17020,"Chico, CA",203926,206384,209319,211584,213173,214831,216933,217741,219503,220577,219949,219975,220869,221641,223516,224631,226231,228696,230339,219186,210222,206351,207384,207354,208334
Cincinnati-Ohio,17140,"Cincinnati, OH-KY-IN",2014665,2035680,2050030,2066256,2083905,2102422,2122711,2148315,2158643,2171896,2140715,2146208,2152554,2162060,2172190,2181427,2191572,2202558,2211936,2221208,2252077,2252800,2263213,2282624,2302815
Cincinnati-United States,17140,"Cincinnati, OH-KY-IN",2014665,2035680,2050030,2066256,2083905,2102422,2122711,2148315,2158643,2171896,2140715,2146208,2152554,2162060,2172190,2181427,2191572,2202558,2211936,2221208,2252077,2252800,2263213,2282624,2302815
Clarksville-Tennessee,17300,"Clarksville, TN-KY",232719,235713,238210,241527,244887,251845,252809,262170,261757,268546,274959,277405,287393,285441,289628,292878,293712,298635,304301,307820,321847,328962,335804,340249,345955
Clarksville-United States,17300,"Clarksville, TN-KY",232719,235713,238210,241527,244887,251845,252809,262170,261757,268546,274959,277405,287393,285441,289628,292878,293712,298635,304301,307820,321847,328962,335804,340249,345955
Cleveland-Ohio,17410|17460,"Cleveland-Elyria, OH",2147948,2144528,2140552,2136026,2128958,2118249,2106336,2099185,2094051,2091286,2075478,2068989,2064776,2067100,2067356,2064012,2060997,2057238,2053795,2048449,2184232,2170886,2164363,2166272,2171877
Cleveland-Tennessee,17420,"Cleveland, TN",104307,105077,105564,106056,106939,108013,109584,111223,112414,113358,115896,116569,117673,118410,119455,120543,121184,122180,123968,124942,126398,127488,128613,130198,132120
Cleveland-United States,17410|17460,"Cleveland-Elyria, OH",2147948,2144528,2140552,2136026,2128958,2118249,2106336,2099185,2094051,2091286,2075478,2068989,2064776,2067100,2067356,2064012,2060997,2057238,2053795,2048449,2184232,2170886,2164363,2166272,2171877
Coeur d'Alene-Idaho,17660,"Coeur d'Alene, ID",109541,111707,114000,116910,121553,126641,130353,133922,136998,139390,138848,140932,142084,143897,146529,149367,153019,157320,161209,165697,172791,180089,183540,185237,188323
College Station-Texas,17780,"College Station-Bryan, TX",185469,186851,189271,191990,193760,196445,200435,202941,207140,212268,229458,231435,234148,237816,242830,250567,254391,259123,261335,264728,268965,272697,278389,284160,287462
Colorado Springs-Colorado,17820,"Colorado Springs, CO",540111,556604,566091,572399,579810,588385,601150,607267,616975,626227,650500,660674,669448,678565,686562,697389,712335,724773,737202,745791,758549,763762,767534,771645,777634
Colorado Springs-United States,17820,"Colorado Springs, CO",540111,556604,566091,572399,579810,588385,601150,607267,616975,626227,650500,660674,669448,678565,686562,697389,712335,724773,737202,745791,758549,763762,767534,771645,777634
Columbia-Missouri,17860,"Columbia, MO",146026,147802,149760,151486,153284,156240,159691,162132,164182,166234,190947,194030,196540,198824,200492,202152,204049,205725,206746,208173,210854,212958,214653,217180,219426
Columbia-South Carolina,17900,"Columbia, SC",649181,657598,663454,673209,685098,691990,705320,719622,732558,744730,769646,776195,783250,790842,798882,809136,817188,824939,831690,838433,830179,837900,848473,859158,870193
Columbia-United States,17900,"Columbia, SC",649181,657598,663454,673209,685098,691990,705320,719622,732558,744730,769646,776195,783250,790842,798882,809136,817188,824939,831690,838433,830179,837900,848473,859158,870193
Columbus-Georgia,17980,"Columbus, GA-AL",282164,283457,286315,281683,286680,288193,290057,286905,287251,292795,309476,315305,322721,327844,325273,322772,319040,315942,318211,321048,329195,326487,324118,323936,324343
Columbus-Indiana,18020,"Columbus, IN",71737,72009,71712,72009,72523,73200,73972,74676,75494,76063,76818,77620,79001,79655,80497,81458,82231,82213,82722,83779,82215,82732,83746,84248,84741
Columbus-Ohio,18140,"Columbus, OH",1619514,1642112,1659344,1678827,1696238,1714463,1737170,1759348,1779822,1801848,1906366,1926338,1947208,1974061,2001635,2027568,2052192,2082581,2104194,2122271,2142023,2147585,2168930,2195029,2225377
Columbus-United States,18140,"Columbus, OH",1619514,1642112,1659344,1678827,1696238,1714463,1737170,1759348,1779822,1801848,1906366,1926338,1947208,1974061,2001635,2027568,2052192,2082581,2104194,2122271,2142023,2147585,2168930,2195029,2225377
Corpus Christi-Texas,18580,"Corpus Christi, TX",403199,401280,402858,403458,406835,410253,411889,411528,413206,416095,404676,407721,413199,419080,423313,427621,428953,428445,428697,429024,446387,447850,446869,448766,450187
Corpus Christi-United States,18580,"Corpus Christi, TX",403199,401280,402858,403458,406835,410253,411889,411528,413206,416095,404676,407721,413199,419080,423313,427621,428953,428445,428697,429024,446387,447850,446869,448766,450187
Corvallis-Oregon,18700,"Corvallis, OR",78197,78175,79622,79414,78949,79427,80145,81583,81775,82605,85574,86266,86678,86167,87215,88333,89918,91790,92442,93053,93615,93031,97406,98566,98899
Cumberland-Maryland,19060,"Cumberland, MD-WV",101841,101308,100840,100465,100324,99507,99209,99564,99772,99736,103170,102629,101833,101267,100587,99879,99428,98575,97894,97284,,,,,
Dallas-Texas,19100,"Dallas-Fort Worth-Arlington, TX",5196188,5354623,5476578,5582033,5689982,5816407,5999411,6156652,6301085,6447615,6392065,6510544,6644559,6753889,6889769,7042566,7194758,7337097,7455756,7573136,7667594,7776611,7973603,8166110,8344032
Dallas-United States,19100,"Dallas-Fort Worth-Arlington, TX",5196188,5354623,5476578,5582033,5689982,5816407,5999411,6156652,6301085,6447615,6392065,6510544,6644559,6753889,6889769,7042566,7194758,7337097,7455756,7573136,7667594,7776611,7973603,8166110,8344032
Dalton-Georgia,19140,"Dalton, GA",120838,123239,124743,126224,128321,130098,131995,133436,134288,134319,142278,142285,142259,141906,142298,143099,143753,144037,144192,144724,142806,142705,143684,145219,146386
Danville-Virginia,19260,"Danville, VA",110000,109359,108636,108120,107360,106655,106075,105877,106250,105814,,,,,,,,,,,,,,,
Davenport-Iowa,19340,"Davenport-Moline-Rock Island, IA-IL",375820,374642,373855,372866,372754,372916,373818,375360,376980,379066,379743,380685,382431,383843,384070,383381,382178,381103,380044,379172,383787,381705,379876,380346,381801
Davenport-United States,19340,"Davenport-Moline-Rock Island, IA-IL",375820,374642,373855,372866,372754,372916,373818,375360,376980,379066,379743,380685,382431,383843,384070,383381,382178,381103,380044,379172,383787,381705,379876,380346,381801
Dayton-Ohio,19380|19430,"Dayton-Kettering-Beavercreek, OH",848093,846089,845416,845508,845594,843575,841558,839563,837036,835063,799672,800858,801603,801390,801017,800124,801661,803233,805088,807611,814231,813905,813980,816546,821740
Dayton-United States,19380|19430,"Dayton-Kettering-Beavercreek, OH",848093,846089,845416,845508,845594,843575,841558,839563,837036,835063,799672,800858,801603,801390,801017,800124,801661,803233,805088,807611,814231,813905,813980,816546,821740
Decatur-Alabama,19460,"Decatur, AL",146050,146330,146040,146680,146414,147244,148172,149299,150344,151399,153950,154075,153908,153146,152888,152392,152233,151981,152144,152603,156404,156322,157400,158960,159651
Decatur-Illinois,19500,"Decatur, IL",114476,113307,111980,110656,109987,109582,109025,108722,108326,108204,110787,110684,110134,109561,108515,107343,106383,105399,104504,104009,103764,102619,101369,100754,100737
Deltona-Florida,19660,"Deltona-Daytona Beach-Ormond Beach, FL",445060,451291,458400,465989,476695,485940,494302,498769,497344,495890,590506,591926,594969,600236,608604,621166,635859,647867,658186,668365,671784,687477,707455,724514,739516
Denver-Colorado,19740,"Denver-Aurora-Centennial, CO",2194022,2246785,2276250,2297441,2321712,2353518,2399620,2449476,2500384,2552195,2554523,2602918,2650274,2700529,2753973,2812896,2856755,2891776,2931665,2967239,2970243,2978410,2991705,3020750,3052498
Denver-United States,19740,"Denver-Aurora-Centennial, CO",2194022,2246785,2276250,2297441,2321712,2353518,2399620,2449476,2500384,2552195,2554523,2602918,2650274,2700529,2753973,2812896,2856755,2891776,2931665,2967239,2970243,2978410,2991705,3020750,3052498
Des Moines-Iowa,19780,"Des Moines-West Des Moines, IA",483210,490191,496973,504107,511589,522760,533704,544240,554101,562906,608930,618299,626778,637846,649652,659522,671055,681413,690915,699292,711239,720861,729453,740131,753913
Des Moines-United States,19780,"Des Moines-West Des Moines, IA",483210,490191,496973,504107,511589,522760,533704,544240,554101,562906,608930,618299,626778,637846,649652,659522,671055,681413,690915,699292,711239,720861,729453,740131,753913
Detroit-Michigan,19820,"Detroit-Warren-Dearborn, MI",4457471,4479232,4486067,4492756,4498311,4494398,4484542,4456582,4423781,4403437,4291508,4291696,4300864,4305587,4311194,4309673,4316260,4321593,4322084,4319629,4385445,4370015,4358510,4369590,4400578
Detroit-United States,19820,"Detroit-Warren-Dearborn, MI",4457471,4479232,4486067,4492756,4498311,4494398,4484542,4456582,4423781,4403437,4291508,4291696,4300864,4305587,4311194,4309673,4316260,4321593,4322084,4319629,4385445,4370015,4358510,4369590,4400578
Dothan-Alabama,20020,"Dothan, AL",131053,131266,131633,132998,134264,135622,137835,139762,141446,142693,145871,146621,147448,147449,147830,147992,147784,147878,148249,149358,151174,151456,152488,153480,154766
Dover-Delaware,20100,"Dover, DE",127109,128821,131301,134222,138382,143294,148041,152090,155492,157741,162956,165110,167297,169038,171456,173128,174542,176499,178540,180786,182317,185069,187819,190123,192690
Dubuque-Iowa,20220,"Dubuque, IA",89232,88998,89218,90116,90618,90926,91390,92254,92589,93072,93929,94593,95159,95945,96481,96850,96763,97066,96922,97311,99310,98863,98748,98988,99242
Duluth-Minnesota,20260,"Duluth, MN-WI",275580,276392,275792,275582,274962,274086,273716,273889,275188,276368,290542,290594,290176,290193,290261,289741,289395,289108,289260,288732,280618,279990,280337,281587,281815
Durham-North Carolina,20500,"Durham-Chapel Hill, NC",426151,435352,441951,446376,451315,458118,468250,479218,490907,501228,566267,572520,581735,590364,599236,607706,618222,625678,637501,644367,582086,592921,601788,611301,620522
Durham-United States,20500,"Durham-Chapel Hill, NC",426151,435352,441951,446376,451315,458118,468250,479218,490907,501228,566267,572520,581735,590364,599236,607706,618222,625678,637501,644367,582086,592921,601788,611301,620522
Eau Claire-Wisconsin,20740,"Eau Claire, WI",148689,149703,150861,151701,153368,154674,155893,157387,158495,160018,161655,162886,163892,164822,165023,165501,166430,167329,168464,169304,172223,172580,173610,175007,176153
El Paso-Texas,21340,"El Paso, TX",680942,684780,688771,694672,702433,708683,720756,727828,738416,751296,807048,823308,835667,834203,837089,835439,839203,842005,841613,844124,869877,870978,872344,878319,879392
El Paso-United States,21340,"El Paso, TX",680942,684780,688771,694672,702433,708683,720756,727828,738416,751296,807048,823308,835667,834203,837089,835439,839203,842005,841613,844124,869877,870978,872344,878319,879392
Elizabethtown-Kentucky,21060,"Elizabethtown, KY",107694,108109,108491,108621,108953,110324,110653,111642,112408,113433,149833,151319,151501,152228,151675,148107,148941,150390,153201,153928,125717,126905,126941,127724,127954
Elkhart-Indiana,21140,"Elkhart-Goshen, IN",183521,185090,185148,187890,190298,193541,196691,198394,200125,200502,197451,198279,198968,200205,201423,202995,203642,204194,205617,206341,207009,207093,207161,206963,207436
Elmira-New York,21300,"Elmira, NY",91079,90673,90409,89816,89366,88351,88164,88058,87902,88331,88895,88899,89137,88199,87177,86705,85644,84736,83935,83456,83677,83064,81598,81279,81115
Enid-Oklahoma,21420,"Enid, OK",,,,,,,,,,,60765,60763,61399,62370,62790,63248,62493,61600,61095,61056,62701,61977,61990,62055,62007
Erie-Pennsylvania,21500,"Erie, PA",280734,281524,281920,282200,279790,278933,279929,279804,279647,280291,280799,281327,281532,280717,279423,278174,276170,273558,271544,269728,270739,269455,269112,268203,267750
Erie-United States,21500,"Erie, PA",280734,281524,281920,282200,279790,278933,279929,279804,279647,280291,280799,281327,281532,280717,279423,278174,276170,273558,271544,269728,270739,269455,269112,268203,267750
Eugene-Oregon,21660,"Eugene-Springfield, OR",323505,324829,327394,330447,331876,335242,339280,344812,348425,351109,351920,354034,355075,355481,358027,361946,368874,375264,378549,382067,384221,386082,386187,382151,382396
Eugene-United States,21660,"Eugene-Springfield, OR",323505,324829,327394,330447,331876,335242,339280,344812,348425,351109,351920,354034,355075,355481,358027,361946,368874,375264,378549,382067,384221,386082,386187,382151,382396
Evansville-Indiana,21780,"Evansville, IN",342992,342977,343770,345355,346745,347636,348728,350065,350614,351911,311802,312698,313422,314331,314859,314983,315283,314791,314660,315086,269524,270018,270133,271002,271793
Evansville-United States,21780,"Evansville, IN",342992,342977,343770,345355,346745,347636,348728,350065,350614,351911,311802,312698,313422,314331,314859,314983,315283,314791,314660,315086,269524,270018,270133,271002,271793
Fairbanks-Alaska,21820,"Fairbanks-College, AK",82769,85233,87329,89198,92301,94451,94803,97952,98351,98660,98264,98120,100311,100933,99254,99636,100633,99675,98565,96849,95349,95553,95749,95700,94951
Fargo-North Dakota,22020,"Fargo, ND-MN",174791,176297,177537,179461,183730,185854,189263,192358,195948,200102,209455,213222,217610,223360,227790,232891,237244,241511,244311,246145,250256,255004,259659,264582,267793
Farmington-New Mexico,22140,"Farmington, NM",114035,115133,118277,119780,120863,121912,121613,122289,122407,124131,130203,129711,129756,129467,129084,128246,127954,126917,125499,123958,121387,121019,120580,120907,120817
Fayetteville-Arkansas,22220,"Fayetteville-Springdale-Rogers, AR",349562,359646,369930,382645,397168,413777,430316,444133,455408,464623,442301,452884,462291,471140,480513,491730,503806,515616,525239,534904,549960,562793,578367,591895,605615
Fayetteville-North Carolina,22180,"Fayetteville, NC",336893,338125,342404,346913,349048,344849,348072,351017,354334,360355,490446,499149,502672,509180,510635,511976,516822,517527,522461,526719,389444,392820,392827,392998,393812
Fayetteville-United States,22220,"Fayetteville-Springdale-Rogers, AR",349562,359646,369930,382645,397168,413777,430316,444133,455408,464623,442301,452884,462291,471140,480513,491730,503806,515616,525239,534904,549960,562793,578367,591895,605615
Flagstaff-Arizona,22380,"Flagstaff, AZ",116717,117803,120390,121545,123349,124804,126029,127451,128426,129849,134612,134275,136146,136699,137566,138962,140407,141001,142523,143476,145190,142927,144326,144934,145161
Flint-Michigan,22420,"Flint, MI",436885,437901,438775,439544,439880,439216,437395,434086,428859,424043,424953,422026,418193,415639,412859,410461,408926,407488,406688,405813,405793,404713,402031,401711,402279
Flint-United States,22420,"Flint, MI",436885,437901,438775,439544,439880,439216,437395,434086,428859,424043,424953,422026,418193,415639,412859,410461,408926,407488,406688,405813,405793,404713,402031,401711,402279
Florence-Alabama,22520,"Florence-Muscle Shoals, AL",143006,142234,141466,141263,141630,141836,142454,143128,143826,144238,147261,147146,147232,147230,147462,146876,146922,147259,147608,147970,151336,152461,153926,155249,156287
Florence-South Carolina,22500,"Florence, SC",193260,193798,194704,195573,196067,196698,198008,199027,200231,200653,205662,205800,206041,205986,206426,206235,205854,205476,205036,204911,199656,199132,199294,199822,200474
Fond du Lac-Wisconsin,22540,"Fond du Lac, WI",97384,97753,97821,98009,98281,98458,98910,99376,99864,100070,101576,101810,101788,101787,101977,101955,102211,102417,103001,103403,104156,104117,104010,104135,104269
Fort Collins-Colorado,22660,"Fort Collins-Loveland, CO",253152,260746,265659,268671,271830,275477,281215,286927,292889,298382,300441,305246,310842,316225,324008,333303,338984,344084,350660,356899,359932,362785,368017,371530,374574
Fort Collins-United States,22660,"Fort Collins-Loveland, CO",253152,260746,265659,268671,271830,275477,281215,286927,292889,298382,300441,305246,310842,316225,324008,333303,338984,344084,350660,356899,359932,362785,368017,371530,374574
Fort Smith-Arkansas,22900,"Fort Smith, AR-OK",273816,275457,277093,278393,280135,282427,286401,289474,290977,293063,248344,249236,249491,248569,248220,248820,249170,250231,250298,250368,227222,228097,230066,231261,232848
Fort Wayne-Indiana,23060,"Fort Wayne, IN",391066,393586,396060,398574,400163,402638,406112,409659,411625,414315,389298,392332,394225,396638,398591,400806,402887,405445,409126,413263,448623,451866,455058,458553,462978
Fort Wayne-United States,23060,"Fort Wayne, IN",391066,393586,396060,398574,400163,402638,406112,409659,411625,414315,389298,392332,394225,396638,398591,400806,402887,405445,409126,413263,448623,451866,455058,458553,462978
Fresno-California,23420,"Fresno, CA",801444,812426,828245,844194,857162,867438,878024,889888,903133,915267,932039,939406,945045,951514,960567,969488,976830,985238,991950,999101,1166047,1171898,1177521,1183301,1189557
Fresno-United States,23420,"Fresno, CA",801444,812426,828245,844194,857162,867438,878024,889888,903133,915267,932039,939406,945045,951514,960567,969488,976830,985238,991950,999101,1166047,1171898,1177521,1183301,1189557
Gadsden-Alabama,23460,"Gadsden, AL",103313,102914,102815,102698,102657,102602,102854,103216,103435,103645,104459,104369,104278,103884,103399,102998,102855,103007,102611,102268,103437,102887,102821,103174,103207
Gainesville-Florida,23540,"Gainesville, FL",233142,235950,238868,241310,244060,248066,253757,257114,259179,260690,305334,306979,308240,308865,311743,316031,321418,324485,327933,329128,340715,344198,349559,355362,359780
Gainesville-Georgia,23580,"Gainesville, GA",140886,146870,151775,155887,159745,165245,171867,178838,184731,187743,180033,182269,184102,186431,189142,192245,196159,198953,201538,204441,203409,206998,213126,218248,221745
Goldsboro-North Carolina,24140,"Goldsboro, NC",113297,112952,112804,112777,113569,113221,112697,113300,113419,113811,122886,124038,124559,124587,124586,124342,124269,123034,123237,123131,117772,117395,118185,119570,120338
Grand Forks-North Dakota,24220,"Grand Forks, ND-MN",97331,96436,96093,96132,97840,97298,97796,96789,97261,97190,98633,98194,99093,100741,101260,101849,102171,102126,101766,100815,104213,103240,102863,103636,104184
Grand Island-Nebraska,24260,"Grand Island, NE",,,,,,,,,,,72936,73547,74238,74652,75240,75319,75598,75456,75476,75553,76922,76276,76522,76968,77278
Grand Junction-Colorado,24300,"Grand Junction, CO",117488,119287,122131,124510,127095,129457,133651,138289,141905,146093,146259,147174,147317,147175,147113,148025,149736,151170,152951,154210,156011,157458,158585,159690,161260
Grand Rapids-Michigan,24340,"Grand Rapids-Wyoming-Kentwood, MI",743092,750083,755875,759978,763372,767149,770744,774732,776505,778009,994262,1002556,1013655,1025473,1036234,1044842,1054710,1063670,1071370,1077370,1151580,1154728,1158524,1167100,1178826
Grand Rapids-United States,24340,"Grand Rapids-Wyoming-Kentwood, MI",743092,750083,755875,759978,763372,767149,770744,774732,776505,778009,994262,1002556,1013655,1025473,1036234,1044842,1054710,1063670,1071370,1077370,1151580,1154728,1158524,1167100,1178826
Grants Pass-Oregon,24420,"Grants Pass, OR",,,,,,,,,,,82879,82702,82755,83131,83377,84528,85504,86584,87150,87487,88228,88599,87786,88001,88276
Great Falls-Montana,24500,"Great Falls, MT",80201,80387,80600,81065,81681,81766,81813,81780,82022,82178,81507,81714,81622,82194,82056,81878,81562,81633,81688,81366,84411,84565,84908,84625,84523
Greeley-Colorado,24540,"Greeley, CO",183045,193060,203570,210635,217706,225856,234387,242250,248852,254759,254207,258827,264131,270165,277112,285819,295712,305885,314815,324492,331467,339942,350610,360216,369745
Green Bay-United States,24580,"Green Bay, WI",283337,285858,288747,290972,294375,296463,298302,300914,302322,304783,306754,308613,310605,311947,314003,315652,317369,319694,321384,322906,328606,328970,330902,332548,334697
Green Bay-Wisconsin,24580,"Green Bay, WI",283337,285858,288747,290972,294375,296463,298302,300914,302322,304783,306754,308613,310605,311947,314003,315652,317369,319694,321384,322906,328606,328970,330902,332548,334697
Greensboro-North Carolina,24660,"Greensboro-High Point, NC",645536,652373,656811,661123,665024,673638,685582,696287,707185,714765,725264,730095,735475,740604,746497,751285,758635,762071,766473,771851,774382,778420,785413,793159,800722
Greensboro-United States,24660,"Greensboro-High Point, NC",645536,652373,656811,661123,665024,673638,685582,696287,707185,714765,725264,730095,735475,740604,746497,751285,758635,762071,766473,771851,774382,778420,785413,793159,800722
Greenville-North Carolina,24780,"Greenville, NC",153156,155006,157069,159023,161371,163933,168607,172824,176589,179715,168863,170791,172980,174380,174974,176071,177171,178607,179575,180742,173643,175491,177090,178956,180783
Greenville-South Carolina,24860,"Greenville-Anderson-Greer, SC",561900,567887,572407,577255,583166,590654,602989,616954,630098,639617,825625,833220,840903,848417,860285,872521,884327,895357,907028,920477,930775,941600,961030,979608,996680
Gulfport-Mississippi,25060,"Gulfport-Biloxi, MS",246838,248185,249820,249989,254385,256655,225681,231583,236155,238772,389324,393744,396803,399940,403841,406604,408865,412754,414686,417665,416672,418748,421071,422724,426793
Hagerstown-Maryland,25180,"Hagerstown-Martinsburg, MD-WV",223526,226726,230900,236598,243004,249556,256333,261279,264278,266149,269833,271983,273429,274926,276755,278236,280717,282958,285722,288104,294463,298615,302325,306547,311295
Hammond-Louisiana,25220,"Hammond, LA",,,,,,,,,,,121485,122700,123646,125520,127010,128716,130619,132353,133837,134758,133642,135487,136734,137999,139823
Harrisburg-Pennsylvania,25420,"Harrisburg-Carlisle, PA",509454,510511,513711,516171,517793,520431,525594,529783,533802,536919,550088,552280,555057,558139,561164,564678,567510,570784,574149,577941,592809,599797,604003,608806,615361
Harrisonburg-Virginia,25500,"Harrisonburg, VA",108285,109901,111243,111707,112651,114503,116409,117810,118770,120271,125401,126796,128449,128956,130420,131120,132909,134041,134749,134964,135484,136032,136597,138008,138838
Hartford-Connecticut,25540,"Hartford-West Hartford-East Hartford, CT",1150915,1156981,1165667,1173575,1175284,1178556,1182625,1186341,1191170,1195998,1214091,1216088,1215307,1214785,1213886,1211748,1208595,1207027,1206139,1204877,1137369,1147394,1151750,1160000,1169048
Hartford-United States,25540,"Hartford-West Hartford-East Hartford, CT",1150915,1156981,1165667,1173575,1175284,1178556,1182625,1186341,1191170,1195998,1214091,1216088,1215307,1214785,1213886,1211748,1208595,1207027,1206139,1204877,1137369,1147394,1151750,1160000,1169048
Hattiesburg-Mississippi,25620,"Hattiesburg, MS",124325,125363,126694,128121,129871,131889,135356,138879,141000,143093,162856,164801,165994,166971,167179,167873,168158,167719,168292,168849,154064,154923,155535,156072,156575
Helena-Montana,25740,"Helena, MT",,,,,,,,,,,,,,,,,,,,,90184,92316,94332,95961,96735
Hickory-North Carolina,25860,"Hickory-Lenoir-Morganton, NC",343120,346821,348183,348905,350876,353589,356726,360105,363237,365364,365565,364478,363670,363379,363035,363346,364798,367085,368449,369711,365131,365795,367514,370108,373031
Hilton Head Island-South Carolina,25940,"Hilton Head Island-Bluffton-Port Royal, SC",,,,,,,,,,,187777,189330,193145,197292,201725,207256,211269,215019,218023,222195,216977,222380,227920,232603,237393
Hinesville-Georgia,25980,"Hinesville, GA",71802,70838,72146,71196,72872,73919,71537,71780,70284,74420,77339,80267,80406,78825,81120,79269,79845,80399,79697,80994,81603,83876,86440,87886,89046
Holland-Michigan,26100,"Holland-Grand Haven, MI",239490,243502,246332,249228,252323,254312,256851,258808,260891,261957,,,,,,,,,,,,,,,
Honolulu-Hawaii,46520|26180,"Honolulu, HI",875061,877189,882628,888026,894406,900340,903467,898695,902745,907574,956285,967336,977994,986059,987414,991064,992268,986353,979858,974563,1012407,1004349,995652,994576,998747
Hot Springs-Arkansas,26300,"Hot Springs, AR",88350,89311,90151,91196,92028,93253,95492,96499,97700,98479,96067,96854,96986,97654,97758,97814,98282,98327,98966,99386,100266,100306,99942,99759,99902
Houma-Louisiana,26380,"Houma-Bayou Cane-Thibodaux, LA",194435,194783,195589,196408,197077,197554,200895,201508,202717,202973,208251,208713,208885,209983,211368,212131,211512,209946,209144,208075,206859,206580,200359,199182,199206
Houston-Texas,26420,"Houston-Pasadena-The Woodlands, TX",4739414,4851189,4978638,5084017,5190444,5299567,5484883,5597674,5726705,5867489,5947236,6056193,6183531,6328208,6500199,6671808,6806503,6900090,6976147,7066141,7169728,7246956,7403068,7598011,7796182
Houston-United States,26420,"Houston-Pasadena-The Woodlands, TX",4739414,4851189,4978638,5084017,5190444,5299567,5484883,5597674,5726705,5867489,5947236,6056193,6183531,6328208,6500199,6671808,6806503,6900090,6976147,7066141,7169728,7246956,7403068,7598011,7796182
Huntington-West Virginia,26580,"Huntington-Ashland, WV-KY-OH",288355,287090,286049,286179,285280,284527,284789,284743,284903,285624,371065,371126,370972,370179,368938,367224,365020,361970,359069,355873,375706,372890,369936,368194,366920
Huntsville-Alabama,26620,"Huntsville, AL",343798,347907,353145,358448,363221,370064,379304,387705,397228,406316,419276,425122,430056,435541,440395,444542,449576,455892,463181,471824,494736,503948,515081,528694,542297
Huntsville-United States,26620,"Huntsville, AL",343798,347907,353145,358448,363221,370064,379304,387705,397228,406316,419276,425122,430056,435541,440395,444542,449576,455892,463181,471824,494736,503948,515081,528694,542297
Idaho Falls-Idaho,26820,"Idaho Falls, ID",102081,102916,104289,106193,109171,111855,115330,119210,123123,126131,133813,134959,136165,136840,137838,139542,142520,145512,148436,151530,158401,162945,165747,168481,171233
Indianapolis-Indiana,26900,"Indianapolis-Carmel-Greenwood, IN",1531156,1556076,1578239,1600165,1622935,1645027,1671898,1697656,1720796,1743658,1892640,1910719,1929678,1953600,1971006,1986119,2006760,2027584,2052368,2074537,2092864,2107860,2126541,2148172,2174833
Indianapolis-United States,26900,"Indianapolis-Carmel-Greenwood, IN",1531156,1556076,1578239,1600165,1622935,1645027,1671898,1697656,1720796,1743658,1892640,1910719,1929678,1953600,1971006,1986119,2006760,2027584,2052368,2074537,2092864,2107860,2126541,2148172,2174833
Iowa City-Iowa,26980,"Iowa City, IA",132182,134878,136542,138453,140758,142228,144271,146688,149359,152263,153025,155908,159006,162095,164759,167088,169054,171529,172607,173105,175593,177573,179356,180756,182711
Ithaca-New York,27060,"Ithaca, NY",96662,97575,98393,99203,99747,99698,99997,100413,101027,101779,101740,101821,102726,103553,103391,103006,102942,102664,102419,102180,99778,105974,105827,105505,105602
Jackson-Michigan,27100,"Jackson, MI",158735,159756,160791,161824,161761,162530,162783,162698,160266,159828,160109,159658,159962,159628,159421,159264,158277,158563,158566,158510,160223,160181,159828,159835,160233
Jackson-Mississippi,27140,"Jackson, MS",498252,501182,504423,509068,515995,521493,530664,533801,537194,540866,588272,593409,595585,596325,597357,597928,599170,599358,597376,594806,618883,612538,609791,609217,606178
Jackson-Tennessee,27180,"Jackson, TN",107581,108817,109340,109259,110001,110772,112160,112694,113008,113629,179762,179692,179857,179836,179358,178607,178306,178336,178315,178644,180571,180514,181580,182255,183680
Jackson-United States,27140,"Jackson, MS",498252,501182,504423,509068,515995,521493,530664,533801,537194,540866,588272,593409,595585,596325,597357,597928,599170,599358,597376,594806,618883,612538,609791,609217,606178
Jacksonville-Florida,27260,"Jacksonville, FL",1126224,1148044,1172801,1194706,1222731,1248524,1279132,1301097,1316528,1328144,1348907,1361972,1377607,1393432,1416446,1444638,1476023,1505033,1532663,1559514,1613045,1641662,1681346,1723198,1760548
Jacksonville-North Carolina,27340,"Jacksonville, NC",149774,149659,153280,156018,161242,158942,161054,163613,169233,173064,186892,184993,190678,192354,191822,193114,192314,195066,196915,197938,205111,203563,206718,211184,212954
Jacksonville-United States,27260,"Jacksonville, FL",1126224,1148044,1172801,1194706,1222731,1248524,1279132,1301097,1316528,1328144,1348907,1361972,1377607,1393432,1416446,1444638,1476023,1505033,1532663,1559514,1613045,1641662,1681346,1723198,1760548
Janesville-Wisconsin,27500,"Janesville-Beloit, WI",152499,153151,153509,153952,155320,156315,158042,159449,160186,160155,160260,159867,160065,160341,160920,161006,161320,162205,162874,163354,163761,164128,163959,164443,165461
Jefferson City-Missouri,27620,"Jefferson City, MO",140320,140916,141968,142673,141835,143439,144548,145265,146465,147438,149991,150413,150391,150669,150727,150928,151375,151319,151512,151235,149441,149981,150377,150860,151523
Johnson City-Tennessee,27740,"Johnson City, TN",181989,182085,183736,186119,187178,188888,191544,193357,195783,197381,199010,199574,200473,200470,200021,200331,201457,201909,202900,203649,207484,207185,210476,213552,214948
Johnstown-Pennsylvania,27780,"Johnstown, PA",152240,150995,149851,148710,147704,146726,145822,145061,144488,143998,143461,142579,141536,138826,137537,136028,134414,132960,131449,130192,133198,132240,131432,130713,130108
Jonesboro-Arkansas,27860,"Jonesboro, AR",108135,108785,109215,110156,111367,112539,114618,116264,118135,120139,121263,122854,124292,125840,126813,128459,129906,131259,132719,133860,134578,134346,135262,136618,138152
Joplin-Missouri,27900,"Joplin, MO-KS",157718,158609,160099,161913,163829,165910,168415,171014,172615,174300,175833,173846,174407,175144,175869,176686,177397,178239,178613,179564,200896,201957,203119,205025,207131
Kahului-Hawaii,27980,"Kahului-Wailuku, HI",,,,,,,,,,,155020,156936,158889,161004,163036,163904,165350,166146,166972,167417,164882,164896,164560,164835,163769
Kalamazoo-Michigan,28020,"Kalamazoo-Portage, MI",315398,316785,319048,321092,320051,320539,321523,322566,324135,326634,250751,252600,255353,257311,258951,259676,261304,262998,264680,265066,261814,260566,261417,263297,264780
Kansas City-Missouri,28140,"Kansas City, MO-KS",1842924,1865245,1890419,1912368,1935840,1958504,1984954,2011857,2046083,2067585,2013361,2025490,2038586,2053850,2069182,2085913,2107066,2127203,2144427,2157990,2195288,2203618,2209457,2228762,2253579
Kansas City-United States,28140,"Kansas City, MO-KS",1842924,1865245,1890419,1912368,1935840,1958504,1984954,2011857,2046083,2067585,2013361,2025490,2038586,2053850,2069182,2085913,2107066,2127203,2144427,2157990,2195288,2203618,2209457,2228762,2253579
Kennewick-Washington,28420,"Kennewick-Richland, WA",192710,196382,202549,208714,213478,218631,223720,228962,237206,245649,255542,263487,268071,270766,274154,278945,283693,290096,295289,299612,304578,308734,311299,314999,319428
Kenosha-Wisconsin,28450,"Kenosha, WI",,,,,,,,,,,,,,,,,,,,,169202,168446,167920,167867,168754
Killeen-Texas,28660,"Killeen-Temple, TX",332022,334474,340032,346490,348412,354424,358547,371643,379569,379231,408262,412348,423475,423931,426421,432583,436421,442998,451272,460303,477233,487238,494841,503004,509487
Kingsport-Tennessee,28700,"Kingsport-Bristol, TN-VA",298438,298222,298432,298939,298765,300078,301615,303577,304679,305629,309480,309098,308623,307811,307198,306279,306017,306496,306736,307202,307757,308740,311033,312802,313876
Kingston-New York,28740,"Kingston, NY",177831,178272,179721,180223,180950,181305,181551,181530,181722,181440,182418,182448,181538,180698,180400,179658,179042,178635,178418,177573,181277,183487,182357,182906,182977
Knoxville-Tennessee,28940,"Knoxville, TN",617573,625319,632944,641551,648530,658316,671227,682143,692210,699247,815984,820702,825007,829017,832928,837818,844942,853645,861234,869046,906083,916613,933626,947279,957608
Knoxville-United States,28940,"Knoxville, TN",617573,625319,632944,641551,648530,658316,671227,682143,692210,699247,815984,820702,825007,829017,832928,837818,844942,853645,861234,869046,906083,916613,933626,947279,957608
Kokomo-Indiana,29020,"Kokomo, IN",101528,101419,101055,100923,100660,100600,100055,99810,99450,98787,82752,82797,82839,82738,82605,82338,82304,82210,82257,82544,83587,83653,83574,83857,84082
La Crosse-Wisconsin,29100,"La Crosse-Onalaska, WI-MN",127020,127604,128194,128614,128782,129267,129842,131010,131728,132923,133897,134106,135307,135655,136140,136385,136384,136710,136613,136616,170476,169090,170184,170437,170763
Lafayette-Indiana,29200|29140,"Lafayette, IN",178844,180192,180791,181955,182831,185290,188814,191379,193753,196329,210687,213230,216449,219183,221445,223573,227088,228101,230938,233002,223854,225078,227077,228311,229701
Lafayette-Louisiana,29180,"Lafayette, LA",239107,239893,242115,243494,245493,247352,254839,256826,259773,263171,467612,470935,474205,479794,484876,489507,490877,490299,489680,489207,408227,410593,413175,415438,419704
Lafayette-United States,29180,"Lafayette, LA",239107,239893,242115,243494,245493,247352,254839,256826,259773,263171,467612,470935,474205,479794,484876,489507,490877,490299,489680,489207,408227,410593,413175,415438,419704
Lake Charles-Louisiana,29340,"Lake Charles, LA",193463,192809,192578,193277,193715,193975,190401,191546,192972,194138,199943,200534,201110,202205,203296,205275,207464,209410,210190,210409,254329,242423,239542,240867,242975
Lake Havasu City-Arizona,29420,"Lake Havasu City-Kingman, AZ",156194,159840,165177,171019,178313,185940,192724,195852,195601,194825,200314,202812,203347,203126,203423,204574,205412,207017,209292,212181,214173,217186,220947,223801,226479
Lakeland-Florida,29460,"Lakeland-Winter Haven, FL",485378,491393,498428,508118,521029,538638,557477,573483,580282,583403,603102,609948,615453,622633,634398,648523,665823,685368,706597,724777,730179,755712,790530,824172,852878
Lancaster-Pennsylvania,29540,"Lancaster, PA",471818,474420,478078,481803,485676,489258,494393,499364,503807,507766,520319,523957,526878,530012,533289,535811,538160,541332,543969,545724,552834,556364,556991,560174,563293
Lancaster-United States,29540,"Lancaster, PA",471818,474420,478078,481803,485676,489258,494393,499364,503807,507766,520319,523957,526878,530012,533289,535811,538160,541332,543969,545724,552834,556364,556991,560174,563293
Lansing-Michigan,29620,"Lansing-East Lansing, MI",448543,450807,453042,454600,456759,456491,455947,455516,454605,453603,534899,536605,537005,538089,540028,541271,545146,548380,548674,550391,473377,460015,473375,476605,479971
Lansing-United States,29620,"Lansing-East Lansing, MI",448543,450807,453042,454600,456759,456491,455947,455516,454605,453603,534899,536605,537005,538089,540028,541271,545146,548380,548674,550391,473377,460015,473375,476605,479971
Laredo-Texas,29700,"Laredo, TX",194523,199914,205096,210229,215775,220968,225985,230848,235937,241438,251370,255935,260595,264430,267465,269865,272301,273691,275120,276652,267368,267465,268276,270538,272823
Laredo-United States,29700,"Laredo, TX",194523,199914,205096,210229,215775,220968,225985,230848,235937,241438,251370,255935,260595,264430,267465,269865,272301,273691,275120,276652,267368,267465,268276,270538,272823
Las Cruces-New Mexico,29740,"Las Cruces, NM",174973,176460,178473,182147,184935,189265,193779,198205,201428,206419,210097,213126,214450,214288,213933,214034,214663,216174,217278,218195,220069,221756,223604,226534,229366
Las Vegas-Nevada,29820,"Las Vegas-Henderson-North Las Vegas, NV",1393370,1456549,1515571,1572924,1646875,1708846,1778129,1838635,1879093,1902834,1952587,1961925,1989224,2017193,2053134,2096717,2138836,2181635,2226115,2266715,2275970,2296651,2321961,2354285,2398871
Las Vegas-United States,29820,"Las Vegas-Henderson-North Las Vegas, NV",1393370,1456549,1515571,1572924,1646875,1708846,1778129,1838635,1879093,1902834,1952587,1961925,1989224,2017193,2053134,2096717,2138836,2181635,2226115,2266715,2275970,2296651,2321961,2354285,2398871
Lawrence-Kansas,29940,"Lawrence, KS",100295,102292,104408,106231,108385,111519,112559,113409,114752,116383,111198,112479,113313,114713,116445,118141,119662,120281,121109,122259,118787,119503,120053,121179,121989
Lawton-Oklahoma,30020,"Lawton, OK",114675,112236,112009,110484,113630,111866,112293,114503,112249,113228,131569,132255,132696,131113,130909,130011,127676,127649,126348,126415,126681,127769,127863,127338,126899
Lebanon-Pennsylvania,30140,"Lebanon, PA",120416,120825,121313,122426,123597,124819,126586,128197,129302,130506,133664,134529,135545,135804,136538,137479,138480,139553,141339,141793,143292,143772,144003,144546,145319
Lewiston-Idaho,30300,"Lewiston, ID-WA",57952,57470,57635,58196,58589,58966,59641,59935,60260,60643,61040,61409,61413,61927,62031,62108,62422,62798,62872,62990,64476,64987,65500,65488,65370
Lewiston-Maine,30340,"Lewiston-Auburn, ME",103845,104148,104873,105786,106324,106560,106971,106695,107061,106539,107708,107439,107486,107223,107358,107124,107296,107399,107914,108277,111178,112733,113454,114477,115272
Lexington-Fayette-Kentucky,30460,"Lexington-Fayette, KY",409656,415000,419455,426187,432055,439164,448413,455492,464042,470849,473412,478930,485236,490906,495137,501469,507387,512381,514938,517056,517420,516646,519557,525814,533366
Lexington-Fayette-United States,30460,"Lexington-Fayette, KY",409656,415000,419455,426187,432055,439164,448413,455492,464042,470849,473412,478930,485236,490906,495137,501469,507387,512381,514938,517056,517420,516646,519557,525814,533366
Lima-Ohio,30620,"Lima, OH",108577,108193,107845,106527,105780,105528,105126,104895,104826,104357,106358,105988,105244,105055,104848,104095,103613,103093,102725,102351,102137,101800,101086,100851,100866
Lincoln-Nebraska,30700,"Lincoln, NE",267955,270981,274541,278417,280763,284161,287388,290809,294665,298012,302961,306619,310328,314103,319634,323090,327409,330975,333800,336374,340781,340962,342875,346440,350626
Lincoln-United States,30700,"Lincoln, NE",267955,270981,274541,278417,280763,284161,287388,290809,294665,298012,302961,306619,310328,314103,319634,323090,327409,330975,333800,336374,340781,340962,342875,346440,350626
Little Rock-Arkansas,30780,"Little Rock-North Little Rock-Conway, AR",612149,617414,623045,629617,637233,645679,657664,666490,675921,685488,702294,710682,717665,723159,728190,730889,734166,737557,740081,742384,749020,751803,758380,764683,769258
Little Rock-United States,30780,"Little Rock-North Little Rock-Conway, AR",612149,617414,623045,629617,637233,645679,657664,666490,675921,685488,702294,710682,717665,723159,728190,730889,734166,737557,740081,742384,749020,751803,758380,764683,769258
Logan-Utah,30860,"Logan, UT-ID",103220,105248,108937,111851,114130,116548,118402,120837,124362,127945,126167,127591,128693,129827,130804,132652,135521,137703,140104,142165,147912,152143,155622,158709,161125
Longview-Texas,30980,"Longview, TX",194010,194657,196345,197353,198362,199424,201200,202903,204496,206874,280487,282427,283056,282589,283219,283767,283641,284602,285315,286657,286417,288280,290804,294231,295490
Longview-Washington,31020,"Longview-Kelso, WA",93012,93623,94313,94427,95424,96359,98953,100557,101537,101966,102358,102309,101663,101483,101790,102999,104740,106805,108752,110593,111021,111701,112058,113040,113982
Los Angeles-California,31080|31100,"Los Angeles-Long Beach-Santa Ana, CA",12398950,12525736,12634977,12717433,12764590,12761175,12713660,12692603,12768395,12874797,12838417,12925753,13013443,13097434,13166609,13234696,13270694,13278000,13249879,13214799,13182895,12968590,12906936,12886400,12927614
Los Angeles-United States,31080|31100,"Los Angeles-Long Beach-Santa Ana, CA",12398950,12525736,12634977,12717433,12764590,12761175,12713660,12692603,12768395,12874797,12838417,12925753,13013443,13097434,13166609,13234696,13270694,13278000,13249879,13214799,13182895,12968590,12906936,12886400,12927614
Louisville-Kentucky,31140,"Louisville/Jefferson County, KY-IN",1165132,1172461,1180018,1190011,1200010,1209493,1222544,1237027,1249739,1258577,1204655,1211869,1220183,1232178,1239354,1246231,1252525,1259553,1262023,1265108,1363012,1361854,1365960,1377729,1394234
Louisville-United States,31140,"Louisville/Jefferson County, KY-IN",1165132,1172461,1180018,1190011,1200010,1209493,1222544,1237027,1249739,1258577,1204655,1211869,1220183,1232178,1239354,1246231,1252525,1259553,1262023,1265108,1363012,1361854,1365960,1377729,1394234
Lubbock-Texas,31180,"Lubbock, TX",250130,253407,255764,259146,261093,262771,266327,269144,271582,276659,292241,295338,297793,301167,306056,310001,313780,317094,319239,322257,352164,355410,357390,361721,367109
Lubbock-United States,31180,"Lubbock, TX",250130,253407,255764,259146,261093,262771,266327,269144,271582,276659,292241,295338,297793,301167,306056,310001,313780,317094,319239,322257,352164,355410,357390,361721,367109
Lynchburg-Virginia,31340,"Lynchburg, VA",228918,229138,229459,231160,232679,235987,240145,243385,245579,247447,252969,254190,255725,256832,257953,259447,260537,261813,262893,263566,261655,262537,263320,265045,266432
Macon-Georgia,31420,"Macon-Bibb County, GA",222387,222792,224432,225715,227014,227607,229027,229997,230735,231576,232199,232707,232734,231225,230441,229795,229148,228985,229594,229996,233609,233183,233969,236333,237617
Macon-United States,31420,"Macon-Bibb County, GA",222387,222792,224432,225715,227014,227607,229027,229997,230735,231576,232199,232707,232734,231225,230441,229795,229148,228985,229594,229996,233609,233183,233969,236333,237617
Madison-United States,31540,"Madison, WI",504044,511777,519570,526419,533567,540145,547093,554887,562065,570025,606625,613159,619719,626833,633369,640198,648388,655250,659927,664865,681891,681112,690029,698503,707606
Madison-Wisconsin,31540,"Madison, WI",504044,511777,519570,526419,533567,540145,547093,554887,562065,570025,606625,613159,619719,626833,633369,640198,648388,655250,659927,664865,681891,681112,690029,698503,707606
Manchester-New Hampshire,31700,"Manchester-Nashua, NH",382409,388182,390921,393018,396542,398927,401242,402731,404074,405906,401055,402774,404344,405281,407275,408985,411333,413204,414630,417025,422929,424475,426307,427719,430462
Manchester-United States,31700,"Manchester-Nashua, NH",382409,388182,390921,393018,396542,398927,401242,402731,404074,405906,401055,402774,404344,405281,407275,408985,411333,413204,414630,417025,422929,424475,426307,427719,430462
Manhattan-Kansas,31740,"Manhattan, KS",109039,109643,110253,112656,112990,114606,117083,118416,122049,123086,128521,130746,137731,136294,135665,136989,134000,131667,131698,130285,134198,133885,133474,133371,134892
Mankato-Minnesota,31860,"Mankato, MN",85850,86695,87414,88241,88760,89434,90877,91761,92576,93234,96844,97325,97994,97718,98670,99199,100075,100968,101577,101927,103694,103743,104062,104716,105193
Mansfield-Ohio,31900,"Mansfield, OH",128797,128009,128068,127826,127459,126946,126398,126039,125081,124490,124162,123144,122633,122314,121999,121688,121242,120430,120987,121154,124988,125382,125268,125003,124853
McAllen-Texas,32580,"McAllen-Edinburg-Mission, TX",573398,588533,607449,627164,646523,665475,683719,701862,721275,741152,779149,795517,808334,818619,829819,839667,848960,856249,862298,868707,872892,879929,889799,902443,914820
McAllen-United States,32580,"McAllen-Edinburg-Mission, TX",573398,588533,607449,627164,646523,665475,683719,701862,721275,741152,779149,795517,808334,818619,829819,839667,848960,856249,862298,868707,872892,879929,889799,902443,914820
Medford-Oregon,32780,"Medford, OR",181798,183797,186567,189469,191697,194087,196165,198346,200298,201286,203341,204747,205852,207179,209189,211403,214366,216746,219411,220944,223755,224649,222153,221338,221331
Memphis-Tennessee,32820,"Memphis, TN-MS-AR",1208269,1216654,1226669,1238075,1249048,1261429,1280666,1290610,1298529,1304926,1317489,1323741,1331396,1332114,1333432,1334790,1336204,1338582,1342497,1346045,1346224,1342425,1341175,1340448,1339345
Memphis-United States,32820,"Memphis, TN-MS-AR",1208269,1216654,1226669,1238075,1249048,1261429,1280666,1290610,1298529,1304926,1317489,1323741,1331396,1332114,1333432,1334790,1336204,1338582,1342497,1346045,1346224,1342425,1341175,1340448,1339345
Merced-California,32900,"Merced, CA",212122,217937,223666,228993,233529,237901,240516,243083,244356,245321,256721,259297,260867,262026,264419,266353,267628,271096,274151,277680,282963,284834,292034,294402,296774
Miami-Florida,33100,"Miami-Fort Lauderdale-West Palm Beach, FL",5025806,5120256,5212602,5280671,5362678,5443159,5466743,5465183,5501752,5547051,5583394,5668271,5745743,5822754,5893858,5969135,6055686,6118155,6143837,6166488,6133502,6109257,6211194,6334517,6457988
Miami-United States,33100,"Miami-Fort Lauderdale-West Palm Beach, FL",5025806,5120256,5212602,5280671,5362678,5443159,5466743,5465183,5501752,5547051,5583394,5668271,5745743,5822754,5893858,5969135,6055686,6118155,6143837,6166488,6133502,6109257,6211194,6334517,6457988
Michigan City-Indiana,33140,"Michigan City-La Porte, IN",110158,110061,109441,108761,108590,109145,109179,110367,110754,111063,111459,111317,111304,111423,111735,110835,110222,109842,109981,109888,112287,112552,111810,111586,111348
Midland-Michigan,33220,"Midland, MI",,,,,,,,,,,83651,83805,83721,83651,83492,83662,83422,83314,83223,83156,83493,83504,83761,84007,84022
Midland-Texas,33260,"Midland, TX",115487,115779,116953,117957,119145,120487,123391,126082,129159,132316,141783,145108,152312,157628,162187,167974,169466,170849,178186,182603,175986,173853,177931,183557,188766
Milwaukee-United States,33340,"Milwaukee-Waukesha, WI",1502305,1511299,1521102,1528417,1533932,1536320,1540301,1544818,1550451,1559667,1556678,1561296,1567248,1571732,1575002,1576496,1576004,1574444,1573995,1575179,1574565,1563631,1564152,1567889,1574452
Milwaukee-Wisconsin,33340,"Milwaukee-Waukesha, WI",1502305,1511299,1521102,1528417,1533932,1536320,1540301,1544818,1550451,1559667,1556678,1561296,1567248,1571732,1575002,1576496,1576004,1574444,1573995,1575179,1574565,1563631,1564152,1567889,1574452
Minneapolis-Minnesota,33460,"Minneapolis-St. Paul-Bloomington, MN-WI",2981616,3024111,3053303,3078253,3106569,3132772,3167666,3204196,3237612,3269814,3340007,3373392,3405952,3440782,3476192,3503728,3538527,3575699,3610061,3640043,3694260,3696733,3696911,3722476,3757952
Minneapolis-United States,33460,"Minneapolis-St. Paul-Bloomington, MN-WI",2981616,3024111,3053303,3078253,3106569,3132772,3167666,3204196,3237612,3269814,3340007,3373392,3405952,3440782,3476192,3503728,3538527,3575699,3610061,3640043,3694260,3696733,3696911,3722476,3757952
Minot-North Dakota,33500,"Minot, ND",,,,,,,,,,,,,,,,,,,,,77520,76761,76306,75896,75938
Missoula-Montana,33540,"Missoula, MT",96170,97400,98918,99832,100757,102064,104095,105851,107552,108623,109467,110245,111042,111900,112801,114122,116349,117834,118640,119600,122921,124716,125968,126807,127741
Mobile-Alabama,33660,"Mobile, AL",400061,400094,398417,397707,397521,398369,402199,405234,409132,411721,430941,430423,430962,430815,431017,431294,431566,430567,430310,429536,414409,413164,411291,411745,412339
Mobile-United States,33660,"Mobile, AL",400061,400094,398417,397707,397521,398369,402199,405234,409132,411721,430941,430423,430962,430815,431017,431294,431566,430567,430310,429536,414409,413164,411291,411745,412339
Modesto-California,33700,"Modesto, CA",449702,463783,477197,486512,491558,498592,502989,506411,507450,510385,515145,517560,520424,523451,528015,533211,539255,544717,548126,550660,553710,552939,552410,553921,556972
Modesto-United States,33700,"Modesto, CA",449702,463783,477197,486512,491558,498592,502989,506411,507450,510385,515145,517560,520424,523451,528015,533211,539255,544717,548126,550660,553710,552939,552410,553921,556972
Monroe-Louisiana,33740,"Monroe, LA",170043,169405,169977,170646,171119,171172,172859,172588,172981,174086,204675,204886,205151,205454,205570,205668,205319,203894,202138,200261,226704,224783,222766,222197,221921
Monroe-Michigan,33780,"Monroe, MI",146412,147645,148583,149664,151043,152234,153310,153360,152870,152721,151936,151496,150804,150139,149847,149353,149159,149449,150174,150500,154909,155569,155412,155590,156045
Montgomery-Alabama,33860,"Montgomery, AL",347002,348352,350374,351715,353327,356229,362660,365605,365596,366401,375119,375549,374872,374114,373476,373365,373865,374174,373022,373290,385427,384672,385634,386500,387885
Montgomery-United States,33860,"Montgomery, AL",347002,348352,350374,351715,353327,356229,362660,365605,365596,366401,375119,375549,374872,374114,373476,373365,373865,374174,373022,373290,385427,384672,385634,386500,387885
Morgantown-West Virginia,34060,"Morgantown, WV",111190,111942,112798,114103,114911,115988,117039,117927,118931,120327,130308,132678,134813,135948,137396,138523,139403,139608,139204,139044,140103,140846,141117,141799,142752
Morristown-Tennessee,34100,"Morristown, TN",123564,124775,125209,126853,128254,130104,132542,134979,136579,137612,136945,137560,137753,137924,138280,139212,139924,140898,141778,142749,119459,119911,122002,124363,126932
Mount Vernon-Washington,34580,"Mount Vernon-Anacortes, WA",103475,104876,106208,108319,110243,112176,114416,116261,118373,119534,116944,117578,117714,118255,119966,121559,123603,125860,127835,129205,129901,131018,131229,131754,132736
Muncie-Indiana,34620,"Muncie, IN",118733,120005,119400,119020,117797,116737,115619,115293,114897,115192,117665,117901,117027,116831,116487,115767,115657,115246,114297,114135,111757,112059,112183,112448,112951
Muskegon-Michigan,34740,"Muskegon-Norton Shores, MI",170485,171242,171811,172480,173054,173907,174092,174259,174569,173951,171913,170026,170159,172273,172254,172447,173227,173645,173599,173566,174794,175581,175526,176476,177428
Myrtle Beach-South Carolina,34820,"Myrtle Beach-Conway-North Myrtle Beach, SC",198132,201918,206280,211086,218220,228708,240735,250904,258790,263868,378343,385650,393299,403705,416065,431198,447337,463514,480985,496901,353779,366164,383372,398374,413391
Napa-California,34900,"Napa, CA",124545,126731,128584,129800,130007,129859,130818,131949,133591,134650,136759,137691,138538,139580,140405,140862,140840,139878,138789,137744,137465,136219,134492,133444,132727
Nashville-Davidson-Tennessee,34980,"Nashville-Davidson--Murfreesboro--Franklin, TN",1317580,1343263,1363834,1386743,1416452,1450538,1489156,1524920,1556368,1582264,1650831,1674534,1703609,1735012,1768350,1804671,1841294,1874515,1904726,1934317,2021825,2033685,2077922,2113986,2150553
Nashville-Davidson-United States,34980,"Nashville-Davidson--Murfreesboro--Franklin, TN",1317580,1343263,1363834,1386743,1416452,1450538,1489156,1524920,1556368,1582264,1650831,1674534,1703609,1735012,1768350,1804671,1841294,1874515,1904726,1934317,2021825,2033685,2077922,2113986,2150553
New Bern-North Carolina,35100,"New Bern, NC",,,,,,,,,,,127423,128135,128409,127172,126778,125371,124985,124703,124584,124284,,,,,
New Haven-Connecticut,35300,"New Haven, CT",824992,828610,832376,837258,838429,839408,841055,843619,845573,848006,863357,863871,864566,862820,862885,860186,857901,857748,856971,854757,564526,568961,569866,572919,576718
New Haven-United States,35300,"New Haven, CT",824992,828610,832376,837258,838429,839408,841055,843619,845573,848006,863357,863871,864566,862820,862885,860186,857901,857748,856971,854757,564526,568961,569866,572919,576718
New Orleans-Louisiana,35380,"New Orleans-Metairie, LA",1315616,1311131,1311390,1312039,1314721,1313460,987535,1109415,1168547,1189981,1195324,1214008,1226887,1239584,1248905,1260281,1267613,1270326,1270133,1270530,1005431,993781,975662,967205,966230
New Orleans-United States,35380,"New Orleans-Metairie, LA",1315616,1311131,1311390,1312039,1314721,1313460,987535,1109415,1168547,1189981,1195324,1214008,1226887,1239584,1248905,1260281,1267613,1270326,1270133,1270530,1005431,993781,975662,967205,966230
New York-New York,35620,"New York-Newark-Jersey City, NY-NJ",18352743,18490029,18590085,18671320,18747431,18798114,18825633,18901167,18968501,19069796,18923407,19052774,19149689,19226449,19280929,19320968,19334778,19322607,19276644,19216182,19991108,19714596,19619844,19726871,19940274
New York-United States,35620,"New York-Newark-Jersey City, NY-NJ",18352743,18490029,18590085,18671320,18747431,18798114,18825633,18901167,18968501,19069796,18923407,19052774,19149689,19226449,19280929,19320968,19334778,19322607,19276644,19216182,19991108,19714596,19619844,19726871,19940274
Norwich-Connecticut,35980,"Norwich-New London-Willimantic, CT",259575,261007,263098,265341,266890,265443,268331,264481,265830,266830,274004,273037,274091,272976,271462,269636,268403,267419,266285,265206,278379,278855,279398,280622,282602
Ocala-Florida,36100,"Ocala, FL",260285,264393,271261,279156,289817,301714,313964,323032,327172,328547,331331,332286,333873,335083,338005,342182,347469,353339,359062,365579,377464,385024,396661,412338,428905
Odessa-Texas,36220,"Odessa, TX",120685,120591,121768,122021,123243,124187,126076,128874,131180,134625,137075,139642,144495,149656,154588,159903,157858,156951,161960,166223,165511,160809,161480,165450,170022
Ogden-Utah,36260,"Ogden, UT",444874,452750,461783,471114,480882,491114,503264,517370,530998,541569,599740,605591,612185,621224,630767,640334,652476,664040,673660,683864,639155,646810,653107,660120,667681
Oklahoma City-Oklahoma,36420,"Oklahoma City, OK",1097874,1107695,1120187,1131487,1140779,1155093,1174737,1191244,1207519,1227278,1257793,1277045,1297857,1320148,1336256,1357178,1372985,1381492,1393605,1408950,1430032,1444078,1462926,1481480,1497821
Oklahoma City-United States,36420,"Oklahoma City, OK",1097874,1107695,1120187,1131487,1140779,1155093,1174737,1191244,1207519,1227278,1257793,1277045,1297857,1320148,1336256,1357178,1372985,1381492,1393605,1408950,1430032,1444078,1462926,1481480,1497821
Olympia-Washington,36500,"Olympia-Lacey-Tumwater, WA",208304,212544,216607,220081,223535,227638,233335,238717,245571,250979,253001,256386,258527,261852,264909,267978,273714,280269,286056,290536,296018,298241,298645,299519,302912
Omaha-Nebraska,36540,"Omaha, NE-IA",769117,775380,782384,790535,800459,810493,820051,829183,839265,849517,867671,876022,884555,893864,903335,913073,923431,931987,940970,949442,969176,972875,978390,988866,1001010
Omaha-United States,36540,"Omaha, NE-IA",769117,775380,782384,790535,800459,810493,820051,829183,839265,849517,867671,876022,884555,893864,903335,913073,923431,931987,940970,949442,969176,972875,978390,988866,1001010
Orlando-Florida,36740,"Orlando-Kissimmee-Sanford, FL",1656835,1708955,1756852,1803474,1866597,1939766,1999994,2034878,2060968,2082421,2139161,2176054,2225636,2270149,2324391,2388509,2455583,2517777,2574838,2608147,2680593,2699313,2783767,2864544,2940513
Orlando-United States,36740,"Orlando-Kissimmee-Sanford, FL",1656835,1708955,1756852,1803474,1866597,1939766,1999994,2034878,2060968,2082421,2139161,2176054,2225636,2270149,2324391,2388509,2455583,2517777,2574838,2608147,2680593,2699313,2783767,2864544,2940513
Oshkosh-Wisconsin,36780,"Oshkosh-Neenah, WI",157082,157799,158431,158294,158614,159536,160456,161470,162099,163370,167073,167493,168525,169283,169324,169246,169629,170394,170878,171907,171796,170590,171049,172105,173307
Owensboro-Kentucky,36980,"Owensboro, KY",110006,109889,110015,110420,110590,110943,111534,112267,112945,113636,114770,115255,115972,116373,116529,117521,118092,118455,118879,119440,112531,112208,112485,113003,113583
Oxnard-California,37100,"Oxnard-Thousand Oaks-Ventura, CA",756366,765278,776560,783840,787749,786058,788073,789671,794778,802983,825097,830099,833516,838136,842297,845802,847323,849044,848142,846006,843808,840009,835032,833071,835427
Oxnard-United States,37100,"Oxnard-Thousand Oaks-Ventura, CA",756366,765278,776560,783840,787749,786058,788073,789671,794778,802983,825097,830099,833516,838136,842297,845802,847323,849044,848142,846006,843808,840009,835032,833071,835427
Paducah-Kentucky,37140,"Paducah, KY-IL",,,,,,,,,,,,,,,,,,,,,103454,102938,102507,102446,102395
Palm Bay-Florida,37340,"Palm Bay-Melbourne-Titusville, FL",477735,485810,494239,502985,515890,526088,530319,534407,536314,536357,543965,544359,546966,550255,555548,565746,576874,587769,595203,601942,608792,618000,631956,646705,658447
Parkersburg-West Virginia,37620,"Parkersburg-Vienna, WV",164443,163893,163375,162692,162591,161887,161228,160925,160921,160905,92698,92643,92390,92360,92259,92139,91476,90846,89991,89339,89333,88887,88459,87941,87681
Pascagoula-Mississippi,37700,"Pascagoula, MS",151034,152025,152319,153078,154636,155330,149755,153001,154510,155603,,,,,,,,,,,,,,,
Pensacola-Florida,37860,"Pensacola-Ferry Pass-Brent, FL",413171,420362,427823,433589,440052,444840,449566,450333,453132,455102,450946,455139,461613,467086,470628,475537,481367,487298,494399,502629,511634,517219,522590,531603,538928
Peoria-Illinois,37900,"Peoria, IL",366602,365146,365454,364769,366024,367334,368746,371015,372638,375865,416051,416687,416866,418092,415479,412856,410754,406913,403328,400561,368313,365663,363597,363874,364565
Peoria-United States,37900,"Peoria, IL",366602,365146,365454,364769,366024,367334,368746,371015,372638,375865,416051,416687,416866,418092,415479,412856,410754,406913,403328,400561,368313,365663,363597,363874,364565
Philadelphia-Pennsylvania,37980,"Philadelphia-Camden-Wilmington, PA-NJ-DE-MD",5693275,5722541,5755874,5787788,5822876,5850621,5880912,5912678,5940496,5968252,5970899,5996232,6016616,6030134,6046382,6056816,6066661,6078522,6091208,6102434,6242286,6254431,6252024,6280902,6330422
Philadelphia-United States,37980,"Philadelphia-Camden-Wilmington, PA-NJ-DE-MD",5693275,5722541,5755874,5787788,5822876,5850621,5880912,5912678,5940496,5968252,5970899,5996232,6016616,6030134,6046382,6056816,6066661,6078522,6091208,6102434,6242286,6254431,6252024,6280902,6330422
Phoenix-Arizona,38060,"Phoenix-Mesa-Chandler, AZ",3278661,3388445,3496957,3600163,3723359,3884588,4046571,4175595,4287323,4364094,4204204,4253037,4329756,4403121,4488970,4578519,4673336,4758748,4849209,4948203,4875628,4949233,5029933,5102020,5186958
Phoenix-United States,38060,"Phoenix-Mesa-Chandler, AZ",3278661,3388445,3496957,3600163,3723359,3884588,4046571,4175595,4287323,4364094,4204204,4253037,4329756,4403121,4488970,4578519,4673336,4758748,4849209,4948203,4875628,4949233,5029933,5102020,5186958
Pine Bluff-Arkansas,38220,"Pine Bluff, AR",107236,106496,105994,105417,104536,103680,102930,101843,101307,100694,100107,99052,97423,95769,94882,94022,92380,90875,89246,87804,,,,,
Pittsburgh-Pennsylvania,38300,"Pittsburgh, PA",2429023,2418223,2408973,2400193,2387819,2372328,2361482,2357141,2355391,2354957,2357090,2360417,2360443,2359803,2356189,2347757,2340222,2329004,2322653,2317600,2455372,2450914,2434027,2429469,2429917
Pittsburgh-United States,38300,"Pittsburgh, PA",2429023,2418223,2408973,2400193,2387819,2372328,2361482,2357141,2355391,2354957,2357090,2360417,2360443,2359803,2356189,2347757,2340222,2329004,2322653,2317600,2455372,2450914,2434027,2429469,2429917
Pittsfield-Massachusetts,38340,"Pittsfield, MA",134787,133723,133101,132672,132052,131268,130494,130219,129571,129288,131317,130547,130284,129488,128856,127858,127067,126353,125901,124944,129812,130199,129551,128863,128726
Pocatello-Idaho,38540,"Pocatello, ID",83171,84191,84692,84756,85796,86201,87246,87880,88984,90273,90892,91421,91585,91246,91265,91871,92357,93088,94374,95489,87281,88523,89871,90585,91010
Port St. Lucie-Florida,38940,"Port St. Lucie, FL",320593,326877,335953,347111,362249,376043,387481,399326,404726,406296,425173,428287,431912,436425,443164,452841,463891,472864,481167,489297,490130,504225,522261,540427,556336
Portland-Maine,38860,"Portland-South Portland, ME",489359,495448,500966,506179,509528,511498,512073,513791,516026,516826,513911,516070,517632,519987,523989,525831,528912,531899,535232,538500,552599,558373,563795,567916,571534
Portland-Oregon,38900,"Portland-Vancouver-Hillsboro, OR-WA",1936108,1975589,2010666,2034000,2052776,2084053,2123960,2163577,2203745,2241841,2232181,2262834,2288465,2311015,2343994,2381660,2426575,2454815,2473350,2492412,2517742,2517316,2510302,2521668,2537904
Portland-United States,38900,"Portland-Vancouver-Hillsboro, OR-WA",1936108,1975589,2010666,2034000,2052776,2084053,2123960,2163577,2203745,2241841,2232181,2262834,2288465,2311015,2343994,2381660,2426575,2454815,2473350,2492412,2517742,2517316,2510302,2521668,2537904
Poughkeepsie-New York,28880|39100,"Poughkeepsie-Newburgh-Middletown, NY",624156,633211,641990,651697,658199,661660,664857,668041,672020,677094,671173,672230,670722,670588,669972,669842,670828,673303,676065,679158,696910,704030,704863,706651,711730
Prescott Valley-Arizona,39150,"Prescott Valley-Prescott, AZ",,,,,,,,,,,210983,211044,211990,214421,217716,220805,224575,228082,231772,235099,237228,242392,246266,249499,252013
Prescott-Arizona,39140,"Prescott, AZ",168886,173285,178390,183400,189532,197533,206672,212004,214930,215686,,,,,,,,,,,,,,,
Providence-Rhode Island,39300,"Providence-Warwick, RI-MA",1586744,1596350,1608751,1617323,1616874,1609677,1603830,1599496,1599312,1600642,1603125,1602957,1605741,1607460,1611026,1612928,1614840,1616614,1622379,1624578,1673306,1676975,1680699,1688482,1700901
Providence-United States,39300,"Providence-Warwick, RI-MA",1586744,1596350,1608751,1617323,1616874,1609677,1603830,1599496,1599312,1600642,1603125,1602957,1605741,1607460,1611026,1612928,1614840,1616614,1622379,1624578,1673306,1676975,1680699,1688482,1700901
Provo-United States,39340,"Provo-Orem-Lehi, UT",379919,396239,405742,418064,442891,463583,491423,522453,539754,555551,530262,541001,549980,561534,571059,583218,601304,618035,633149,648252,675432,698252,717339,738375,760531
Provo-Utah,39340,"Provo-Orem-Lehi, UT",379919,396239,405742,418064,442891,463583,491423,522453,539754,555551,530262,541001,549980,561534,571059,583218,601304,618035,633149,648252,675432,698252,717339,738375,760531
Pueblo-Colorado,39380,"Pueblo, CO",141839,144130,146735,147931,148578,149677,151814,154348,156009,157224,159390,160184,160721,161033,161356,163006,164774,166283,167422,168424,168352,169354,169485,169723,169866
Pueblo-United States,39380,"Pueblo, CO",141839,144130,146735,147931,148578,149677,151814,154348,156009,157224,159390,160184,160721,161033,161356,163006,164774,166283,167422,168424,168352,169354,169485,169723,169866
Racine-Wisconsin,39540,"Racine-Mount Pleasant, WI",188991,190000,191469,193119,194891,197025,198398,199603,200109,200601,195406,194908,194594,194680,194786,194672,194846,195825,196357,196311,198065,196829,196710,197407,198651
Raleigh-North Carolina,39580,"Raleigh-Cary, NC",804436,835602,863488,889313,916790,953157,998979,1045871,1090408,1125827,1137383,1162179,1187848,1213499,1241189,1271091,1303854,1334235,1361590,1390785,1417148,1451314,1483195,1522844,1562009
Raleigh-United States,39580,"Raleigh-Cary, NC",804436,835602,863488,889313,916790,953157,998979,1045871,1090408,1125827,1137383,1162179,1187848,1213499,1241189,1271091,1303854,1334235,1361590,1390785,1417148,1451314,1483195,1522844,1562009
Rapid City-South Dakota,39660,"Rapid City, SD",113008,114177,115235,115849,117503,117975,119112,120599,122697,124766,126727,127903,130075,132320,134231,134858,136450,138444,140154,142107,147818,150849,153972,155882,156227
Reading-Pennsylvania,39740,"Reading, PA",374521,377155,380629,384547,389177,393788,399279,402476,404771,407125,412039,413008,413518,413915,414559,415138,415784,417511,420529,421164,428693,429698,432281,435284,439117
Redding-California,39820,"Redding, CA",163782,166968,171141,174417,176467,177537,178449,179334,180515,181099,177274,177588,177875,178397,178844,178314,178571,179384,179709,180080,182190,182243,180972,180656,181121
Reno-Nevada,39900,"Reno, NV",344808,355153,365239,374743,385049,394881,402383,410616,416657,419261,425951,427901,431208,434878,440110,446329,453709,460605,468335,475642,551298,559494,562212,566986,575110
Reno-United States,39900,"Reno, NV",344808,355153,365239,374743,385049,394881,402383,410616,416657,419261,425951,427901,431208,434878,440110,446329,453709,460605,468335,475642,551298,559494,562212,566986,575110
Richmond-United States,40060,"Richmond, VA",1100196,1111363,1125329,1139312,1155330,1174017,1195634,1212476,1227115,1238187,1188246,1197059,1211015,1222549,1235006,1246665,1258471,1269566,1281053,1291900,1316742,1326573,1339341,1353426,1370165
Richmond-Virginia,40060,"Richmond, VA",1100196,1111363,1125329,1139312,1155330,1174017,1195634,1212476,1227115,1238187,1188246,1197059,1211015,1222549,1235006,1246665,1258471,1269566,1281053,1291900,1316742,1326573,1339341,1353426,1370165
Riverside-California,40140,"Riverside-San Bernardino-Ontario, CA",3277578,3376256,3483348,3611625,3745320,3861335,3968504,4048913,4092831,4143113,4242424,4294897,4334716,4369493,4415343,4461227,4512041,4565909,4612542,4650631,4608189,4646102,4675657,4704354,4744214
Riverside-United States,40140,"Riverside-San Bernardino-Ontario, CA",3277578,3376256,3483348,3611625,3745320,3861335,3968504,4048913,4092831,4143113,4242424,4294897,4334716,4369493,4415343,4461227,4512041,4565909,4612542,4650631,4608189,4646102,4675657,4704354,4744214
Roanoke-United States,40220,"Roanoke, VA",288503,288709,288858,289522,290386,292054,294767,296975,298920,300399,308589,309134,310479,311878,312747,313152,312647,312988,313033,313222,315242,314758,314295,314887,315749
Roanoke-Virginia,40220,"Roanoke, VA",288503,288709,288858,289522,290386,292054,294767,296975,298920,300399,308589,309134,310479,311878,312747,313152,312647,312988,313033,313222,315242,314758,314295,314887,315749
Rochester-Minnesota,40340,"Rochester, MN",164427,166678,169489,171822,174150,176068,178749,180773,183394,185618,207222,208473,209547,211502,212659,213933,216163,217993,219814,221921,226573,227556,228307,229429,230742
Rochester-New York,40380,"Rochester, NY",1041595,1041069,1041120,1039674,1038019,1033470,1031458,1031485,1033155,1035566,1079974,1081557,1081508,1081736,1080094,1077092,1074063,1071962,1071621,1069644,1062975,1061174,1055881,1054815,1057218
Rochester-United States,40380,"Rochester, NY",1041595,1041069,1041120,1039674,1038019,1033470,1031458,1031485,1033155,1035566,1079974,1081557,1081508,1081736,1080094,1077092,1074063,1071962,1071621,1069644,1062975,1061174,1055881,1054815,1057218
Rockford-Illinois,40420,"Rockford, IL",321042,323992,327080,331209,334622,338877,344269,350765,353381,353722,349184,347773,345819,344692,342409,340727,339635,338194,337110,336116,338302,336586,335165,335453,337103
Rockford-United States,40420,"Rockford, IL",321042,323992,327080,331209,334622,338877,344269,350765,353381,353722,349184,347773,345819,344692,342409,340727,339635,338194,337110,336116,338302,336586,335165,335453,337103
Rocky Mount-North Carolina,40580,"Rocky Mount, NC",143045,143343,143359,143465,143721,143826,144532,145519,146524,146596,152405,151790,150862,149843,149066,147529,147236,146775,146078,145770,143939,143566,144403,145742,147114
Rome-Georgia,40660,"Rome, GA",90811,91165,92612,93461,93864,94159,94973,95117,95696,96250,96431,96161,95940,95880,95868,96186,96698,97500,97964,98498,98583,98498,99586,100407,101390
Sacramento-California,40900,"Sacramento-Roseville-Folsom, CA",1808442,1865891,1921903,1967052,2004144,2028664,2050618,2075119,2101138,2127355,2153613,2172948,2190266,2210512,2235640,2263121,2291533,2319572,2341940,2363730,2401696,2409061,2423591,2434464,2463127
Sacramento-United States,40900,"Sacramento-Roseville-Folsom, CA",1808442,1865891,1921903,1967052,2004144,2028664,2050618,2075119,2101138,2127355,2153613,2172948,2190266,2210512,2235640,2263121,2291533,2319572,2341940,2363730,2401696,2409061,2423591,2434464,2463127
Saginaw-Michigan,40980,"Saginaw, MI",209931,209363,209054,208182,207774,206426,204728,202006,200858,200050,199862,198899,198363,196794,195248,193305,192507,191965,190791,190539,189883,189533,188425,187769,187714
Saint Cloud-Minnesota,41060,"St. Cloud, MN",168045,171693,175136,177998,179458,181477,183771,186075,187672,189148,189218,190090,190562,191552,193109,195425,196912,198436,200166,201964,199846,200760,202126,203677,205878
Saint George-Utah,41100,"St. George, UT",91256,94624,99432,104274,110294,119119,126720,132298,135678,137473,138389,141249,144139,146987,151081,154650,159352,165929,171567,177556,182029,191552,197898,202735,207943
Saint Joseph-Missouri,41140,"St. Joseph, MO-KS",123967,123968,123963,123979,123467,123580,124357,125737,126051,126644,127271,127700,127908,127635,127261,126724,126597,126323,125998,125223,121638,120801,119759,118739,119124
Saint Louis-Missouri,41180,"St. Louis, MO-IL",2701634,2719279,2733818,2743862,2759153,2773155,2791682,2806368,2818688,2828990,2789989,2795155,2796682,2799472,2803430,2807503,2805502,2805758,2803958,2803228,2819885,2813562,2803371,2805507,2811927
Saint Louis-United States,41180,"St. Louis, MO-IL",2701634,2719279,2733818,2743862,2759153,2773155,2791682,2806368,2818688,2828990,2789989,2795155,2796682,2799472,2803430,2807503,2805502,2805758,2803958,2803228,2819885,2813562,2803371,2805507,2811927
Salem-Oregon,41420,"Salem, OR",348222,352544,358302,362463,366499,371482,378682,385065,390561,396103,391479,393978,396076,398015,402092,408022,416818,424242,430404,433903,434308,437264,439374,440164,443416
Salem-United States,41420,"Salem, OR",348222,352544,358302,362463,366499,371482,378682,385065,390561,396103,391479,393978,396076,398015,402092,408022,416818,424242,430404,433903,434308,437264,439374,440164,443416
Salinas-California,41500,"Salinas, CA",403065,407065,409210,410419,408867,405090,401374,402116,405660,410370,416373,420456,424788,426712,428475,430552,433953,434534,433950,434061,440506,439245,436427,435637,436251
Salinas-United States,41500,"Salinas, CA",403065,407065,409210,410419,408867,405090,401374,402116,405660,410370,416373,420456,424788,426712,428475,430552,433953,434534,433950,434061,440506,439245,436427,435637,436251
Salisbury-Maryland,41540,"Salisbury, MD",109582,110460,111368,112757,114287,116040,118077,119563,119990,120181,374821,378196,381216,384567,388766,393526,398676,404155,409999,415726,128130,128673,129681,130629,131570
Salt Lake City-United States,41620,"Salt Lake City-Murray, UT",972653,988989,1001874,1016377,1030597,1044845,1072748,1092594,1111600,1130293,1091478,1106800,1123748,1140025,1151447,1164912,1184721,1204205,1218681,1232696,1260379,1263290,1272236,1282681,1300762
Salt Lake City-Utah,41620,"Salt Lake City-Murray, UT",972653,988989,1001874,1016377,1030597,1044845,1072748,1092594,1111600,1130293,1091478,1106800,1123748,1140025,1151447,1164912,1184721,1204205,1218681,1232696,1260379,1263290,1272236,1282681,1300762
San Angelo-Texas,41660,"San Angelo, TX",105812,105554,105781,106395,106512,106662,107669,108245,109152,110119,113422,114513,116071,117519,119233,120390,120535,120365,120834,122027,121713,120778,120550,120897,121629
San Antonio-Texas,41700,"San Antonio-New Braunfels, TX",1719262,1743796,1777397,1808267,1843927,1878120,1932720,1984766,2030691,2072128,2153009,2193923,2236981,2280002,2328894,2379232,2426276,2472121,2512379,2550960,2568935,2605783,2660228,2715709,2763006
San Antonio-United States,41700,"San Antonio-New Braunfels, TX",1719262,1743796,1777397,1808267,1843927,1878120,1932720,1984766,2030691,2072128,2153009,2193923,2236981,2280002,2328894,2379232,2426276,2472121,2512379,2550960,2568935,2605783,2660228,2715709,2763006
San Diego-California,41740,"San Diego-Chula Vista-Carlsbad, CA",2824987,2867094,2901235,2926814,2935672,2941770,2947222,2975656,3019274,3053793,3103212,3137156,3174335,3209768,3248877,3280850,3306089,3321237,3333861,3338330,3301182,3274244,3283755,3285890,3298799
San Diego-United States,41740,"San Diego-Chula Vista-Carlsbad, CA",2824987,2867094,2901235,2926814,2935672,2941770,2947222,2975656,3019274,3053793,3103212,3137156,3174335,3209768,3248877,3280850,3306089,3321237,3333861,3338330,3301182,3274244,3283755,3285890,3298799
San Francisco-California,41860,"San Francisco-Oakland-Fremont, CA",4136658,4179628,4165678,4153143,4143522,4149607,4162783,4202186,4260236,4317853,4343634,4395725,4455473,4519636,4584981,4647924,4688198,4712421,4726314,4731803,4745673,4621751,4599793,4609445,4648486
San Francisco-United States,41860,"San Francisco-Oakland-Fremont, CA",4136658,4179628,4165678,4153143,4143522,4149607,4162783,4202186,4260236,4317853,4343634,4395725,4455473,4519636,4584981,4647924,4688198,4712421,4726314,4731803,4745673,4621751,4599793,4609445,4648486
San Jose-California,41940,"San Jose-Sunnyvale-Santa Clara, CA",1739669,1745147,1728245,1723138,1724074,1737313,1754557,1778432,1810646,1839700,1841556,1868031,1894452,1923664,1949578,1974501,1987593,1992674,1993804,1990660,1989335,1945023,1951368,1965478,1995484
San Jose-United States,41940,"San Jose-Sunnyvale-Santa Clara, CA",1739669,1745147,1728245,1723138,1724074,1737313,1754557,1778432,1810646,1839700,1841556,1868031,1894452,1923664,1949578,1974501,1987593,1992674,1993804,1990660,1989335,1945023,1951368,1965478,1995484
Sandusky-Ohio,41780,"Sandusky, OH",79603,79228,78644,78471,78361,77778,77555,77365,77339,76963,,,,,,,,,,,115780,115069,114547,113944,113533
Santa Barbara-California,42060,"Santa Barbara-Santa Maria-Goleta, CA",399784,401456,402079,402366,401130,400256,398656,400499,403655,407057,,,,,,,,,,,,,,,
Santa Cruz-California,42100,"Santa Cruz-Watsonville, CA",255834,255644,253708,251559,250420,248957,248758,250126,252929,256218,263147,264858,266340,268816,270861,273503,274396,274856,273841,273213,271768,260904,265851,263699,262406
Santa Fe-New Mexico,42140,"Santa Fe, NM",129840,131651,134577,136576,138204,139809,141432,143369,145362,147532,144522,145847,146722,147465,147782,148098,148758,149491,149761,150358,155056,155429,155768,156507,157765
Santa Maria-California,42200,"Santa Maria-Santa Barbara, CA",,,,,,,,,,,424231,425453,429699,434601,439045,442229,444340,445298,445780,446499,448083,437117,445286,443521,444500
Santa Rosa-California,42220,"Santa Rosa-Petaluma, CA",460411,464454,463593,463715,463211,461359,459783,461424,466424,472102,484755,487421,489993,494073,498560,500863,502547,502469,498643,494336,488501,484561,483398,483366,485375
Santa Rosa-United States,42220,"Santa Rosa-Petaluma, CA",460411,464454,463593,463715,463211,461359,459783,461424,466424,472102,484755,487421,489993,494073,498560,500863,502547,502469,498643,494336,488501,484561,483398,483366,485375
Savannah-Georgia,42340,"Savannah, GA",293668,297013,301662,304965,310310,314190,321356,329518,334562,343092,348640,355582,361745,365103,371275,377827,383153,386394,389453,393353,405312,409485,418858,426182,431589
Savannah-United States,42340,"Savannah, GA",293668,297013,301662,304965,310310,314190,321356,329518,334562,343092,348640,355582,361745,365103,371275,377827,383153,386394,389453,393353,405312,409485,418858,426182,431589
Scranton-Pennsylvania,42540,"Scranton--Wilkes-Barre, PA",559537,555681,552490,550507,549039,548529,547986,549212,549321,549454,563740,563676,563704,561495,560146,557734,555722,555655,555215,553885,566802,568157,568723,571249,574009
Seattle-United States,42660,"Seattle-Tacoma-Bellevue, WA",3052379,3094380,3121895,3138938,3163703,3202388,3259945,3307360,3356637,3407848,3449241,3503891,3558829,3612347,3675160,3739654,3816355,3885579,3935179,3979845,4027979,4017215,4040080,4078828,4145494
Seattle-Washington,42660,"Seattle-Tacoma-Bellevue, WA",3052379,3094380,3121895,3138938,3163703,3202388,3259945,3307360,3356637,3407848,3449241,3503891,3558829,3612347,3675160,3739654,3816355,3885579,3935179,3979845,4027979,4017215,4040080,4078828,4145494
Sheboygan-Wisconsin,43100,"Sheboygan, WI",112742,112878,112964,112956,113223,113650,113830,114113,114458,114560,115524,115208,114767,114697,114982,115196,115030,115089,115233,115340,118058,117710,117860,117995,118331
Sherman-Texas,43300,"Sherman-Denison, TX",110993,112375,113256,114358,114908,115526,117030,118191,118786,120030,121034,121430,121854,122362,123599,125628,128291,131152,133787,136212,136152,139652,143292,147056,150532
Shreveport-Louisiana,43340,"Shreveport-Bossier City, LA",376127,375926,376140,376825,379457,381444,387166,387662,389389,391516,399935,403880,407435,406237,404534,404000,401947,400161,397281,394706,392522,388986,385316,384001,383269
Shreveport-United States,43340,"Shreveport-Bossier City, LA",376127,375926,376140,376825,379457,381444,387166,387662,389389,391516,399935,403880,407435,406237,404534,404000,401947,400161,397281,394706,392522,388986,385316,384001,383269
Sierra Vista-Arizona,43420,"Sierra Vista-Douglas, AZ",,,,,,,,,,,131822,133097,132017,129578,127314,126454,125686,124864,126411,125922,125533,126147,125497,124881,125773
Sioux City-Iowa,43580,"Sioux City, IA-NE-SD",143005,142490,142280,141943,141852,140713,141371,141948,142764,144360,143901,144171,143723,143623,143590,143736,143844,143165,143787,144701,144365,143963,144010,145070,145994
Sioux Falls-South Dakota,43620,"Sioux Falls, SD-MN",188344,193493,197895,203151,209325,215259,222072,227961,233503,238122,229099,232150,237032,241772,246133,250012,254602,260083,263810,268232,287413,292064,299092,304068,308266
Sioux Falls-United States,43620,"Sioux Falls, SD-MN",188344,193493,197895,203151,209325,215259,222072,227961,233503,238122,229099,232150,237032,241772,246133,250012,254602,260083,263810,268232,287413,292064,299092,304068,308266
Slidell-Louisiana,43640,"Slidell-Mandeville-Covington, LA",,,,,,,,,,,,,,,,,,,,,265007,270188,273494,275801,277615
South Bend-Indiana,43780,"South Bend-Mishawaka, IN-MI",316977,316657,316202,315623,315680,315730,316071,316944,318129,317538,319044,318884,318296,318639,319410,319703,321144,321538,322697,323613,324241,323838,324205,325224,325294
South Bend-United States,43780,"South Bend-Mishawaka, IN-MI",316977,316657,316202,315623,315680,315730,316071,316944,318129,317538,319044,318884,318296,318639,319410,319703,321144,321538,322697,323613,324241,323838,324205,325224,325294
Spartanburg-South Carolina,43900,"Spartanburg, SC",254418,256794,259155,261085,263028,265919,270735,276725,282520,286822,284731,286102,288176,290414,292981,296558,300867,306740,314137,319785,356587,362480,373242,385441,395934
Spokane-United States,44060,"Spokane-Spokane Valley, WA",418826,422803,427045,430867,435011,440145,447211,456187,462408,468684,515553,516889,518930,521603,526336,532163,541030,550259,558827,568521,587787,593160,598108,601596,604962
Spokane-Washington,44060,"Spokane-Spokane Valley, WA",418826,422803,427045,430867,435011,440145,447211,456187,462408,468684,515553,516889,518930,521603,526336,532163,541030,550259,558827,568521,587787,593160,598108,601596,604962
Springfield-Illinois,44100,"Springfield, IL",201586,202785,203959,204323,204786,205016,205681,206363,207305,208182,210465,211736,212095,211713,211692,211254,210424,209365,207928,206868,208495,207638,206559,206212,206308
Springfield-Massachusetts,44140,"Springfield, MA",680453,681620,685689,689157,690553,691924,693366,694725,696869,698903,694935,698017,699061,699964,701671,700688,699804,699387,700138,697382,463714,462640,461440,462128,464151
Springfield-Missouri,44180,"Springfield, MO",369775,374733,379655,385508,392696,400373,410795,419981,426125,430900,437349,440432,444329,448427,451556,455593,457917,462090,466273,470300,476382,481764,487114,491691,496975
Springfield-Ohio,44220,"Springfield, OH",144661,143929,143412,141915,141565,141543,140875,140187,139818,139671,138274,137811,137171,136638,136311,135746,134723,134549,134528,134083,135894,135490,134686,134735,134985
Springfield-United States,44140,"Springfield, MA",680453,681620,685689,689157,690553,691924,693366,694725,696869,698903,694935,698017,699061,699964,701671,700688,699804,699387,700138,697382,463714,462640,461440,462128,464151
State College-Pennsylvania,44300,"State College, PA",135930,136874,139341,140606,141140,141643,144037,144089,145550,146212,154230,155067,155826,158231,159653,160466,162034,162316,162601,162385,157987,158008,157992,159087,159805
Staunton-Virginia,44420,"Staunton-Stuarts Draft, VA",,,,,,,,,,,118314,118774,118463,119110,119469,120019,120747,121744,122628,123120,125675,126083,126603,127269,128481
Stockton-California,44700,"Stockton-Lodi, CA",567968,591000,608367,625236,640964,654451,659897,665246,668753,674860,687127,694354,699593,702046,711579,722271,732809,743296,752491,762148,780676,788096,795880,805909,816108
Stockton-United States,44700,"Stockton-Lodi, CA",567968,591000,608367,625236,640964,654451,659897,665246,668753,674860,687127,694354,699593,702046,711579,722271,732809,743296,752491,762148,780676,788096,795880,805909,816108
Sumter-South Carolina,44940,"Sumter, SC",104655,104233,104901,104891,105245,104885,104291,104223,104313,104495,142555,142018,142126,142007,141877,141180,141334,140443,140151,140466,105493,104879,104068,104410,104776
Syracuse-New York,45060,"Syracuse, NY",649817,648961,648854,649679,649089,646130,644844,644437,645016,646084,663110,662482,660902,661773,660085,657648,654391,651164,650281,648593,659619,657371,655604,654267,655189
Syracuse-United States,45060,"Syracuse, NY",649817,648961,648854,649679,649089,646130,644844,644437,645016,646084,663110,662482,660902,661773,660085,657648,654391,651164,650281,648593,659619,657371,655604,654267,655189
Tallahassee-Florida,45220,"Tallahassee, FL",321372,323975,327044,332429,336783,341471,347359,353548,357171,360013,369345,371246,375272,373187,375356,377602,378672,383173,384318,387227,385674,388343,391819,395143,397675
Tallahassee-United States,45220,"Tallahassee, FL",321372,323975,327044,332429,336783,341471,347359,353548,357171,360013,369345,371246,375272,373187,375356,377602,378672,383173,384318,387227,385674,388343,391819,395143,397675
Tampa-Florida,45300,"Tampa-St. Petersburg-Clearwater, FL",2404273,2442189,2483575,2522780,2578104,2638814,2684639,2711222,2730007,2747272,2788366,2813269,2843636,2880536,2927395,2983928,3048963,3106922,3154649,3194831,3187970,3230564,3306285,3374078,3424560
Tampa-United States,45300,"Tampa-St. Petersburg-Clearwater, FL",2404273,2442189,2483575,2522780,2578104,2638814,2684639,2711222,2730007,2747272,2788366,2813269,2843636,2880536,2927395,2983928,3048963,3106922,3154649,3194831,3187970,3230564,3306285,3374078,3424560
Terre Haute-Indiana,45460,"Terre Haute, IN",170813,170199,169428,169468,168763,169110,169931,169985,169812,169825,189523,189541,189555,189089,188240,187365,187241,186846,186726,186367,168779,168742,168543,168657,168874
Texarkana-Texas,45500,"Texarkana, TX-AR",129681,129861,130177,130750,131513,132227,133903,134465,135981,137486,149332,149515,149609,149509,149229,149244,149543,149567,149347,148761,147470,146687,145984,145760,145576
Toledo-Ohio,45780,"Toledo, OH",659224,663781,666252,669292,671681,673162,673647,675351,673345,672220,651372,650166,648750,648403,647228,645973,645441,644364,643089,641816,605777,602375,601058,601004,601396
Toledo-United States,45780,"Toledo, OH",659224,663781,666252,669292,671681,673162,673647,675351,673345,672220,651372,650166,648750,648403,647228,645973,645441,644364,643089,641816,605777,602375,601058,601004,601396
Topeka-Kansas,45820,"Topeka, KS",224800,224906,225024,225567,226331,227102,227488,228615,229774,230824,234266,234696,234407,233838,233717,233520,233139,232994,232266,231969,232904,232847,231775,232166,232648
Topeka-United States,45820,"Topeka, KS",224800,224906,225024,225567,226331,227102,227488,228615,229774,230824,234266,234696,234407,233838,233717,233520,233139,232994,232266,231969,232904,232847,231775,232166,232648
Trenton-New Jersey,45940,"Trenton-Princeton, NJ",351561,353965,356098,358669,361225,361882,362813,363402,364571,366222,367713,367378,368554,369429,368909,368124,367699,368168,368188,367430,386492,382231,382165,386296,392138
Tucson-Arizona,46060,"Tucson, AZ",848521,865694,886063,903320,924205,948965,975476,996593,1009832,1020200,981620,988381,993052,997127,1004229,1009103,1016707,1026391,1036554,1047279,1045227,1049083,1059412,1068579,1080149
Tucson-United States,46060,"Tucson, AZ",848521,865694,886063,903320,924205,948965,975476,996593,1009832,1020200,981620,988381,993052,997127,1004229,1009103,1016707,1026391,1036554,1047279,1045227,1049083,1059412,1068579,1080149
Tulsa-Oklahoma,46140,"Tulsa, OK",861369,867707,874815,876919,877172,881652,892635,905678,916037,929015,939833,945750,952484,961904,969421,980926,988706,991330,993135,998626,1017411,1025983,1036199,1048266,1059803
Tulsa-United States,46140,"Tulsa, OK",861369,867707,874815,876919,877172,881652,892635,905678,916037,929015,939833,945750,952484,961904,969421,980926,988706,991330,993135,998626,1017411,1025983,1036199,1048266,1059803
Tuscaloosa-Alabama,46220,"Tuscaloosa, AL",193425,194245,194497,195194,196461,199453,203919,206189,208902,210839,239481,240363,242328,244378,246988,249066,250099,250933,251257,252047,274085,277612,278800,280175,281963
Twin Falls-Idaho,46300,"Twin Falls, ID",,,,,,,,,,,99987,100620,101128,102662,103912,105216,107252,109142,110095,111290,114642,117150,119201,120978,122565
Tyler-Texas,46340,"Tyler, TX",175500,177511,180546,183345,186172,189910,194404,198018,201160,204665,210408,212764,214811,216475,219642,222390,225161,227195,229749,232751,234200,237206,242249,245955,249091
Utica-New York,46540,"Utica-Rome, NY",299428,297652,296402,295786,295682,294436,293410,293381,292833,293280,299226,298604,297992,297230,295982,293916,292811,292174,291187,289990,291134,289680,288078,287581,287932
Valdosta-Georgia,46660,"Valdosta, GA",119741,119755,121497,122419,124461,126132,128599,130229,133675,135804,140054,142007,144121,142937,143433,143311,144471,145360,146143,147292,148353,148991,149748,151266,152588
Vallejo-California,46700,"Vallejo, CA",396974,403862,407855,408397,408346,406605,406181,405994,406293,407234,413967,416342,419674,423659,429006,433409,438858,443511,445725,447643,452887,450819,449724,451060,455101
Vallejo-United States,46700,"Vallejo, CA",396974,403862,407855,408397,408346,406605,406181,405994,406293,407234,413967,416342,419674,423659,429006,433409,438858,443511,445725,447643,452887,450819,449724,451060,455101
Victoria-Texas,47020,"Victoria, TX",111650,112340,112257,112413,112562,112300,112576,113452,114256,115396,94102,94765,96447,97518,98548,99649,99914,99597,99466,99742,98338,98051,98272,98939,99170
Vineland-New Jersey,47220,"Vineland, NJ",146362,146673,147590,148722,150227,152489,153910,155402,156784,157745,156699,157043,156934,156098,156009,154712,153233,151423,150635,149527,153724,152100,151686,153338,155678
Virginia Beach-United States,47260,"Virginia Beach-Chesapeake-Norfolk, VA-NC",1580387,1589404,1610000,1631596,1651753,1659317,1672386,1671637,1670225,1674498,1717036,1723208,1734121,1741366,1750937,1756340,1758763,1760926,1763713,1768901,1781773,1785817,1785895,1788412,1794278
Virginia Beach-Virginia,47260,"Virginia Beach-Chesapeake-Norfolk, VA-NC",1580387,1589404,1610000,1631596,1651753,1659317,1672386,1671637,1670225,1674498,1717036,1723208,1734121,1741366,1750937,1756340,1758763,1760926,1763713,1768901,1781773,1785817,1785895,1788412,1794278
Visalia-California,47300,"Visalia, CA",368628,372592,378285,386399,394996,403653,409641,416189,422343,429668,442969,446784,449779,452460,455138,457161,459235,462308,464589,466195,473944,476939,478288,480747,483546
Waco-Texas,47380,"Waco, TX",214093,215561,217272,219485,222335,223819,225559,228241,230849,233378,253808,255700,256938,258685,260376,262660,264829,268971,271427,273920,296403,299356,301913,305430,307123
Waco-United States,47380,"Waco, TX",214093,215561,217272,219485,222335,223819,225559,228241,230849,233378,253808,255700,256938,258685,260376,262660,264829,268971,271427,273920,296403,299356,301913,305430,307123
Walla Walla-Washington,47460,"Walla Walla, WA",,,,,,,,,,,58915,59444,59329,59361,59510,59932,60008,60512,60615,60760,62629,62232,62085,61789,62068
Warner Robins-Georgia,47580,"Warner Robins, GA",111248,113289,116390,119996,123811,125862,128214,131291,133470,135715,168508,171561,173592,174689,175717,176293,178507,180163,182886,185409,192400,195499,198275,200762,204110
Washington-United States,47900,"Washington-Arlington-Alexandria, DC-VA-MD-WV",4821031,4927274,5014571,5086376,5158524,5229267,5265012,5313033,5377936,5476241,5678491,5782319,5878942,5963312,6031945,6093950,6149301,6211341,6247841,6280487,6260475,6259238,6289810,6345881,6436489
Waterbury-Connecticut,47930,"Waterbury-Shelton, CT",,,,,,,,,,,,,,,,,,,,,449055,452095,453868,457609,462220
Waterbury-United States,47930,"Waterbury-Shelton, CT",,,,,,,,,,,,,,,,,,,,,449055,452095,453868,457609,462220
Waterloo-Iowa,47940,"Waterloo-Cedar Falls, IA",163668,163342,162133,161540,161691,161861,162314,162455,163659,164913,167920,168443,168811,169853,170450,170852,170110,169359,168936,168522,168403,168082,167720,168895,170081
Watertown-New York,48060,"Watertown-Fort Drum, NY",,,,,,,,,,,116592,117752,120235,118490,117971,116371,112980,113157,111866,109834,116071,116925,115487,113575,113140
Wausau-Wisconsin,48140,"Wausau, WI",125905,126127,126299,126400,126710,127532,128834,129993,131043,131612,162829,162844,162870,163189,163241,163181,162935,163203,163094,163285,138114,137798,138175,138838,139091
Weirton-West Virginia,48260,"Weirton-Steubenville, WV-OH",131618,130231,128871,127768,126475,125255,123721,122302,121682,120929,124329,123482,122680,122139,121507,120665,119269,118074,116982,116074,116713,115785,114290,113745,113239
Wenatchee-Washington,48300,"Wenatchee-East Wenatchee, WA",99379,99476,99944,100782,102132,103539,105289,106999,108301,109937,111264,111876,112669,113110,113894,115586,117221,118325,119501,120629,122339,123701,124179,125449,127023
Wheeling-West Virginia,48540,"Wheeling, WV-OH",152850,151320,150653,149422,148555,147397,146735,145957,144986,144637,147899,147260,146527,145938,144968,144157,142955,141255,140059,138948,139127,137930,136690,135718,135136
Wichita Falls-Texas,48660,"Wichita Falls, TX",151584,150142,150331,150809,151064,149800,149444,148238,147607,147421,151649,150311,151040,151448,151867,150083,150327,150956,150955,151254,148434,149118,149508,149862,149869
Wichita Falls-United States,48660,"Wichita Falls, TX",151584,150142,150331,150809,151064,149800,149444,148238,147607,147421,151649,150311,151040,151448,151867,150083,150327,150956,150955,151254,148434,149118,149508,149862,149869
Wichita-Kansas,48620,"Wichita, KS",572045,574528,578622,579800,581206,583759,588228,595342,603205,612683,623887,625327,628159,630365,632810,635551,637653,637511,637519,640218,648545,648580,649846,654920,661217
Wichita-United States,48620,"Wichita, KS",572045,574528,578622,579800,581206,583759,588228,595342,603205,612683,623887,625327,628159,630365,632810,635551,637653,637511,637519,640218,648545,648580,649846,654920,661217
Williamsport-Pennsylvania,48700,"Williamsport, PA",119957,119115,118523,118243,118075,117687,117186,116838,116666,116840,116225,116748,117222,116598,116290,115598,114876,114012,113866,113299,114130,113576,113223,113282,113236
Wilmington-North Carolina,48900,"Wilmington, NC",275827,281734,288186,294349,304149,316442,329375,339517,348054,354525,255699,259141,262759,267700,271863,276848,283580,289447,294273,297533,425234,438030,454680,468265,480522
Wilmington-United States,48900,"Wilmington, NC",275827,281734,288186,294349,304149,316442,329375,339517,348054,354525,255699,259141,262759,267700,271863,276848,283580,289447,294273,297533,425234,438030,454680,468265,480522
Winchester-Virginia,49020,"Winchester, VA-WV",103566,105884,108235,110341,112877,115902,118840,121134,122620,123989,128652,129954,130910,132278,133526,134284,135739,138020,139492,140566,142995,145448,146222,147564,149702
Winston-Salem-North Carolina,49180,"Winston-Salem, NC",423413,429861,435380,439368,445001,452906,463033,471997,480063,484921,641245,644266,646794,649901,653250,656277,661024,666640,671129,676008,676410,681900,688725,696600,705187
Winston-Salem-United States,49180,"Winston-Salem, NC",423413,429861,435380,439368,445001,452906,463033,471997,480063,484921,641245,644266,646794,649901,653250,656277,661024,666640,671129,676008,676410,681900,688725,696600,705187
Worcester-Massachusetts,49340,"Worcester, MA",752684,762851,771243,778060,782748,787246,792315,796024,799343,803701,918935,922378,924856,928346,932278,934604,936422,942147,946113,947404,857092,862052,865735,872813,881248
Worcester-United States,49340,"Worcester, MA",752684,762851,771243,778060,782748,787246,792315,796024,799343,803701,918935,922378,924856,928346,932278,934604,936422,942147,946113,947404,857092,862052,865735,872813,881248
Yakima-Washington,49420,"Yakima, WA",222696,222806,223394,224950,227013,228163,230171,232288,234881,239054,244256,245926,246127,246485,246870,247800,249327,249922,250562,250873,256736,256743,256566,257193,258523
York-Pennsylvania,49620,"York-Hanover, PA",382749,385397,388885,393622,399490,406555,414969,421589,425766,428937,435413,436701,437466,438932,440475,441741,443693,445484,447847,449058,456754,459264,461385,465977,471240
Youngstown-Ohio,49660,"Youngstown-Warren, OH",602171,598499,593748,589856,585692,580716,576344,571145,566425,562963,564826,562347,558530,555850,553039,548798,544582,541545,538226,536081,429699,428153,426820,426342,426086
Youngstown-United States,49660,"Youngstown-Warren, OH",602171,598499,593748,589856,585692,580716,576344,571145,566425,562963,564826,562347,558530,555850,553039,548798,544582,541545,538226,536081,429699,428153,426820,426342,426086
Yuma-Arizona,49740,"Yuma, AZ",160675,163167,166071,169297,174000,180194,185267,189181,193299,196972,197127,202841,202475,202420,204054,205186,207247,209507,211612,213787,205665,207743,209538,215448,220310
