tier,iso3,country,region,pop_m,question,census_year,finest_level,n_units,access,categories,licence,source_url,older_census,fallback,confidence,notes
A,IND,India,south_central_asia,1450.94,mother_tongue,2011,"sub-district (tehsil/taluk) and town, C-16 tables",5900,open_table,"~270 mother tongues (>=10k speakers) grouped under 22 scheduled + 99 non-scheduled languages; each language has a catch-all 'Others' row; Hindi umbrella lumps Bhojpuri, Rajasthani, Magahi, Chhattisgarhi etc. at language level but they are separate mother-tongue rows",,https://censusindia.gov.in/nada/index.php/catalog/10191,,,checked,"Opened DDW-C16-STMT-MDDS-2700.xlsx (Maharashtra): rows by state/district/sub-district, mother-tongue codes (e.g. 001002 Assamese under 001000 ASSAMESE), total/rural/urban by sex; 393 geo units in that state, 411 MT codes. One xlsx per state on the NADA catalog (IDs ~10191-10226). Site has a broken TLS chain (curl -k works; WebFetch fails). Pick mother-tongue rows, not language rows, to undo the Hindi umbrella. C-17 (bilingualism/trilingualism) also exists. Census 2027 (enumeration 9-28 Feb 2027) asks mother tongue + other languages known; 2011 language data came out in 2018, so expect 2027 language tables around 2033."
A,USA,United States,americas,340.0,home_language,2019-2023 (ACS 5-year),tract (C16001); state for B16001; PUMA via PUMS microdata,85000,open_table,"C16001: English-only + 12 non-English groups; B16001: 42 groups (state and up); PUMS LANP: 1,333 codes; special 'Detailed languages' tables ~350 languages at nation/state/large county/metro",public domain (US federal),https://data.census.gov/table/ACSDT5Y2023.C16001,,"ACS PUMS (open microdata, ~2,460 PUMAs) for full language detail; decennial census does not ask language",reported,"Asks 'does this person speak a language other than English at home / what language'; English-only speakers are implied. Universe is age 5+, so under-5s need imputing. Only one language per person (the non-English one), so bilingual homes count as that language. Since 2016 B16001 is no longer published for counties or tracts (census.gov 2016 table changes, via DOT Title VI toolkit). census.gov API now requires a key."
A,PAK,Pakistan,south_central_asia,251.27,mother_tongue,2023,tehsil (Table 11),600,pdf,"~15: Urdu, Punjabi, Sindhi, Pashto, Balochi, Saraiki, Hindko, Brahui, Kashmiri, Kohistani, Shina, Balti, Mewati, Kalasha + Other (2023 added the last five; 2017 had 9 + Other)",,https://cran.r-project.org/web/packages/PakPC2023/PakPC2023.pdf,2017 (tehsil; USCB geodatabase on HDX),,checked,"2023 Table 11 'Population by mother tongue, sex and rural/urban' with PROVINCE/DIVISION/DISTRICT/TEHSIL columns; PBS released it as per-province PDFs (old pbs.gov.pk/sites/default/files/population/2023/tables/... URLs now 404 after a site move; census23.pbos.gov.pk refused connection 2026-10-03). Machine-readable copy: CRAN package PakPC2023 (GPL-2) dataset TABLE_11. Tehsil count approximate. Categories list from memory of the 2023 schedule, check against TABLE_11."
A,BRA,Brazil,americas,212.0,indigenous_only,2022,state (by language); indigenous territory (by language),27,open_table,"295 indigenous languages (285-cell classification), asked only of indigenous people aged 2+; also 'speaks Portuguese at home'",IBGE open data,https://servicodados.ibge.gov.br/api/v3/agregados/10402/metadados,"2010 (274 languages, age 5+)",,checked,"SIDRA API metadata (2026-10-04): table 10423 by language at N1-N3 (country, region, state); table 10402 by language per Terra Indígena (level N125, ~600 territories). 474,856 speakers aged 2+; 78% live in indigenous territories. Non-indigenous people are not asked, so German, Italian and Pomeranian enclaves are invisible."
A,ETH,Ethiopia,africa_east_south,132.06,mother_tongue,2007,woreda (USCB re-cut onto ADM3_2021 units),738,uscb_hdx,CSA tables list ~80+ mother tongues; how many the USCB layer keeps not inspected,CC BY,https://data.humdata.org/dataset/ethiopia-subnational-boundaries-and-tabular-data,1994 (mother tongue; IPUMS MTONGET 1994/2007),Afrobarometer home language by region,checked,HDX notes (fetched 2026-10-03) list ethnicity AND language tables with boundaries in one gdb/xlsx; -999 null sentinel and 2007-data-on-2021-units caveats as in religiondots et.md. No census since 2007 (2017 round postponed indefinitely). CSA 2007 regional PDF reports also have mother tongue by zone/woreda.
A,MEX,Mexico,americas,130.86,indigenous_only,2020,"municipality by language (cuestionario ampliado sample microdata); locality/AGEB/block for speaker yes/no only (ITER, SCINCE)",2469,open_table,~68 INALI language groupings (300+ variant codes) for speakers aged 3+; Spanish not asked except 'speaks Spanish' for indigenous speakers,"INEGI Términos de libre uso (open, attribution)",https://www.inegi.org.mx/programas/ccpv/2020/,2010 (basic tabulados reported to give speakers by municipality and language),,checked,"Asks 'habla algún dialecto o lengua indígena / cuál' and 'habla español'. INEGI's state-municipal basic tabulados (criterios PDF, 253 pp., checked 2026-10-04) carry only speaker yes/no and speaks-Spanish by municipality; by-language counts are national/state tabulados or the open ampliado sample microdata (~4M households, municipality coded). Non-speakers are the residual = Spanish. Also asks indigenous self-identification and Afro-descent. 7.36M speakers (6.1%)."
A,ZAF,South Africa,africa_east_south,64.01,home_language,2022,electoral ward (SuperWEB2); 2011 small area,4468,microdata_server,12 official languages incl. SA Sign Language + other,10% sample CC BY (DataFirst),https://superweb.statssa.gov.za/webapi/jsf/login.xhtml,"2011 first language by small area (~84,900 SALs) and sub place via census2011.adrianfrith.com (open)","2022 10% sample (CC BY, DataFirst) to local municipality",checked,"Language spoken most often at home. SuperWEB2 needs free registration; Stats SA put 2022 ward-level data on SuperWEB in Sept 2024. 2022 Small Area Layer only on request. Adrian Frith's site (2011 Community Profile DB) covers all place levels down to small area; first-language tables there reported, not verified."
A,GBR_EW,United Kingdom - England and Wales,europe,61.0,main_language,2021,output area,~188880,open_table,106 (TS024 Main language detailed),Open Government Licence v3.0,https://www.nomisweb.co.uk/datasets/c2021ts024,,,checked,Main language for residents 3+. Wales also asks Welsh ability (separate tables). Best small-area first-language source in Europe.
A,COL,Colombia,americas,52.89,indigenous_only,2018,municipality; manzana in REDATAM,1122,microdata_server,"speaks/understands the native language of one's pueblo (~115 indigenous pueblos, plus Raizal Creole, Palenquero, Romani); other native languages count",,https://systema59.dane.gov.co/bincol/RpWebEngine.exe/Portal?BASE=CNPVBASE4V2&lang=esp,2005 (BASECG2005AMP on the same server),,checked,"REDATAM dictionary (2026-10-04): 'Habla la lengua nativa de su pueblo', 'Entiende...', 'Habla otra(s) lengua(s) nativa(s)', asked only of people who self-identify with an ethnic group. Language is implied by pueblo. Spanish is the residual."
A,ARG,Argentina,americas,45.7,indigenous_only,2022,department/partido; radio via REDATAM,527,microdata_server,pueblo indígena x 'speaks and/or understands the language of that pueblo',,https://redatam.indec.gob.ar/binarg/RpWebEngine.exe/PortalAction?BASE=CPV2022,2010 (pueblo only),,checked,Asked only of self-identified indigenous people; language follows the pueblo. No question for Spanish or immigrant languages.
A,CAN,Canada,americas,41.26,mother_tongue,2021,dissemination area,57900,open_table,~200 mother tongues incl. ~70 Indigenous languages; single and multiple responses,Statistics Canada Open Licence,https://www12.statcan.gc.ca/census-recensement/2021/dp-pd/prof/index.cfm?Lang=E,,,reported,"Also asks language spoken most often at home, other home languages, knowledge of languages and first official language spoken. Multiple mother-tongue responses (e.g. English and French) are published separately. StatCan pages returned 403 to WebFetch 2026-10-04; DA-level Census Profile is the same product the sister canadadots map already uses."
A,UKR,Ukraine,europe,37.86,native_language,2001,settlement (2001.ukrcensus.gov.ua database); raion on HDX,~29000,uscb_hdx,"~20+: Ukrainian, Russian, Crimean Tatar, Moldovan, Romanian, Hungarian, Bulgarian, Belarusian, Gagauz, Polish etc.",,http://2001.ukrcensus.gov.ua/results/general/language/,1989,,reported,Very stale (2001) and native language is identity-heavy (many Russian-speaking Ukrainians gave Ukrainian). Settlement tables exist in the census database (cited on village wiki pages); db.ukrcensus.gov.ua refused connection 2026-10-03. Raion-level via the USCB geodatabase on HDX.
A,POL,Poland,europe,36.56,home_language,2021,gmina,~2477,open_table,"~100: Polish, Silesian, Kashubian, English, German, Ukrainian, Belarusian, Lemko etc.",,"https://stat.gov.pl/spisy-powszechne/nsp-2021/nsp-2021-wyniki-ostateczne/tablice-z-ostatecznymi-danymi-w-zakresie-przynaleznosci-narodowo-etnicznej-jezyka-uzywanego-w-domu-oraz-przynaleznosci-do-wyznania-religijnego,10,1.html",2011,,reported,Up to two languages used at home (multi-response; most 'other' language speakers also report Polish). GUS xlsx by voivodeship/powiat/gmina (Dec 2023 release).
A,PER,Peru,americas,34.22,mother_tongue,2017,district; centro poblado via full microdata,1874,microdata_server,"~15: Quechua, Aimara, Asháninka, Awajún, Shipibo-Konibo, Shawi, Matsigenka, Achuar, other native, Castellano, Portugués, other foreign, sign language",,https://censos2017.inei.gob.pe/bininei/RpWebEngine.exe/Portal?BASE=CPV2017DI&lang=esp,2007,,checked,"REDATAM variable 'P3a+: Idioma o lengua con el que aprendió hablar' (age 3+), output to district. INEI also publishes the full microdata. Peru's 2025 census not checked."
A,NPL,Nepal,south_central_asia,29.65,mother_tongue,2021,local level (palika),753,open_table,~125 mother tongues + 'Other' + 'Not stated'; also second language and ancestral language tables,,https://censusresults.nsonepal.gov.np/files/caste/Mother_Tongues_NPHC_2021.xlsx,2011 (VDC/municipality),,checked,"Opened Mother_Tongues_NPHC_2021.xlsx: sheet 'Prov_District_local level' (16,497 rows) gives every mother tongue by province/district/local level with sex. Ward-level downloads exist but contain no language table. Note says rare foreign languages from 2011 folded into 'Other'. Second_Language_NPHC_2021.xlsx and Ancestors_Language_NPHC_2021.xlsx sit beside it. Old censusnepal.cbs.gov.np host has a wrong TLS cert and 404s."
A,VEN,Venezuela,americas,28.41,indigenous_only,2011,national/state in INE report; municipality/parish via REDATAM if it returns,335,pdf,52 indigenous pueblos; speaks own language only / Spanish only / both,,https://ine.gob.ve/wp-content/uploads/2025/09/POBLACION-INDIGENA-CENSO-2011.pdf,2001,,checked,"INE 2011 indigenous report (42 pp.) gives 10.2% speak only their pueblo's language, 54.1% both, 33.1% Spanish only; Wayuu are 57% of the indigenous population. REDATAM at www.redatam.ine.gob.ve failed DNS 2026-10-04."
A,AUS,Australia,east_se_asia_oceania,27.19,home_language,2021,"SA1 (General Community Profile DataPacks, table G13); full classification at SA2 via TableBuilder",61845,open_table,"DataPack G13: ~45 named languages + other; TableBuilder: ASCL 2016, 505 four-digit languages incl. ~160 Aboriginal and Torres Strait Islander languages",CC BY 4.0,https://www.abs.gov.au/census/guide-census-data/census-dictionary/2021/variables-topic/cultural-diversity/language-used-home-lanp,every census since 1976,,checked,"'Does the person use a language other than English at home?' Single response, the one used most often. English-only speakers are 'English'. G13 file names confirmed in the cached SA2 DataPack (religiondots/data/raw/au). TableBuilder needs a free account."
A,ZMB,Zambia,africa_east_south,21.31,home_language,2022,ward (9 language groups) / province (~75 languages),1853,pdf,"~75 languages nationally and by province; 9 groups at ward (Bemba, Tonga, North-Western, Western, Nyanja, Tumbuka, Mambwe, English, Other)",,https://www.zamstats.gov.zm/wp-content/uploads/2026/05/Languages-Descriptive-Tables.pdf,2010 (predominant language; IPUMS LANGZM1 1990/2000/2010),"Ethnicity tables (same layout, ~73 groups by province, 7 groups + other by ward) in Ethnicity-Descriptive-Tables.pdf",checked,"Question wording in tables: 'widely spoken language of communication' (one per person). Table C2.0 by province/district/constituency/ward; 1,853 ward rows counted 2026-10-03. Small cells suppressed with '*'. Full ~75-language detail only to province + rural/urban."
A,CHL,Chile,americas,19.76,indigenous_only,2024,comuna,346,microdata_server,"speaks OR understands one of the listed indigenous languages (Mapudungun, Aymara, Quechua, Rapa Nui, Kawésqar...)",,https://redatam.ine.gob.cl/redbin/RpWebEngine.exe/Portal?BASE=CENSO_2024,,,checked,2024 dictionary: P30 '¿Habla o entiende una de las siguientes lenguas indígenas u originarias?'. 'Understands' inflates it relative to first language. 2017 asked pueblo only.
A,ROU,Romania,europe,19.05,mother_tongue,2021,commune/town (UAT),~3181,open_table,"~20: Romanian, Hungarian, Romani, Ukrainian, German, Turkish, Russian-Lipovan, Tatar etc.",,https://www.recensamantromania.ro/wp-content/uploads/2023/06/Tabel-2.03.1-si-Tabel-2.03.2.xlsx,2011,,checked,"Table 2.03 'Populatia rezidenta dupa limba materna' down to municipalities, towns and communes (xlsx). Large 'information not available' share (admin-data fill)."
A,GTM,Guatemala,americas,18.41,mother_tongue,2018,municipality,340,microdata_server,"22 Mayan languages + Xinka, Garífuna, Spanish, English, other/sign",,https://redatam2018.ine.gob.gt/bingtm/RpWebEngine.exe/Portal?BASE=CPVGT2018,2002 (IPUMS ETHNICGT),,checked,"REDATAM dictionary (checked 2026-10-04) has 'Idioma en el que aprendió a hablar' (age 4+), plus other languages spoken (up to 3), languages read/written, and pueblo of belonging. Frequency page returned HTTP 500 but Dictionary works. ine.gob.gt is behind a Radware bot wall."
A,BOL,Bolivia,americas,12.41,mother_tongue,2024,municipality,340,microdata_server,36 constitutional indigenous languages + Castellano + foreign,,https://redatam.ine.gob.bo/binbol/RpWebEngine.exe/Portal?BASE=PHCCEN24ESPV1,2012 (same two questions),,checked,"2024 dictionary (2026-10-04): '34.1 Primer idioma o lengua en el que aprendió a hablar en su niñez' plus '33 Idiomas que habla, según el mayor uso' (1st, 2nd, 3rd). Server has a broken TLS chain; curl -k works."
A,CZE,Czechia,europe,10.91,mother_tongue,2021,municipality (guess: CZSO public database),~6250,open_table,"~20: Czech, Slovak, Polish, German, Romani, Ukrainian, Vietnamese, Russian, sign language, other",,https://scitani.gov.cz/,2011,,guess,Up to two mother tongues allowed (multi-response); question optional. CZSO pages redirected to scitani.gov.cz and were not read.
A,AZE,Azerbaijan,europe,10.2,native_language,2019,rayon/city (guess; 2009 had rayon tables),~78,pdf,"~15: Azerbaijani, Lezgin, Talysh, Avar, Russian, Tat, Tsakhur, Georgian, other",,https://www.stat.gov.az/source/demoqraphy/?lang=en,,,reported,"2019 census results in two volumes include native language (search 2026-10-03); geographic level of the language table not opened. Excludes territories then outside government control. Minority languages (Talysh, Lezgin) widely believed undercounted."
A,HUN,Hungary,europe,9.56,mother_tongue,2022,settlement (+ Budapest districts),~3178,open_table,"~30: Hungarian, Romani, Beas, German, Slovak, Romanian, Croatian, Serbian etc. (13 recognised minorities + others)",,https://nepszamlalas2022.ksh.hu/adatbazis/,2011,,reported,"Up to two mother tongues, plus 'language used with family/friends' and nationality; all optional. KSH census database and settlement visualisations carry nationality data by settlement (search 2026-10-03); site 403s to fetch."
A,CHE,Switzerland,europe,9.01,main_language,2023,commune (pooled 5-year structural survey; small communes suppressed),~2130,open_table,"~10 main languages (German, French, Italian, Romansh, English, Portuguese, Albanian, Serbo-Croatian, Spanish, other); up to 3 per person",,https://www.bfs.admin.ch/bfs/en/home/statistics/population/languages-religions/languages.html,2000 full census: single main language by commune (exhaustive),,reported,Annual structural survey (~200k sample). Swiss German dialect vs standard asked separately. 2000 full count is the clean commune-level layer.
A,HKG,Hong Kong,east_se_asia_oceania,7.52,home_language,2021,"Large Tertiary Planning Unit Group (also District Council district); Small TPU group tables exist, language fields not confirmed",159,open_table,"usual spoken language: Cantonese, Putonghua, other Chinese dialects, English, other (~6-8)",DATA.GOV.HK terms (free reuse with attribution),https://data.gov.hk/en-data/dataset/hk-censtatd-census_geo-2021-population-census-by-ltpu,"2016 by-census, 2011 census same item",,reported,"'Usual spoken language' = language/dialect used in daily communication at home, age 5+. LTPU table in CSV/XLSX on data.gov.hk and CSDI portal with boundaries; Esri China HK republishes 'population by usual spoken language by Large TPU 2021'. Hakka, Hokkien, Chiu Chow are lumped as 'other Chinese dialects' in area tables (the national tables split them)."
A,KGZ,Kyrgyzstan,south_central_asia,7.22,native_language,2022,rayon (and cities) in Book III regional volumes,60,pdf,"native language columns: own ethnic group's language, Kyrgyz, Russian, Uzbek, Dungan, other; crossed with ~7 major ethnic groups",,https://stat.gov.kg/en/publications/perepis-naseleniya-i-zhilishnogo-fonda-kyrgyzskoj-respubliki-2022-goda-kniga-i-osnovnye-socialno-demograficheskie-harakteristiki/,2009 (oblast books with rayon ethnicity),,checked,Opened 2022 Book III Naryn oblast: table 3.4 gives ethnic group x native language for each rayon and city; questionnaire item 10.1 'Ваш родной язык' plus Kyrgyz/Russian proficiency. That page only links Naryn and Bishkek books; other oblast books need finding in the publication archive. Identity-vs-use caveat applies; 'own ethnic group's language' must be resolved per group.
A,NIC,Nicaragua,americas,6.92,indigenous_only,2005,municipality; comarca/barrio/segment/block in REDATAM,153,microdata_server,"pueblo list (Miskitu, Mayangna-Sumu, Garífuna, Creole/Kriol, Rama, Xiu-Sutiava, Chorotega, Nahoa, Cacaopera...) x 'speaks the language of the pueblo' yes/no",,http://redatam.inide.gob.ni/redbin/RpWebEngine.exe/Portal?BASE=VIVPOB05&lang=esp,,,checked,Q9 '¿Habla la lengua o el idioma del pueblo indígena o etnia a la que pertenece?' asked only of those who identify with a pueblo; the pueblo names the language. Spanish is the residual. No census since 2005.
A,SRB,Serbia,europe,6.59,mother_tongue,2022,municipality/city,~168,open_table,"~20: Serbian, Hungarian, Bosnian, Romani, Albanian, Slovak, Romanian, Vlach, Croatian, Bunjevac etc.",,https://popis2022.stat.gov.rs/,2011,,reported,Excludes Kosovo. Albanian-majority Presevo valley boycotted 2011 but took part in 2022. Mother tongue/religion/ethnicity release June 2023.
A,BGR,Bulgaria,europe,6.44,mother_tongue,2021,municipality,265,open_table,"~10: Bulgarian, Turkish, Romani, other, not stated",,https://www.nsi.bg/statistical-data/151/1349,2011 (mother tongue by municipality),,reported,Voluntary question; ~ 9% did not answer in 2021. Search (2026-10-03) shows NSI publishing mother tongue by district and municipality.
A,SGP,Singapore,east_se_asia_oceania,6.04,home_language,2020,"planning area (TableBuilder / data.gov.sg), assumed by analogy with the religion table",31,open_table,"language most frequently spoken at home: English, Mandarin, Chinese dialects, Malay, Tamil, other (~6); national tables split dialects (Hokkien, Cantonese, Teochew...)",Singapore Open Data Licence,https://data.gov.sg/datasets/d_2a1a771fe8515745d21ee64e43d6b46d/view,"2010 census, GHS 2015",,reported,"Most and second-most frequently spoken language at home, residents 5+. The religion-by-planning-area table exists only on data.gov.sg/TableBuilder (religiondots sg.md) and the language one is expected in the same series but its dataset id was not found (data.gov.sg search is JS). 55 planning areas, ~31 populated."
A,FIN,Finland,europe,5.62,mother_tongue,2024,municipality (annual),308,open_table,"~150 register language codes: Finnish, Swedish, Sami (3 varieties), Russian, Estonian, Arabic etc.",CC BY 4.0,https://pxdata.stat.fi/PxWeb/pxweb/en/StatFin/StatFin__vaerak/,,Paavo postal-code data and 1 km grid may hold Swedish/foreign-language counts (not checked),reported,"Register language: one code chosen at birth registration, rarely updated, so bilingual Finnish/Swedish families show only one. Annual since 1990. Includes Aland."
A,GBR_SC,United Kingdom - Scotland,europe,5.5,main_language,2022,output area (Gaelic skills at OA; main language level assumed same),~46000,open_table,"main language detail (UV212) incl. Scots and Gaelic; plus Gaelic, Scots, BSL skills",Open Government Licence v3.0,https://www.scotlandscensus.gov.uk/metadata/main-language/,2011: languages other than English used at home (not comparable),,reported,"2022 switched to main language: 13,433 mainly Scots, 3,551 mainly Gaelic. UK Data Service CKAN lists UV212/UV208b; page 403 to fetch."
A,SVK,Slovakia,europe,5.42,mother_tongue,2021,municipality,~2890,open_table,"~15: Slovak, Hungarian, Romani, Rusyn, Czech, Ukrainian, German etc.",,https://www.scitanie.sk/en/population/basic-results/structure-of-population-by-mother-tongue/SR/SK0/SR,2011,,checked,Also asks most frequently used language at home and in public. Portal gives XLSX/CSV/JSON per municipality. Mother tongue defined as language spoken at home in childhood.
A,CAF,Central African Republic,africa_west_central,5.33,home_language,2003,commune (via USCB HDX),177,uscb_hdx,~80 language columns ('langue couramment parlée'),CC BY,https://data.humdata.org/dataset/car-subnational-boundaries-and-tabular-data,,Ethnicity table at commune level in the same geodatabase,checked,"USCB HDX CAR 'Language' sheet: population by commonly spoken language from RGPH03, national/prefecture (17)/sub-prefecture (72)/commune (177); 'Ethnicity' sheet likewise. Source was ICASEES REDATAM (http://108.60.219.85/redbin/RpWebEngine.exe/Portal?BASE=RGPH03FRA) - timed out 2026-10-03. Sango as lingua franca may dominate 'commonly spoken'. Not in Afrobarometer."
A,CRI,Costa Rica,americas,5.13,indigenous_only,2011,district; also 24 indigenous territories,473,microdata_server,"speaks an indigenous language yes/no, with pueblo (Bribri, Cabécar, Ngäbe, Maleku, Boruca, Térraba, Huetar, Chorotega)",,https://sistemas.inec.cr:8443/bininec/RpWebEngine.exe/Portal?BASE=CP2011,2000 (asked mother tongue inside indigenous territories),,checked,"REDATAM 2011 dictionary has P07 indigenous, P08 pueblo, P09 'Habla algún idioma o lengua indígena'. 2022 census indigenous results still unpublished per IWGIA 2025."
A,HRV,Croatia,europe,3.87,mother_tongue,2021,town/municipality,556,open_table,"~25: Croatian, Serbian, Italian, Albanian, Bosnian, Romani, Hungarian, Slovenian, Czech etc.",,https://dzs.gov.hr/,,,reported,From general knowledge of DZS 2011/2021 releases (xlsx by town/municipality); not opened this session.
A,GEO,Georgia,europe,3.81,mother_tongue,2024,municipality (guess),~64,pdf,"~10: Georgian, Azerbaijani, Armenian, Russian, Ossetian, other",,https://census2024.geostat.ge/en,2014 (mother tongue),,reported,"2024 census mother tongue reported in press (Georgian 85.1%, Azerbaijani 6.8%, Armenian 3.5%). Portal is a JS app; finest level unverified. Excludes Abkhazia and South Ossetia. Mingrelian/Svan not separated from Georgian."
A,PRI,Puerto Rico,americas,3.2,home_language,2019-2023 (PRCS 5-year),tract (C16001),940,open_table,same ACS tables; effectively Spanish vs English-only vs few others,public domain (US federal),https://data.census.gov/table/ACSDT5Y2023.C16001?g=040XX00US72,,,reported,"Same instrument as the USA (Puerto Rico Community Survey). 'Speaks only English' is the residual, so Spanish speakers are the large named category."
A,BIH,Bosnia and Herzegovina,europe,3.16,mother_tongue,2013,municipality,~143,pdf,"~10: Bosnian, Croatian, Serbian, plus minorities and variants like 'Serbo-Croatian'",,https://www.popis.ba/popis2013/doc/Popis2013prvoIzdanje.pdf,,,reported,"Bosnian/Croatian/Serbian are near-identical; labels follow ethnicity, so this is effectively an identity map. Republika Srpska disputes the state agency's resident definition and published its own figures."
A,NAM,Namibia,africa_east_south,3.03,home_language,2023,region (published); constituency via 2011 open PUMS,14,open_table,"~12: Oshiwambo, Khoekhoegowab, Afrikaans, RuKwangali, Otjiherero, Silozi, English, German, Setswana...",Open data access (NSA NADA),https://microdata.nsanamibia.com/index.php/catalog/9,2011 (same question; open PUMS with constituency),"2011 PUMS microdata (open, variable 'H13. Language Spoken' + Constituency, 107 constituencies)",checked,Household-level question: main language spoken in the household (each household one language). 2023 20% PUMS (catalog 17) has Region and Constituency (121) but NO language variable (variable list checked 2026-10-03). 2023 regional shares in main report. census.nsa.org.na portal shows region/constituency for population topics only.
A,ARM,Armenia,europe,3.03,native_language,2022,marz (+ Yerevan),11,pdf,"~15: Armenian, Yezidi, Kurdish, Russian, Assyrian, Ukrainian, other",,https://www.armstat.am/en/?nid=944,,,reported,"Native language (identity-flavoured, ex-USSR style) plus other languages known. 2022 results pages navigated but the language table itself not found in the menu; level inferred from 2011 marz tables. Yezidi vs Kurdish split is a live identity issue."
A,LTU,Lithuania,europe,2.89,mother_tongue,2021,municipality,60,open_table,"~10: Lithuanian, Russian, Polish, Belarusian, Ukrainian, other",,https://osp.stat.gov.lt/,2011,,guess,Native language ('gimtoji kalba'). From general knowledge of the 2021 census releases; not opened. Polish-speaking Vilnius region is the main signal.
A,BWA,Botswana,africa_east_south,2.52,home_language,2022,census district,28,pdf,"~20 languages grouped (Setswana, English, Kalanga, Shekgalagari, Sesarwa, Thimbukushu, Otjiherero, Sheyeyi, Chisubia, Afrikaans, Ndebele, Shona, sign language...)",,https://www.statsbots.org.bw/census-2022,2011/2001 (language spoken at home; IPUMS LANGBW 2001/2011),Afrobarometer home language by district,checked,2022 asks language spoken most often at home AND new 'early childhood language' (close to mother tongue) for age 2+; Analytical Report Vol 1 appendices 3-4 tabulate both by census district (read 2026-10-03). Admin report says 2022 also collected ethnicity. Finer (village/locality) not seen.
A,MDA,Moldova,europe,2.4,mother_tongue,2024,raion/municipality (guess),~37,open_table,"~8: Moldovan, Romanian, Russian, Gagauz, Ukrainian, Bulgarian, Romani, other",,https://statistica.gov.md/,2014 (same two questions),,reported,"Asks mother tongue AND language usually spoken. Moldovan vs Romanian is one language split by identity. Excludes Transnistria (own 2015 census, unofficial)."
A,ALB,Albania,europe,2.38,mother_tongue,2023,municipality (in per-prefecture PDF reports),61,pdf,"~10: Albanian, Greek, Macedonian, Aromanian, Romani, Serbo-Croatian, other",,https://www.instat.gov.al/en/themes/censuses/census-of-population-and-housing/publications/2023/main-results-of-the-population-and-housing-census-2023/,2011 (mother tongue by prefecture/municipality),,guess,"Ethnicity/religion/mother tongue were voluntary questions; 2011 round was boycotted by some minority groups. INSTAT per-prefecture PDFs found by search but not opened (instat.gov.al refused connection 2026-10-03), so the mother-tongue table level is unverified."
A,GBR_NI,United Kingdom - Northern Ireland,europe,1.9,main_language,2021,ward (462) and settlement for MS tables; data zone via flexible table builder (guess),462,open_table,main language full detail (MS-B13); Irish and Ulster-Scots knowledge and frequency,Open Government Licence v3.0,https://www.nisra.gov.uk/publications/census-2021-main-statistics-language-tables,2011,,reported,MS-B12/B13 main language; MS-B05/B07 Irish; MS-B08/B10 Ulster-Scots. Irish/Ulster-Scots ability is identity-linked.
A,MKD,North Macedonia,europe,1.82,mother_tongue,2021,municipality (+ City of Skopje),81,open_table,"~10: Macedonian, Albanian, Turkish, Romani, Serbian, Bosnian, Aromanian, other",,https://www.stat.gov.mk/,2002,,reported,2021 census also counted non-residents from registers (no language for them). MakStat database; from general knowledge.
A,XKX,Kosovo,europe,1.59,mother_tongue,2024,municipality,38,pdf,"~8: Albanian, Serbian, Bosnian, Turkish, Romani, Gorani, other",,https://askapi.rks-gov.net/Custom/bffbac3c-f325-4b18-b0e3-755dcb4cccf0.pdf,2011,,reported,"2024 first final results give mother tongue (Albanian 1,485,170; Serbian 55,168). Serb-majority north partly boycotted 2011; 2024 coverage there should be checked."
A,EST,Estonia,europe,1.37,mother_tongue,2021,municipality (+ settlement type),79,open_table,"~100+: Estonian, Russian, Ukrainian, Finnish, Belarusian etc.",CC BY 4.0,https://andmed.stat.ee/en/stat/rahvastik__rahvaloendus__rl2021,2011,,reported,"2021 census was register-based; mother tongue from the population register. Also tables on foreign-language command and dialects (Voro, Seto). PxWeb, from general knowledge."
A,MUS,Mauritius,africa_east_south,1.25,home_language,2022,district (guess; 9 districts + Rodrigues + Agalega),11,pdf,"~10: Creole, Bhojpuri, French, English, Hindi, Tamil, Telugu, Marathi, Urdu, Chinese languages...",,https://statsmauritius.govmu.org/,2011/2000/1990 (same; IPUMS LANGMU and MTONGMU),,reported,"Two items: language usually spoken at home (2022: Creole 90.0%, Bhojpuri 5.1%, French 4.4%) and 'linguistic group of forefathers' (ancestral language, an identity item, IPUMS MTONGMU). Statistics Mauritius census pages not found by URL guess 2026-10-03; geography of published tables unconfirmed."
A,LUX,Luxembourg,europe,0.68,main_language,2021,commune (maps in RP2021 No.8; table-level data unverified),100,pdf,"~10 main languages: Luxembourgish, Portuguese, French, English, Italian, German, other; plus multi-response 'languages usually spoken'",,https://statistiques.public.lu/fr/publications/series/rp-2021/2023/rp21-08-23.html,2011,,reported,One main language (the language you think in and know best) plus languages usually spoken at work/school/home. Luxembourgish main-language share fell 55.8% to 48.9% (2011-2021). Commune maps exist; LUSTAT tables by commune not found.
A,MNE,Montenegro,europe,0.62,mother_tongue,2023,municipality,25,open_table,"~15: Serbian, Montenegrin, Bosnian, Albanian, Russian, Serbo-Croatian, Croatian etc.",,https://opendata.gov.me/en/dataset/stanovnistvo-crne-gore-prema-nacionalnoj-vjeri-maternjem-jeziku-i-jeziku-kojim-se-uobicajeno-govori,2011,,reported,"Mother tongue AND language usually spoken, both by municipality as xlsx on the national open-data portal. Serbian/Montenegrin/Bosnian/Serbo-Croatian are identity labels for one language."
A,MLT,Malta,europe,0.57,mother_tongue,2021,locality (PDF tables),68,pdf,"few: Maltese, English, other",,https://nso.gov.mt/wp-content/uploads/volume3-Census-of-Population-2021.pdf,,,reported,Language spoken since early childhood. Locality breakdown quoted for Maltese nationals; foreign residents (~22% of population) may be tabulated separately. Not opened.
A,VUT,Vanuatu,east_se_asia_oceania,0.33,mother_tongue,2020,area council (Table 6.16),72,pdf,"first language learnt to speak: English, French, Bislama, Indigenous (vernacular, all ~110 lumped), not stated (5)",,https://vnso.gov.vu/,2009 census: language mostly spoken at home,vernacular split only via language areas (Glottolog/Francois et al.),checked,"2020 basic tables vol 1 (cached religiondots/data/raw/vu) Table 6.16, population 3+ in private households, by area council. Indigenous languages are one category, so a map shows only Bislama vs vernacular vs English/French."
A,PYF,French Polynesia,east_se_asia_oceania,0.28,home_language,2022,commune (ISPF; Wikipedia commune pages quote the per-commune figures),48,open_table,"language most spoken at home: French, Tahitian, Marquesan, Paumotu, Austral languages, Mangarevan, Chinese (mostly Hakka), other; age 15+",,https://www.ispf.pf/publication/1396,"2017, 2012 censuses same item",,reported,"2022: French 68.5%, Polynesian languages 29.9%, Chinese 1.0% (age 15+). Also asks languages spoken/read/written. Commune-level tables not opened."
A,GUM,Guam,east_se_asia_oceania,0.17,home_language,2020,village (US Census Bureau 2020 Island Areas tables),19,open_table,"language spoken at home: English, Chamorro, Filipino languages (Tagalog/Ilocano), Chuukese, other Pacific, Asian languages (~10-15)",US public domain,https://data.census.gov/,2010 Island Areas census same item,,guess,"Not checked this sweep. Island Areas use the long-form questionnaire, which carries the language-spoken-at-home item; tables by village on data.census.gov (JS site)."
A,CUW,Curaçao,americas,0.16,home_language,2023,neighbourhood (CBS neighbourhood viewer),,open_table,"Papiamentu, Spanish, Dutch, English, other",,https://senso.cbs.cw/,2011,,reported,"CBS Census 2023 reports home language; Spanish rising with Venezuelan/Colombian migrants. Neighbourhood viewer (cbs-curacao.github.io/ndv-static-site) too large to fetch, so language-by-neighbourhood is assumed, not seen."
A,SYC,Seychelles,africa_east_south,0.12,home_language,2022,district (guess),26,pdf,"~8: Creole, English, French, Gujarati, Hindi, Tamil, other",,https://www.nbs.gov.sc/downloads/1308-seychelles-population-and-housing-census-2022-provisional-results-report/download,,,reported,"2022: first language spoken at home Creole 85.1%, English 8%, French 0.5% (secondary summaries of NBS report). District-level tables not seen."
A,ABW,Aruba,americas,0.11,home_language,2010,region/zone (REDATAM),,microdata_server,"Papiamento, Spanish, English, Dutch, other; main + other home language",,https://prod.redatam.org/binabw/RpWebEngine.exe/Portal?BASE=AUA2010,,,checked,REDATAM 2010 dictionary has 'Language spoken at home' and 'What other language spoken at home'. 2020 census very likely repeats it (not checked).
A,VIR,US Virgin Islands,americas,0.1,home_language,2020,estate/subdistrict,,open_table,"English, Spanish, French Creole, other",public domain (US federal),https://www.census.gov/data/tables/2020/dec/2020-us-virgin-islands.html,,,guess,Island Areas decennial census uses a long form with the ACS language items. Not verified.
A,FRO,Faroe Islands,europe,0.05,mother_tongue,2011,municipality/region (guess),~30,open_table,"~20: Faroese, Danish, Filipino, Norwegian, Thai, Romanian etc.",,https://hagstova.fo/,,,reported,"2011 census asked first language (Faroese 45,361; Danish 1,546). Hagstova PxWeb level not checked."
A,LIE,Liechtenstein,europe,0.04,main_language,2020,Gemeinde,11,pdf,"~10: German (92%), Italian, Portuguese, Turkish, Spanish, Serbian, Croatian etc.; plus dialect vs standard German at home",,https://www.statistikportal.li/de/erhebungen-register/volkszaehlung,,,reported,2020 Volkszahlung asks main language and language at home (73% speak Liechtenstein dialect).
B,IDN,Indonesia,east_se_asia_oceania,283.49,home_language,2010,province (2010 BPS publication); 2020 long form regency table only has Indonesian vs regional vs foreign,34,pdf,2010: daily language at home with detailed local-language codes (hundreds); 2020 LF: first language Indonesian / regional / foreign / sign (4) and ability to speak Indonesian,2020 USCB file CC BY,https://data.humdata.org/dataset/indonesia-subnational-population-and-housing-data-tables,"1980/1990/1995/2010 in IPUMS (LANGID: Indonesian, else local language, else foreign); 2010 IPUMS 10% sample identifies regency (gated)","2010 ethnicity (suku, ~1,300 codes) by province (BPS 'Kewarganegaraan, Suku Bangsa, Agama dan Bahasa Sehari-hari', 2011); IPUMS 2010 microdata by regency",checked,"USCB workbook indonesia_uscb_202405.xlsx sheet 'Language' (515 regencies) read 2026-10-03: columns LNG_1STIN/1STRG/1STFOR/1STSGN only, so the 2020 regency table cannot say WHICH regional language. sensus.bps.go.id SP2010 open tables have religion to kecamatan but only 'ability to speak Indonesian' for language. Note the 2010 item is Indonesian-first: anyone using Indonesian daily is coded Indonesian."
B,RUS,Russia,europe,143.67,native_language,2021,federal subject x urban/rural (Rosstat); municipal tables from some regional offices,~87,open_table,~150+ named languages (full list per subject),,https://rosstat.gov.ru/vpn/2020/Tom5_Nacionalnyj_sostav_i_vladenie_yazykami,2010,,checked,"Vol.5 Table 6 'Population by native language': 87 subject sheets with urban/rural. Also proficiency and use of languages (Tables 3-4). Regional offices (Perm Table 17, Novgorod Table 5) publish native language by municipality, unevenly. ~16 m people had no answer (admin records). Native language is identity-tinged."
B,DEU,Germany,europe,83.52,home_language,2023,Land only (guess),16,open_table,~10 main languages predominantly spoken in household,,https://www.destatis.de/,,Zensus 2022 has no language item; microcensus scientific-use files are gated,guess,"Not a census: the 1% microcensus has asked the language predominantly spoken at home since 2017. Published mainly nationally/by Land. Minority-language areas (Sorbian, Frisian, Danish) have no official counts."
B,THA,Thailand,east_se_asia_oceania,71.67,home_language,2010,"province (provincial PDF reports, assumed)",77,pdf,"household language: Thai only / Thai mixed with other / other, with other languages specified; Isan, Northern and Southern Thai are counted as Thai",,https://unstats.un.org/unsd/demographic/sources/census/quest/THA2010en.pdf,2000 census language (Wikipedia 'Languages of Thailand' tables 2000/2010 national counts),"Ethnolinguistic Maps of Thailand (Office of the National Culture Commission, 2004) by province",checked,"Questionnaire seen: item g 'Household language(s)' is a HOUSEHOLD-level question (one answer per household, not per person). Regional Tai languages are folded into 'Thai', so the largest minority languages (Isan ~15-20M) are invisible. 2020 census was register-based; language not checked."
B,MAR,Morocco,mena,38.08,languages_spoken,2024,commune (plus urban arrondissements; also province and region rows; separate urban/rural sheets),1540,open_table,"5 local varieties: Darija, Tachelhit, Tamazight, Tarifit, Hassania (others written in but not tabulated); shares in % of population",,https://www.hcp.ma/file/242671/,"2014 and 2004 asked the same item (HCP note: since 2004); 1994 'primary language' (IPUMS LANGMA, 1994/2004/2014)","IPUMS-I microdata 2014 (gated) gives LANGMA = first-listed local language, a single-language proxy per person",checked,"Item is 'Langues locales utilisées (non exclusives)' = local languages used daily, multi-response; national 2024 shares Darija 91.9, Tachelhit 14.2, Tamazight 7.4, Tarifit 3.2, Hassania 0.8 (sums to ~117%). Not mother tongue: HCP note says people able to speak Amazigh but not using it daily are not counted. Workbook 'Indicateurs démographiques et socioéconomiques ... RGPH 2024' (~2,020 rows, codes to commune/arrondissement) is percentages only, combine with commune population. Amazigh activists (AMREC) dispute the 2024 figures as undercounts. Also has literacy-language columns (Arabic, Amazigh Tifinagh, French, English). Includes the Moroccan-administered Western Sahara communes. Province monographs (hcp.ma/region-*/docs) repeat the table per province."
B,AGO,Angola,africa_east_south,37.89,home_language,2014,"province (municipality possibly in provincial volumes, not seen)",18,pdf,"Portuguese + ~10 national languages (Umbundu, Kikongo, Kimbundu, Cokwe, Nhaneca, Ngangela, Fiote, Kwanyama...)",,https://observalinguaportuguesa.org/angola-portugues-e-falado-por-7115-de-angolanos/,,Afrobarometer home language by province,reported,"'Lingua falada em casa': Portuguese 71.15%, Umbundu 22.96% - shares appear to allow more than one language per person (multi-response?), check before using as first language. Not in IPUMS. Definitive results volumes from INE Angola not fetched."
B,UZB,Uzbekistan,south_central_asia,36.36,native_language,2026,national only (preliminary),,none,"preliminary: 91.3% Uzbek native language; ethnicity Uzbek 89.4, Tajik 3.3, Karakalpak 2.2, Kazakh 1.8, Russian 1.6, Kyrgyz 0.6, Turkmen 0.5",,https://astanatimes.com/2026/07/uzbekistans-population-nearly-doubles-since-1989-census/,1989 (Soviet census),1989 Soviet census by oblast/rayon; Joshua Project-style estimates,reported,First census since 1989 held 15 Jan-28 Feb 2026; preliminary results 1 Jul 2026 include ethnicity and native language nationally. No regional tables found yet (did not check stat.uz directly). Tajik count is politically contested (Samarkand/Bukhara Tajik-speakers often recorded as Uzbek).
B,MOZ,Mozambique,africa_east_south,34.63,mother_tongue,2017,province in published xlsx tables; district via 10% public microdata (to confirm),11,open_table,"~40+ (Emakhuwa, Xichangana, Cisena, Elomwe, Portuguese...)",,https://mozdata.ine.gov.mz/index.php/catalog/24,2007 (same questions),10% census microdata (public access on INE NADA) tabulated by district,reported,"Asks both lingua materna and lingua falada com mais frequencia em casa (Quadros 22-23 in INE '08-Lingua' folder), plus knowledge of Portuguese. IPUMS LANGMZ+MTONGMZ 2007/2017. NADA says sample stratified by district (161) but 'lowest available level Province' - unclear whether district code is in the public file. INE site timed out 2026-10-03; Wayback had no provincial folder. INE thematic study 'Padrao Linguistico em Mocambique' exists (>10 MB PDF, not read)."
B,CIV,Côte d'Ivoire,africa_west_central,31.93,main_language,2021,national by urban (Abidjan / other towns) / rural and age,1,open_table,"~8 named national languages (Baoulé 16.1%, Dioula, Sénoufo, Malinké, Agni, Yacouba, Bété, Lobi) + no national language; ethnicity in 5 macro-groups",Licence Ouverte 2.0,https://data.gouv.ci/datasets/repartition-de-la-population-ivoirienne-par-la-langue-la-plus-parlee-selon-le-milieu-de-residence-et-le-groupe-dage,"1998, 1988 (IPUMS ETHNICCI, ethnicity)",Afrobarometer home language by region; ANStat thematic reports (anstat.ci returns 403 to scripts),reported,"'Langue la plus parlée' for Ivorians only, seen as portal metadata, not the table itself. Ethnicity published as 5 macro-groups (Akan 38%, Gur, Mandé du Nord, Krou, Mandé du Sud) on data.gouv.ci; macro-groups are too coarse for a language crosswalk."
B,MLI,Mali,africa_west_central,24.48,home_language,2009,region (Tableau S-3); cercle proportions via CLEAR Global,9,pdf,"~20: Bambara, Malinké, Peul, Sonrai/Djerma, Soninké, Kassonké, Dogon, Maure, Tamasheq, Bobo, Dafing, Minianka, Samogo, Bozo, Arabe + 3 'other'","CC BY (USCB), CC BY-SA (CLEAR)",https://www.instat-mali.org/laravel-filemanager/files/shares/rgph/tdemo09_rgph.pdf,"1998, 1987 (IPUMS LANGML)","USCB HDX Mali geodatabase (region counts from census + main language per cercle from CLEAR); CLEAR Global mali-languages admin2 (47 cercles, 18 languages); Afrobarometer R10 2024",checked,"Tableau S-3 crosses 'langue parlée' (language of everyday life, age 6+) with 'langue maternelle' by region x urban/rural x sex - both questions asked. RGPH-5 (2022) report exists (>10 MB, not checked for language)."
B,BFA,Burkina Faso,africa_west_central,23.55,main_language,2019,region (one monograph per region; by urban/rural only),13,pdf,"~18: Mooré 52.9%, Fulfulde, Gulmancema, Dioula, Bissa, Gourounsi, Bwamu, Dagara, San, Marka, Bobo, Sénoufo, Lobi, Birifor, other national, French, other",,https://www.insd.bf/sites/default/files/2022-07/Rapport%20resultats%20definitifs%20RGPH%202019.pdf,2006 (IPUMS LANGBF; 1985 household language),CLEAR Global burkina-faso-languages (Afrobarometer-based); Afrobarometer,checked,"'Principale langue couramment parlée', age 3+. National table in final report (Tableau 11). Centre monograph has language by urban/rural only, no province/commune breakdown; the socio-demographic atlas has no language maps."
B,TWN,Taiwan,east_se_asia_oceania,23.4,home_language,2020,county/city (SEGIS dataset; township table not found),22,open_table,"primary + secondary language used at home: Mandarin, Taiwanese Hokkien, Hakka, indigenous languages, other (5)",Government open data licence (not read),https://segis.moi.gov.tw/STATCloud/QueryInterfaceView?COL=bDhjBLjaYkG6VIk7ahD1kA%3D%3D&MCOL=dR9iGyjNqInFlqyg96HAdg%3D%3D,2010 census asked the same item,"Hakka Affairs Council 'National Hakka population and language survey' (2016, 2021) gives Hakka identity by township; indigenous population by township from household registration (identity)",checked,"Population 6+ with ROC nationality. Two answers: main language and secondary language. 2020 national: Mandarin 66.4% main, Hokkien 31.7%, Hakka 1.5%, indigenous 0.2%. SEGIS dataset fields are county code/name only (CSV, SHP, JSON API, no application needed). Census sample-based (the 2020 census was register + sample), so township tables may not exist. Indigenous languages not split by language."
B,SEN,Senegal,africa_west_central,18.5,home_language,2023,national in RGPH-5 report; department proportions via CLEAR Global (2013 IPUMS sample),45,pdf,"~30: ~25 national languages (Wolof 53.5%, Pulaar 26.3%, Sereer 9.6%, Joola, Mandinka, Soninke, Bayot, Wamey...) + sign language, French, other African, other foreign",,https://www.ansd.sn/sites/default/files/recensements/rapport/Chapitre-1_ETAT-STRUCTURE-POPULATION-Rapport-def-RGPH-5.pdf,"2013, 2002, 1988 (IPUMS LANGSN 'first spoken language')","CLEAR Global senegal-languages on HDX (CC BY-SA, admin1/admin2 proportions from IPUMS 2013, 34 languages); Afrobarometer",checked,"Question B18 'première langue la plus souvent parlée' + B19 second language (age 3+). 2023 chapter 1 tabulates national only (Tableau I-32); regional reports may carry region (14) tables, not checked. 2013 and 2023 also carry ethnicity (IPUMS ETHNICSN 1988-2013). ANSD site has a broken TLS chain (curl -k needed)."
B,ECU,Ecuador,americas,18.14,languages_spoken,2022,parish (open microdata download),1042,open_table,"Spanish, Kichwa, Shuar and ~12 other indigenous languages, foreign; multi-response",,https://www.censoecuador.gob.ec/,2010 (same question),,reported,"Asks languages spoken (multi, age 1+), so no single first language; a person speaking Kichwa and Spanish counts in both. 3.9% speak an indigenous language. INEC REDATAM and ANDA return 403 to non-browser clients (2026-10-04)."
B,KHM,Cambodia,east_se_asia_oceania,17.64,mother_tongue,2019,national in the final report (Table 2.7.1); province tables not seen,1,pdf,"Khmer, Vietnamese, Chinese, Lao, Thai, other foreign, 'minority languages' (indigenous lumped) - 7",,https://www.nis.gov.kh/,2008 and 1998 censuses asked mother tongue; IPUMS 1998-2019 samples with district geography (gated),IPUMS-I Cambodia microdata (district); CSES surveys,checked,"Final report (cached religiondots/data/raw/kh/kh_gpcc2019_final_en.pdf) p53: asked of all persons; Khmer 95.8%, minority languages 2.9%. Province-level mother-tongue tables may be in provincial reports or the 2008 analytical reports; not found. NIS publishes religion only at province (religiondots kh.md)."
B,GIN,Guinea,africa_west_central,14.75,main_language,2014,prefecture proportions via CLEAR Global (from IPUMS 10% sample),34,open_table,"22 languages (Pular, Maninka, Susu, Kissi, Kpelle, Toma, ...) as CLEAR maps them",CC BY-SA (CLEAR derivative),https://data.humdata.org/dataset/guinea-languages,"1983, 1996 (IPUMS LANGGN = languages of literacy only)",Afrobarometer R9/R10 home language by region,checked,"IPUMS LANGGN2 'main national language spoken' (age 3+), 2014 only. Official INS tables by language not located. CLEAR proportions derive from gated IPUMS microdata - redistribution terms worth checking before reuse."
B,TJK,Tajikistan,south_central_asia,10.59,native_language,2020,unknown (Volume III not online),,none,nationality + native language + other languages asked,CC BY 4.0 (site footer),https://www.stat.tj/en/population-and-housing-census/,2010 (Volume III national composition and language),2010 census Volume III; ethnicity by district from 2010,checked,"stat.tj census page (fetched 2026-10-03) lists 10 volumes; Volume III 'National composition, language proficiency and citizenship' has a heading but no linked tables, while volumes I, II, IV-X have per-table PDFs. Uzbek-speaking population (~11% ethnic Uzbek) and Pamiri languages (counted as Tajik) are the interest; Pamiri languages are almost certainly not separated."
B,AUT,Austria,europe,9.18,none,2021,,,none,,,https://www.statistik.at/,"2001 Umgangssprache (colloquial language) by municipality, ~2,359 Gemeinden, incl. combinations like German+Slovene",Microcensus has no language item; 2001 census is the standing source,reported,"Register-based censuses 2011 and 2021 carry no language. 2001 'Umgangssprache' is everyday language, not mother tongue; allowed combined answers (e.g. German and Croatian) and 'Windisch'. 2001 tables published by Gemeinde."
B,BLR,Belarus,europe,9.13,native_language,2019,oblast + Minsk city (checked); raion likely in census.belstat.gov.by portal,7,pdf,"5-6: Belarusian, Russian, Polish, Ukrainian, other",,https://www.belstat.gov.by/upload/iblock/471/471b4693ab545e3c40d206338ff4ec9e.pdf,,,checked,"Asks BOTH native language (54% Belarusian) and language usually spoken at home (26% Belarusian, 71% Russian): the classic identity-vs-use gap. Home language is the better first-language proxy here. Raion-level portal is a JS app, not inspected."
B,SLE,Sierra Leone,africa_west_central,8.64,home_language,2015,district proportions via CLEAR Global (from IPUMS sample),16,open_table,"~19: Temne, Mende, Krio, Limba, Kono, Kuranko, Susu, Fula, Loko, Sherbro, Kissi, Vai, Krim, Yalunka, Mandinka, English, Arabic, French",CC BY-SA (CLEAR derivative),https://data.humdata.org/dataset/sierra-leone-languages,,Stats SL thematic reports (not checked); Afrobarometer home language by region,checked,"2015 PHC code list: P09 ethnicity, P10 primary language ('main language NAME speaks'), P11 secondary language, one shared code list (https://www.statistics.sl/images/StatisticsSL/Documents/Census/2015/Census_2015_tools/2015-slphc_codes_list_web.pdf). IPUMS ETHNICSL 2004, 2015. Official district tables not located; 2021 mid-term census content unknown."
B,TKM,Turkmenistan,south_central_asia,7.49,native_language,2022,velayat (5 + Ashgabat + Arkadag),7,pdf,"mother tongue columns: Turkmen, Russian, Ukrainian, Uzbek, Kazakh, Tatar, Armenian, Azerbaijani, Baloch, other; crossed with ~40 nationalities",,https://www.stat.gov.tm/population-census-pdfs/results/en/4.pdf,1995,,checked,"Surprise: volume 4 'National composition of the population and language proficiency' (English PDF, 61 pp) is public, with nationality x mother tongue per velayat (tables 4.15-4.29) and knowledge of other languages. Only velayat level; etrap level not seen. Results officially show 86.7% Turkmen; figures from an opaque state, treat with caution."
B,PRY,Paraguay,americas,6.93,languages_spoken,2022,district,263,microdata_server,"yes/no each: Guaraní, Castellano, Portugués, Alemán, Inglés, Francés, indigenous language, other",,https://prod.redatam.org/binpry/RpWebEngine.exe/Portal?BASE=CPV2022,"2002: language spoken most of the time at home (IPUMS LANGPY 1962, 1982, 2002)",,checked,"2022 person variables have no 'most used' language, so Guaraní/Spanish bilinguals cannot be split. 2002's home-language question is the better first-language source. A separate indigenous census exists (filter in REDATAM). Household-level variables were not checked for a home-language item."
B,SLV,El Salvador,americas,6.34,languages_spoken,2024,national (as reported so far),,pdf,"other languages spoken besides Spanish (write-in); Náhuat 1,135 speakers",,https://es.wikipedia.org/wiki/Censo_salvadore%C3%B1o_de_2024,"2007 (REDATAM at onec.bcr.gob.sv, not probed)",,reported,"2024 asks '¿Habla otro idioma aparte del español? ¿Cuáles?' plus indigenous/Afro self-identification (68,148 indigenous). Spanish is effectively universal; the map would be all Spanish."
B,IRL,Ireland,europe,5.4,ability_minority,2022,"small area for Irish (18,919); other home languages county-level",18919,open_table,"Irish ability + daily speaking; other home languages ~top 20 (Polish, Romanian, French, Lithuanian etc.)",CC BY 4.0,https://www.cso.ie/en/census/census2022/census2022smallareapopulationstatistics/,,,reported,No first-language question. Asks Irish ability/frequency and 'do you speak a language other than English or Irish at home' (write-in). SAPS Theme 3 = Irish at small area; the named foreign languages are county/state level (not checked).
B,NZL,New Zealand,east_se_asia_oceania,5.29,languages_spoken,2023,SA2 (Aotearoa Data Explorer); meshblock-level counts for main languages possible,2300,open_table,"multi-response 'languages you can have a conversation about everyday things in': English, Maori, Samoan, NZ Sign, Hindi, Northern Chinese, Yue, Tongan... (~100+ at level 3)",CC BY 4.0,https://explore.data.stats.govt.nz/,"2018, 2013 same item",,reported,"No single first language: a person reports every language they can converse in, so counts sum above the population and English is near-universal. For a first-language map you would have to assign each person one language (e.g. non-English if present). religiondots nz.md lists CEN23_* tables at SA2."
B,GNB,Guinea-Bissau,africa_west_central,2.2,languages_spoken,2009,national (by ethnicity x sex x urban/rural); ethnicity by region,9,pdf,"~20 ethnic languages + Crioulo + Portuguese, multi-response; plus 'considers own ethnic dialect as main'",,https://stat-guinebissau.com/Menu_principal/IV_RGPH/rgph1/caracteristicas_socio_cultural.pdf,,Ethnicity by region (annex Quadro 2) + ethnicity-to-language crosswalk; Afrobarometer (Guinea-Bissau surveyed),checked,"RGPH 2009 socio-cultural report: Quadros 6-8A 'línguas faladas por etnia' (multi-response; Crioulo 90.4%, Portuguese 27.1%); Gráficos 5-7 share of each ethnic group whose own dialect is main. No language-by-region table found; ethnicity by region exists. Only Guinean nationals tabulated."
B,SVN,Slovenia,europe,2.13,none,2021,,,none,,,https://www.stat.si/,2002 mother tongue by municipality (193),,reported,Register-based censuses since 2011 have no language. 2002 is the last count; Hungarian and Italian minority areas are legally fixed.
B,LVA,Latvia,europe,1.87,none,2021,,,none,,,https://stat.gov.lv/en/statistics-themes/education/level-education/press-releases/21052-mother-tongue-and-language-used,"2011 language mostly spoken at home, by municipality (~119); 2000 mother tongue","Adult Education Survey 2022 (home language, national); ethnicity in population register",reported,"2021 census was administrative-data-based and collected no language (CSB, search 2026-10-03). 2011 home language is the last small-area source; Latgalian counted separately in 2011."
B,TLS,Timor-Leste,east_se_asia_oceania,1.4,mother_tongue,2022,"municipality, perhaps administrative post (not verified)",14,pdf,"mother tongue: Tetum, Mambai, Makasae, Tetum-Terik, Baikenu, Kemak, Bunak, Tokodede, Fataluku, Waima'a, Galoli, Naueti, Idalaka, Makalero, Portuguese, Indonesian, English, other (~30)",,https://inetl-ip.gov.tl/,2010 and 2015 asked mother tongue; 2010 vol 3 had it by district and sub-district (from memory),,guess,"Not checked this sweep. religiondots tl.md: 2022 main report has almost no sub-national geography, municipality yearbooks carry some tables; a REDATAM server at 20.6.104.113 was offline in Sept 2026 and would give suco level if it came back."
B,CYP,Cyprus,europe,1.36,native_language,2021,district (guess; government-controlled areas only),5,open_table,"~20 write-in: Greek, English, Romanian, Russian, Bulgarian, Arabic, Georgian etc.",,https://www.census2021.cystat.gov.cy/images/Census%202021%20QST-EN_.pdf,2011 (similar),Northern Cyprus: TRNC censuses (2011) have no language question as far as known; Turkish-speaking is a safe assumption,checked,"2021 questionnaire Q11: (a) languages spoken fluently, (b) native language. Tables in CYSTAT-DB; finest level not verified. Covers only the Republic-controlled south."
B,SLB,Solomon Islands,east_se_asia_oceania,0.82,mother_tongue,2019,national per language (Table 9.6.1-9.6.3); Pidgin-as-first-language share by province (figure only),1,pdf,"first language learnt as a child, ~70 local languages named in tables (Kwara'ae 50,506, Are'are, Lau, Kwaio, Gela, Lengo, Roviana ...) + Pidgin",,https://www.statistics.gov.sb/,1999 and 1976 asked first language (not 2009),"each language is local to one province/island, so national counts + language area polygons (Glottolog) would place most dots; microdata on SPC Pacific Data Hub microdata library (application)",checked,"2019 national report vol 1 (cached religiondots/data/raw/sb) section 9.6: 'What is the first language this person learnt as a child?', age 5+. Pidgin 101,588 (16.1%), 47% in Honiara. Literacy by language by province (English/Pidgin/local/other) in vol 2 P9.8."
B,MAC,Macau,east_se_asia_oceania,0.69,home_language,2021,unknown (probably statistical zone or parish); territory-wide figures seen,,open_table,"usual language: Cantonese, Putonghua, other Chinese dialects (Hokkien etc.), Portuguese, English, Tagalog, other",,https://www.dsec.gov.mo/,"2016 by-census, 2011 census same item",,reported,"2021: 81% Cantonese, 4.7% Putonghua, 5.4% other Chinese dialects (age 3+), from a secondary source. Did not reach DSEC's detailed tables; one search 2026-10-03."
B,SUR,Suriname,americas,0.63,home_language,2012,district (published),10,pdf,"Dutch, Sranantongo, Sarnami, Javanese, Maroon languages, Amerindian, Chinese, English, Portuguese, other",,https://statistics-suriname.org/the-census/,,,reported,"Household-level item ('language spoken in the household', IHSN catalog 6950), main and second. The REDATAM base on prod.redatam.org/binsur (PHC2012S) is a sample with ethnicity but no language variable. Results volumes have national and per-district tables; ressort (62) level not seen."
B,BRN,Brunei,east_se_asia_oceania,0.46,home_language,2021,unknown; not in the cached A-C annex tables,,pdf,"language mainly spoken at home (one answer): Malay, English, Chinese, Arabic, other (5)",,https://deps.mofe.gov.bn/,,ethnicity (Malay/Chinese/other) by district/mukim,checked,"Questionnaire item E27 seen (cached religiondots/data/raw/bn/bpp2021_questionnaire.pdf). Five categories lump Brunei Malay, Kedayan, Dusun, Iban, Murut into 'Malay'/'other'."
B,BLZ,Belize,americas,0.42,languages_spoken,2022,district (published),6,pdf,"~10 (English, Spanish, Kriol, Q'eqchi', Mopan, Yucatec, Garifuna, German, Chinese, Hindi)",,https://sib.org.bz/census/,,,reported,"Multi-response 'languages spoken', no single first language; district summaries lump Mayan. 2010 census also on REDATAM (redatam.sib.org.bz, BELIZECENSUS_2010) but the portal redirects and did not parse 2026-10-04; it may give finer units. Figures via Wikipedia district pages citing SIB 2022."
B,NCL,New Caledonia,east_se_asia_oceania,0.29,languages_spoken,2019,"commune (ISEE atlas/tables), from secondary sources",33,open_table,"speaks / understands a Kanak language, naming 28-29 Kanak languages (Drehu, Nengone, Paici, Xaracuu, Ajie, Iaai...); age 15+",,https://www.isee.nc/population/recensement,2009 and 2014 censuses same item,"ethnic community (communaute d'appartenance) by commune, cached as religiondots/data/raw/nc/rp-population-communautes.xls",reported,"Asks Kanak-language ability (multi-response, speak vs understand), not a first language; French assumed for everyone. 2019: ~76,000 speakers 15+, Drehu 15,900, Nengone 9,400, Paici 6,500. No question on Wallisian, Tahitian, Vietnamese etc. (guess)."
B,STP,São Tomé and Príncipe,africa_west_central,0.24,languages_spoken,2012,national (district split unclear),1,pdf,"Portuguese 98.4%, Forro 36.2%, Kabuverdianu 7.9%, Angolar 6.6%, Lung'ie 1.0% (multi-response)",,https://ine.st,,Afrobarometer R10 (2024),reported,"Figures from secondary sources citing RGPH 2012; Lung'ie speakers given per island, so some sub-national tables exist. Multi-response, no single first language."
B,SXM,Sint Maarten,americas,0.04,home_language,2011,,,,"English, Spanish, Dutch, Papiamento, Haitian Creole...",,,,,guess,Dutch-Caribbean censuses usually ask home language. Not searched.
B,PLW,Palau,east_se_asia_oceania,0.02,home_language,2020,state (guess),16,pdf,"Palauan, English, Filipino/Tagalog, Chinese, Sonsorolese/Tobian, other (guess)",,https://www.palaugov.pw/executive-branch/ministries/finance/budgetandplanning/census-of-population-and-housing/,,,guess,Not checked. US-style census questionnaires usually include language spoken at home; large Filipino worker population.
B,BES,"Caribbean Netherlands (Bonaire, Sint Eustatius, Saba)",americas,0.0,home_language,2001,island,3,,"Papiamentu (Bonaire), English (Statia, Saba), Spanish, Dutch",,https://www.cbs.nl/,,CBS (Netherlands) Omnibus surveys report home language by island,guess,Not searched.
B,ESH,Western Sahara,mena,0.0,languages_spoken,2024,"commune (via Morocco RGPH 2024, regions Laayoune-Sakia El Hamra and Dakhla-Oued Ed-Dahab)",35,open_table,same 5 varieties as Morocco; Hassania is the relevant one,,https://www.hcp.ma/file/242671/,Spanish Sahara census 1974 (tribe/population; language not checked),none for the Polisario-held strip or the Tindouf camps (in Algeria),reported,Covered only as part of Morocco's census; the regions are present in the commune workbook but I did not count Western Sahara communes individually (n_units approximate). Territorial status disputed: a map should say the figures are Moroccan census figures. Sahrawi refugee camps near Tindouf are outside any census here.
C,JPN,Japan,east_se_asia_oceania,123.98,none,2020,,,none,,,https://www.stat.go.jp/english/data/kokusei/2020/index.html,,"nationality question (by municipality, open e-Stat) as a crosswalk for foreign residents only; Ainu and Ryukyuan languages not counted anywhere official",guess,"Census asks nationality, not language or ethnicity. Not re-checked this sweep."
C,EGY,Egypt,mena,116.54,none,2017,,,none,,,https://international.ipums.org/international/enum_materials.shtml,"1960 census reported a Nubian count (99,000); unclear whether from a language item, 1947/1960 not checked",Arab Barometer first language with governorate; Afrobarometer Egypt home language,reported,"IPUMS-I has Egypt 1986/1996/2006 samples but no Egypt language variable in its ethnicity-and-language group (checked 2026-10-03). 2006 form (IPUMS) is a scanned image, not read; CAPMAS censusinfo site did not resolve. Nubian, Siwi (Berber), Beja, Domari minorities have no census figures."
C,KOR,South Korea,east_se_asia_oceania,51.75,none,2020,,,none,,,https://kosis.kr/,,"foreign residents by nationality by si/gun/gu (KOSIS, open); Jeju language not counted",guess,Register-based census; nationality only. Not re-checked this sweep.
C,YEM,Yemen,mena,40.58,none,2004,,,none,,,,,"Arab Barometer Yemen first language (Mehri, Soqotri would be 'other')",guess,Not in IPUMS. Mehri and Soqotri (Modern South Arabian) speakers have no census figures. Not searched separately.
C,MDG,Madagascar,africa_east_south,31.96,none,2018,,,none,,,https://en.wikipedia.org/wiki/Languages_of_Madagascar,,Malagasy universal; dialect regions could be proxied from region/ethnic homelands; Afrobarometer home language by region,guess,Wikipedia cites no census language/ethnicity data. Not in IPUMS group lists. RGPH-3 2018 questionnaire not checked.
C,PRK,North Korea,east_se_asia_oceania,26.5,none,2008,,,none,,,https://unstats.un.org/unsd/demographic-social/census/,,,guess,2008 census (UNFPA-supported) had no language or ethnicity item as far as known; effectively monolingual Korean.
C,SOM,Somalia,africa_east_south,19.01,none,,,,none,,,https://data.humdata.org/dataset/somalia-subnational-boundaries-and-tabular-data,1975 census (published); 1986-87 census never published,Population Estimation Survey of Somalia (PESS 2014) has no language item as far as known; Maay vs Maxaa dialect zones from linguistic literature,guess,No usable census. USCB HDX Somalia dataset exists but its notes mention no language/ethnicity (checked 2026-10-03 via CKAN list). Clan is the salient identity and is not enumerated.
C,RWA,Rwanda,africa_east_south,14.26,languages_spoken,2022,district (guess),30,pdf,"4 languages: Kinyarwanda, English, French, Swahili (literacy, multi-response)",,https://en.wikipedia.org/wiki/Languages_of_Rwanda,,none needed: Kinyarwanda is near-universal first language,reported,"RPHC5 2022 asks literacy by language for 15+ (Education Thematic Report 'Literacy and Language'), not first language. IPUMS LANGRW = foreign language spoken 1991/2002. For a first-language map Rwanda is effectively one dot colour."
C,BDI,Burundi,africa_east_south,14.05,unknown,2008,,,none,,,https://en.wikipedia.org/wiki/Languages_of_Burundi,,none needed: Kirundi ~98% (Laval estimate); Afrobarometer Burundi R6 2014 home language,guess,Burundi not in IPUMS ethnicity/language group. Wikipedia cites no census figure. 2008 RGPH questionnaire not checked. Effectively monolingual Kirundi.
C,TUN,Tunisia,mena,12.28,none,2024,,,none,literacy languages only (read/write) in 2014,,https://www.congres-mondial-amazigh.org/2025/03/17/la-situation-en-tunisie/,,Afrobarometer home language with governorate (Berber tiny); Arab Barometer first language; MICS6 2018 HH16 respondent mother tongue but codes only French / Arabic / other,reported,"Congres Mondial Amazigh reports the 2024 questionnaire has no Amazigh/language question; 2014 census had languages read and written (education volume) but no spoken-language item. MICS6 2018 questionnaire checked (HH16, interview metadata, codes French/Arabic/other). Berber speakers ~1% so a dot map would be near-uniform Arabic anyway."
C,HTI,Haiti,americas,11.77,none,2003,,,none,,,,,,guess,Kreyòl is universal (French a second language for a minority); a first-language map would be uniform. Not searched.
C,JOR,Jordan,mena,11.55,none,2015,,,none,"nationality only (Jordanian, Syrian, Egyptian, Iraqi, other)",,http://dosweb.dos.gov.jo/censuses/population_housing/census2015/census2015_tables/,,"nationality crosswalk: 2015 Table 3.1 population by nationality and administrative divisions (governorate, possibly district); Arab Barometer first language (Circassian, Chechen, Armenian would be 'other')",checked,"2004 census form (IPUMS) checked 2026-10-03: religion and nationality, no language item. 2015 table catalogue lists no language tables. Nationality is a weak language proxy (Syrians, Egyptians, Iraqis are Arabic speakers; Asian migrant workers are the language-relevant group)."
C,DOM,Dominican Republic,americas,11.43,none,2010,,,none,,,https://redatam.one.gob.do/bindom/RpWebEngine.exe/Portal?BASE=CPV2010,,birthplace Haiti by municipality (census) as a Haitian Creole proxy; ENI-2017 immigrant survey,checked,2010 REDATAM dictionary (2026-10-04) has no language item. 2022 census questionnaire not verified; one search found nothing on a language question.
C,CUB,Cuba,americas,10.98,none,2012,,,none,,,http://redatam.onei.gob.cu/,,,guess,"Spanish universal. ONEI REDATAM lists projections and vital statistics, no census base. 2022 census postponed."
C,PRT,Portugal,europe,10.69,none,2021,,,none,,,https://www.ine.pt/,,INE ICOVI 2023 survey (origins and trajectories) may have language; Mirandese only via local studies,guess,No census language question. Not searched.
C,LBN,Lebanon,mena,5.81,none,1932,,,none,,,,,"Arab Barometer waves III-IV 'first language' with governorate (Armenian is a listed code); LFHLCS 2018-19 nationality (Syrian, Palestinian) by governorate",guess,No census since 1932 (religion only). Armenian and Kurdish minorities and ~1.5M Syrian refugees (Arabic) have no census figures. Not searched separately.
C,PSE,Palestine,mena,5.29,none,2017,,,none,,,https://international.ipums.org/international/resources/enum_materials_pdf/enum_form_ps2017a.pdf,,Arab Barometer first language; practically all Arabic. Israeli settlers in the West Bank are in Israel's CBS figures,checked,"2017 census form (IPUMS English version) checked 2026-10-03: religion, refugee status, nationality, no language item. IPUMS has no Palestine language variable (1997/2007/2017)."
C,JAM,Jamaica,americas,2.84,none,2011,,,none,,,https://redatam.statinja.gov.jm:8191,,,guess,English/Patois continuum not measured. STATIN REDATAM 2011 exists but its root URL did not parse 2026-10-04.
C,LSO,Lesotho,africa_east_south,2.34,none,2016,,,none,,,,,none needed: Sesotho near-universal; Afrobarometer home language by district (10),guess,IPUMS Lesotho 1996/2006: no language or ethnicity variable. 2016 questionnaire not checked.
C,SWZ,Eswatini,africa_east_south,1.24,none,2017,,,none,,,https://en.wikipedia.org/wiki/Languages_of_Eswatini,,none needed: siSwati ~95%; Afrobarometer home language by region (4),guess,"Wikipedia cites only Ethnologue (1993 figures), no census. Not in IPUMS. 2017 questionnaire not checked."
C,COM,Comoros,africa_east_south,0.87,none,2017,,,none,,,https://en.wikipedia.org/wiki/Languages_of_the_Comoros,,"Island = dialect (Shingazidja, Shindzuani, Shimwali; 3 islands); Afrobarometer 2025: 89.9% Shikomori, 9.9% French at home",guess,"Wikipedia cites Afrobarometer and OIF only, no census. RGPH 2017 questionnaire not checked."
C,MDV,Maldives,south_central_asia,0.53,none,2022,,,none,none; Dhivehi near-universal among citizens,,https://statisticsmaldives.gov.mv/,,"Nationality of resident foreigners (Bangladeshi, Indian etc. workers) by atoll as a proxy for non-Dhivehi speakers",guess,"Not checked; spent no searches. Population is citizen Dhivehi speakers plus a large migrant-worker share; the census does tabulate foreigners by nationality, which is the only useful split."
C,CPV,Cape Verde,africa_west_central,0.52,unknown,2021,,,none,,,https://ine.cv,,Afrobarometer; CLEAR Global cabo-verde-languages (Afrobarometer-based),guess,"One search for a 2021 census language question found nothing. Kabuverdianu is near-universal as first language, so a census split would add little."
C,BHS,Bahamas,americas,0.4,none,2022,,,none,,,,,birthplace/nationality Haiti as a Haitian Creole proxy,guess,Not searched.
C,ISL,Iceland,europe,0.39,none,2021,,,none,,,https://statice.is/,,Register: citizenship and country of birth by municipality,guess,2021 register-based census; no language variable known. Not searched.
C,BRB,Barbados,americas,0.28,none,2021,,,none,,,,,,guess,English universal. Not searched.
C,WSM,Samoa,east_se_asia_oceania,0.22,unknown,2021,,,none,,,https://www.sbs.gov.ws/,,effectively all Samoan-speaking,guess,"2021 census Excel tables (49 sheets, cached religiondots/data/raw/ws) scanned 2026-10-03: no language or ethnicity table, only citizenship. Questionnaire not seen."
C,KIR,Kiribati,east_se_asia_oceania,0.13,ability_minority,2020,island (if tabulated); not seen,,pdf,'Does X speak English at home?' yes/no only,,https://nso.gov.ki/,,effectively all Gilbertese; Tuvaluan on Kioa is in Fiji not here,checked,2020 census report questionnaire module D (cached religiondots/data/raw/ki/census_report_2020.pdf p140): D9 'Does %name% speak English at home?' plus literacy in any language. No Kiribati/other language item.
C,GRD,Grenada,americas,0.12,none,2011,,,none,,,,,,guess,Not searched.
C,VCT,Saint Vincent and the Grenadines,americas,0.1,none,2012,,,none,,,https://redatam.org/es/procesar-en-linea/caribe/san-vicente-y-las-granadinas,,,guess,"REDATAM 2001/2012 exist, not probed."
C,TON,Tonga,east_se_asia_oceania,0.1,unknown,2021,,,none,,,https://tongastats.gov.to/,,effectively all Tongan-speaking (Niuafo'ou on one island),guess,Not checked; only a religion workbook is cached. Earlier censuses reportedly asked languages spoken (unverified).
C,ATG,Antigua and Barbuda,americas,0.09,none,2011,,,none,,,https://redatam.org/es/procesar-en-linea/caribe/antigua-y-barbuda,,,guess,"REDATAM 2011 exists, not probed. English universal."
C,AND,Andorra,europe,0.08,none,,national only,,none,,,https://www.estadistica.ad/,,"Govern d'Andorra survey 'Coneixements i usos lingüístics de la població' (periodic, latest ~2018), national level; register has nationality only",guess,No census (population register). Not searched; from general knowledge. Nationality (Andorran/Spanish/Portuguese/French) is a usable proxy.
C,DMA,Dominica,americas,0.07,none,2011,,,none,,,,,,guess,"Kwéyòl widely spoken but, as far as known, not asked. Not searched."
C,CYM,Cayman Islands,americas,0.07,unknown,2021,,,,,,https://redatam.org/es/procesar-en-linea/caribe/islas-caiman,,,guess,"REDATAM 2010 exists, not probed. English dominant; Spanish among migrants."
C,GRL,Greenland,americas,0.06,none,,,,none,,,https://bank.stat.gl/,,"Statistics Greenland Statbank: population by birthplace (born in Greenland vs Denmark/abroad) by town and settlement, a fair proxy for Kalaallisut vs Danish",guess,"Register-based statistics, no census since 1976-era counts; no language item known. Not searched (budget)."
C,BMU,Bermuda,americas,0.06,none,2016,,,none,,,,,,guess,Not searched.
C,KNA,Saint Kitts and Nevis,americas,0.05,none,2011,,,none,,,,,,guess,Not searched.
C,TCA,Turks and Caicos Islands,americas,0.05,none,2012,,,none,,,,,birthplace Haiti as Haitian Creole proxy,guess,Not searched.
C,VGB,British Virgin Islands,americas,0.04,none,2010,,,none,,,,,,guess,Not searched.
C,MHL,Marshall Islands,east_se_asia_oceania,0.04,unknown,2021,,,none,,,https://www.spc.int/,2011 census possibly asked language (unverified),effectively all Marshallese,guess,Not checked.
C,MCO,Monaco,europe,0.04,none,,,,none,,,https://www.monacostatistics.mc/,,Nationality,guess,"Quick row; not searched. Census (2016) reports nationality, no language known."
C,SMR,San Marino,europe,0.03,none,,,,none,,,https://www.statistica.sm/,,,guess,Quick row; not searched. Italian-speaking microstate.
C,TUV,Tuvalu,east_se_asia_oceania,0.01,unknown,2022,,,none,,,https://stats.gov.tv/,,"island of residence: Nui speaks a Kiribati-derived language, the rest Tuvaluan",guess,Not checked.
C,MSR,Montserrat,americas,0.0,unknown,2018,,,,,,https://redatam.org/es/procesar-en-linea/caribe/montserrat,,,guess,"REDATAM 2011/2018 exist, not probed."
C,AIA,Anguilla,americas,0.0,none,2011,,,none,,,,,,guess,Not searched.
C,GLP,Guadeloupe,americas,0.0,none,2021,,,none,,,https://www.insee.fr/,,"INSEE birthplace by commune (open); INSEE/INED 'Migrations, famille et vieillissement' survey 2009-10 has language at home by département",guess,French census never asks language. Kréyòl near-universal alongside French.
C,MTQ,Martinique,americas,0.0,none,2021,,,none,,,https://www.insee.fr/,,as Guadeloupe,guess,French census never asks language.
C,VAT,Vatican City,europe,0.0,none,,,,none,,,,,,guess,Quick row; no census.
D,CHN,China,east_se_asia_oceania,1408.97,ethnicity_only,2020,"county (provincial 2020 census yearbooks, table 1-4: county x 56 nationalities; only ~16 provinces open); 2000 census county table for all provinces",2850,open_table,56 official minzu + undetermined + naturalised; Han not split (no Mandarin/Wu/Yue/Min/Hakka distinction),,https://dataverse.harvard.edu/dataset.xhtml?persistentId=doi:10.7910/DVN/QPUONU,no PRC census has asked language or dialect,"Han dialect groups: Language Atlas of China coded to 1990 county units (Lavely & Berman, Harvard Dataverse doi:10.7910/DVN/QPUONU, GIS zip unrestricted download, non-commercial academic use only, commercial use needs licence from the Skinner estate); also github.com/dan-qqq/Chinese_dialect_distance (all county-level units classified to dialect group/subgroup/cluster from LAC 2012 + Chinese Dialect Dictionary 1991, no licence stated, author warns of errors). Minority languages via minzu crosswalk.",checked,"Dialect zones are one label per county (a zone map, not counts); a dot map would assign every Han person in a county to that county's dialect group, which fails for migrant-heavy cities (Shenzhen, Shanghai). maps/chinaethnicity already holds 2020 county tables for 16 provinces + 2000-pattern estimates for 15. Minzu is identity, not language: Manchu, Hui, most Tujia and She speak Chinese varieties. CGSS asks Mandarin/dialect ability but not which dialect group (guess, not verified); CFPS refused (see memory). Dataverse metadata read via API 2026-10-03."
D,BGD,Bangladesh,south_central_asia,173.56,ethnicity_only,2022,"union (district reports, ethnic population tables)",4500,pdf,"~50 ethnic groups (Chakma, Marma, Tripura, Santal, Garo...); everyone else implicitly Bengali",,https://bbs.gov.bd/site/page/2888a55d-d686-4736-bad0-54b70462afda/,,"Ethnic group -> language crosswalk (Chakma, Marma etc. map almost 1:1 to languages); Bengali for the remainder; Urdu-speaking 'Bihari' camps not separately counted",reported,"No language item seen; 2022 district reports (e.g. Rangamati, June 2024) carry ethnic population down to union level per Wikipedia upazila articles citing them. Did not open the questionnaire. IPUMS Bangladesh samples have no LANG. Nationally ~99% Bengali, so the map is mostly one colour; the interest is the Chittagong Hill Tracts and northern belt."
D,PHL,Philippines,east_se_asia_oceania,115.84,ethnicity_only,2020,province / highly urbanised city (census tabulation tier),116,uscb_hdx,"~290 ethnic groups, largely ethnolinguistic (Tagalog, Cebuano, Ilocano, Hiligaynon, Bikol, Waray, Kapampangan ... plus many indigenous peoples)","US federal work, public on HDX",https://data.humdata.org/dataset/philippines-subnational-population-and-housing-data-tables,1990 census asked mother tongue (IPUMS MTONGPH) and home language (LANGPH); 2000 and 2010 ethnicity,ethnicity -> language crosswalk is near-identity in the Philippines; IPUMS 1990 microdata (gated),checked,"Layer PH_ETHNICITY_2020census_uscb_202402 in the USCB gdb (cached religiondots/data/raw/ph): 134 rows x 292 columns (ETH_*), national + 17 regions + 116 provinces/HUCs. Ethnicity 'by blood', so Manila migrants keep their home group; IPUMS says ETHNICPH and MTONGPH are 'likely comparable'. Province is coarse but the categories are the richest in the region."
D,VNM,Vietnam,east_se_asia_oceania,100.99,ethnicity_only,2019,province,63,pdf,54 official ethnic groups,,https://www.gso.gov.vn/,"1999 census asked mother tongue? (not verified); 1989/1999/2019 ethnicity in IPUMS (ETHNICVN, 2009 sample lumps all non-Kinh)","ethnicity -> language crosswalk is close (Tay, Thai, Muong, Khmer, Hmong, Nung, Hoa = distinct languages); IPUMS 2019 sample with district geography (gated)",reported,'Ket qua toan bo 2019' (cached religiondots/data/raw/vn) gives a full province x 54-group table over ~167 pages (religiondots vn.md). No language question found. Hoa (Chinese) not split by variety.
D,KEN,Kenya,africa_east_south,56.43,ethnicity_only,2019,national only,1,pdf,~45 ethnic groups plus sub-groups and nationalities (Table 2.31),,https://www.knbs.or.ke/wp-content/uploads/2023/09/2019-Kenya-population-and-Housing-Census-Volume-4-Distribution-of-Population-by-Socio-Economic-Characteristics.pdf,1979 and 1989 censuses published ethnicity by district (~41-47 districts),1989 district ethnicity tables + ethnicity-language crosswalk; Afrobarometer home language by county; IPUMS Kenya has no ethnicity variable,checked,"Vol IV 2019 (PDF read 2026-10-03): ethnicity only at national level (Table 2.31, pp. 436-437); no language question. Ethnic statistics were published at district level until 1989, national only since (politically sensitive). openAFRICA copy of the ethnicity CSV is behind Cloudflare."
D,MMR,Myanmar,east_se_asia_oceania,54.5,ethnicity_only,2018,"township (GAD 2018 Township Profiles, admin records, not census)",330,uscb_hdx,"33 named ethnic groups + foreign + other (Burmese, Karen, Shan, Rakhine, Mon, Chin, Pa'o, Kachin, Palaung, Danu, Lahu, Kayah, Naga, Kokang, Intha, Wa, Akha ...)",CC BY (HDX listing),https://data.humdata.org/dataset/burma-subnational-boundaries-and-tabular-data,2014 census asked ethnicity (135 codes) but the ethnicity results were never released; no language question,this GAD layer; MIMU township profiles directly,checked,"USCB workbook sheet 'Ethnicity' (MM_ETHNICITY_2018record_uscb_202003), boundaries in the same gdb, national/state/district/township rows. Totals 47.8M. Politically loaded: Rohingya absent as a category (inside 'other'/'foreign'), Chinese only 5,638 nationally (clearly undercounted, GAD counts citizens' recorded race). Administrative records, not self-report."
D,UGA,Uganda,africa_east_south,50.02,ethnicity_only,2024,national only,1,pdf,66 ethnic groups ('tribes') in the 2024 final report,,https://www.ubos.org/uganda-bureau-of-statistics-2024-the-national-population-and-housing-census-2024-final-report-volume-i-main/,"2014 (ethnicity, national only, Main Report Appendix A8); IPUMS ETHNICUG 1991/2002/2014 microdata (gated) has district",IPUMS microdata (gated) for district-level ethnicity; Afrobarometer home language by region,reported,2024 sub-region profiles (Bukedi profile PDF read 2026-10-03) tabulate down to parish but carry no ethnicity table. Press (Daily Monitor) reports 66 tribes nationally in the December 2024 final report and corrections to tribe figures after the October release. No language question found.
D,MYS,Malaysia,east_se_asia_oceania,35.56,ethnicity_only,2020,district (4 broad groups) and mukim; ~20 sub-ethnic groups at state only,160,open_table,"state tables: Malay, Orang Asli (Negrito/Senoi/Proto-Malay), Kadazan-Dusun, Bajau, Murut, other Sabah, Iban, Bidayuh, Melanau, other Sarawak, Chinese, Indian, other, non-citizens",OpenDOSM CC BY 4.0 (for district data),https://open.dosm.gov.my/,1970/1980 censuses had Chinese dialect groups (IPUMS ETHNICMY); 2010 also listed Chinese subgroups (not verified),ethnicity crosswalk; Chinese varieties (Hokkien/Hakka/Cantonese/Teochew) not recoverable from 2020 tables,checked,State workbooks 'JADUAL 1 HINGGA 16' (cached religiondots/data/raw/my) Table 5 'sub-ethnic group' by state. District/mukim tables carry the 4 broad groups only. Non-citizens (8% in Selangor) have no ethnicity.
D,GHA,Ghana,africa_west_central,34.43,ethnicity_only,2021,region (Vol 3C); district not checked,16,pdf,"ethnic groups (Akan, Mole-Dagbani, Ewe, Ga-Dangme, ... with subgroups)",,https://census2021.statsghana.gov.gh/gssmain/fileUpload/reportthemelist/2021%20PHC%20General%20Report%20Vol%203C_Background%20Characteristics_181121.pdf,"2010, 2000 (IPUMS ETHNICGH)",Afrobarometer home language by region (n~2400); CLEAR Global ghana-languages (Afrobarometer-based); ethnicity + crosswalk,reported,"2021 PHC language content is literacy in English/Ghanaian languages (Vol 3D), not a first language. Vol 3C download timed out / 404 on 2026-10-03. GSS microdata catalog (microdata.statsghana.gov.gh) exists."
D,LKA,Sri Lanka,south_central_asia,21.92,ethnicity_only,2024,Grama Niladhari division,14000,open_table,"ethnicity: Sinhalese, Sri Lankan Tamil, Indian Tamil, Sri Lanka Moor, Burgher, Malay, Chetty, Bharatha, other",,https://www.statistics.gov.lk/Population/StaticalInformation/CPH2024/,2012 (language ability by district),Ethnicity -> language crosswalk: Sinhalese->Sinhala; both Tamil groups and most Moors->Tamil; Malay->Malay/Tamil; Burgher->English/Sinhala,checked,"2024 census asks ability to speak/read-write Sinhala, Tamil, English (very good/good/weak/cannot) for 10+, but the published tables (A40-A43 in CPH_2024_Population_Tables.pdf) are national and by sector only. Ethnicity is published as Excel at GN, DS (~330) and district level. Moors speak Tamil at home in most of the island but not all, so the crosswalk has a soft spot."
D,MWI,Malawi,africa_east_south,21.66,ethnicity_only,2018,district (28 districts + 4 cities),32,pdf,"13: Chewa, Tumbuka, Lomwe, Tonga, Yao, Sena, Nkhonde, Ngoni, Lambya, Sukwa, Mang'anja, Nyanja, Other",,https://malawi.unfpa.org/sites/default/files/resource-pdf/2018%20Malawi%20Population%20and%20Housing%20Census%20Main%20Report%20(1).pdf,2008 (ethnicity; IPUMS ETHNICMW 2008/2018),"ethnicity-language crosswalk is close to 1:1 here (Chewa=Chichewa etc.), though many Ngoni and Lomwe speak Chichewa/Chitumbuka; Afrobarometer home language by district",checked,"Main report Table E4 'Malawian Population by Tribe, Region and District' (p.143) read 2026-10-03. No language question (literacy item says 'in any language'). Traditional Authority level not seen."
D,KAZ,Kazakhstan,south_central_asia,20.59,native_language,2021,national only (native language by nationality); ethnicity by settlement,6300,open_table,native language coded only as 'language of own nationality' vs 'other nationality's language'; ~130 ethnicities,,https://stat.gov.kz/ru/national/2021/,2009,"Ethnicity by settlement xlsx (stat.gov.kz, 'Численность населения ... по этносам, населенным пунктам и возрасту') + national native-language-by-nationality ratios",checked,"Opened the 2021 volume 'Национальный состав, вероисповедание и владение языками': table 6 (native language by nationality) is national only and does not name the 'other' language; table 7 is language proficiency (Kazakh/Russian/English, not first language). Native language is identity-flavoured (rodnoy yazyk), and many Russified Kazakhs/Germans/Ukrainians name Russian. The settlement-level ethnicity file is the strong layer. A full census dashboard (stat.gov.kz dashboards/28424) may hold regional cuts; not opened."
D,BEN,Benin,africa_west_central,14.46,ethnicity_only,2013,commune proportions via CLEAR Global (from IPUMS sample),77,open_table,"CLEAR lists 57 languages (Fon, Gun, Yoruba, Baatonum, Ditammari, Aja, Ede varieties...)",CC BY-SA (CLEAR derivative),https://data.humdata.org/dataset/benin-languages,"2002, 1992, 1979 (IPUMS ETHNICBJ)",Afrobarometer home language by department,reported,"IPUMS shows only ETHNICBJ (ethnicity) for Benin, no LANG variable, yet CLEAR Global labels its Benin 2013 file as language use from IPUMS - it may be an ethnicity-to-language mapping or an unharmonized source variable. Verify before treating as a language question."
D,HND,Honduras,americas,10.83,ethnicity_only,2013,municipality; barrio/colonia in REDATAM,298,microdata_server,"pueblo: Lenca, Miskito, Garífuna, Tawahka, Pech, Tolupán, Maya Chortí, Nahua, 'Negro de habla inglesa', other",,http://181.115.7.199/binhnd/RpWebEngine.exe/Portal?BASE=CPVHND2013NAC,"1988, 2001 (IPUMS ETHNICHN; check whether language was asked)","pueblo crosswalk: Miskito, Garífuna, Tawahka, 'English-speaking Black' map to languages; Lenca, Chortí, Nahua are largely Spanish-speaking",checked,"REDATAM dictionary (2026-10-04) has 'Pueblo indígena' and speech difficulty only, no language item."
D,TGO,Togo,africa_west_central,8.41,ethnicity_only,2010,unknown,,none,ethnic groups,,https://international.ipums.org/international-action/variables/ETHNICTG,"1970, 1960 (IPUMS ETHNICTG)",Afrobarometer R10 (2025) home language by region,reported,"IPUMS ETHNICTG for 1960, 1970, 2010. RGPH-5 (2022): INSEED WordPress media API lists only 3 published booklets (spatial distribution, age by region/prefecture, age by commune) - no language or ethnicity tables as of 2026-10-03. Whether 2022 asked language unknown."
D,LAO,Laos,east_se_asia_oceania,7.77,ethnicity_only,2015,"village (Decide/K4D ArcGIS server, 10 ethno-linguistic categories as % of village population)",8499,open_table,"50 official ethnic groups in census; village layers give 10 ethno-linguistic categories (Lao, Tai-Thai, Khmuic, Katuic, Bahnaric-Khmer, Palaungic, Vietic, Hmong, Mien, Tibeto-Burman) + 4 families","'With proper citation of the data sources, the data can be used freely' (item metadata)",https://gis.cde.unibe.ch/gis/rest/services/Decide?f=json,"2005 census, same village layers (10,520 villages)",2011 agricultural census: main/second/third ethnicity per village (same server),checked,Services e.g. Decide/laos_2015_pcnt_population_ethno_linguistic_category_lao; listed 2026-10-03. Ethnicity is close to language in Laos. Same channel already used by religiondots (la.md). Village level = the finest of any mainland Asian country.
D,LBR,Liberia,africa_west_central,5.61,ethnicity_only,2022,county,15,none,"~16 ethnic groups (Kpelle 26%, Bassa 18%, ...)",,https://lisgis.gov.lr/censuses.php,"2008, 1974 (IPUMS ETHNICLR, ethnicity)",Afrobarometer home language by county; ethnicity + crosswalk,reported,2022 census collected ethnicity (secondary reports); whether it asked language and at what level ethnicity is published not checked. IPUMS has no LANGLR variable.
D,PAN,Panama,americas,4.52,ethnicity_only,2023,corregimiento; lugar poblado and barrio in REDATAM,700,microdata_server,"grupo indígena (Ngäbe, Guna, Emberá, Buglé, Wounaan, Naso Tjërdi, Bribri) + Afro-descendant",,https://www.inec.gob.pa/panbin/RpWebEngine.exe/Portal?BASE=LP2023&lang=esp,"2000 (LP2000 on the same REDATAM server, not probed)","grupo indígena crosswalk to Ngäbere, Guna, Emberá etc. (indigenous comarcas are strongly monolingual-ish)",checked,"Variable pickers for 2023 and 2010 (checked 2026-10-04) show indigenous group and Afro-descent, no language item."
D,MNG,Mongolia,east_se_asia_oceania,3.52,ethnicity_only,2020,aimag (21 + Ulaanbaatar); soum tables likely in aimag reports,22,pdf,"ethnicity: Khalkh precoded + write-in (Kazakh, Durvud, Bayad, Buryat, Zakhchin, Dariganga, Uriankhai, Tuvan etc., ~20+)",,https://www.1212.mn/,2010 census ethnicity,Kazakh ethnicity -> Kazakh language (Bayan-Olgii); other Mongol subgroups all speak Mongolian dialects,checked,"2020 questionnaire (national report p202, cached in religiondots/data/raw/mn) Q6 'What is your ethnicity?' Khalkh / other specify; no language question (only literacy 'in any language'). Ethnicity by aimag in the main report; Bayan-Olgii aimag report also cached."
D,URY,Uruguay,americas,3.39,ethnicity_only,2011,census segment,,microdata_server,ascendencia étnico-racial,,https://prod.redatam.org/binury/RpWebEngine.exe/Portal?BASE=CPV2011,,,checked,2011 dictionary (2026-10-04): ethnicity/ancestry only. 2023 census not checked. Portuñol on the Brazilian border is not measured.
D,GMB,Gambia,africa_west_central,2.76,ethnicity_only,2013,,8,none,"ethnic groups (Mandinka, Fula, Wolof, Jola, Serahule...)",,https://data.humdata.org/dataset/gambia-languages,,CLEAR Global gambia-languages (Afrobarometer-based proportions by admin area); Afrobarometer R9/R10 home language by region,guess,Not checked this sweep (search budget). General knowledge: 2013 census asked ethnicity; language question unknown; 2024 census content unknown. Gambia is not in IPUMS.
D,TTO,Trinidad and Tobago,americas,1.37,ethnicity_only,2011,municipality,15,microdata_server,"ethnic group (East Indian, African, Mixed...)",,https://prod.redatam.org/bintto/RpWebEngine.exe/Portal?BASE=PHC2011,,,checked,"REDATAM dictionary (lang=eng needed) has ethnic group and a speech-disability item, no language. English effectively universal."
D,FJI,Fiji,east_se_asia_oceania,0.93,ethnicity_only,2017,province / tikina,14,pdf,"iTaukei, Indo-Fijian, Rotuman, other (4-6)",,https://www.statsfiji.gov.fj/,IPUMS ETHNICFJ 1966-2014 (ethnicity only),"iTaukei -> Fijian, Indo-Fijian -> Fiji Hindi, Rotuman -> Rotuman; Fijian dialects not counted",checked,Text scan of 2017 releases 1-3 (cached religiondots/data/raw/fj) found no language table or question. Ethnicity reporting was restricted after 2007; 2017 release ethnicity availability by province not re-verified.
D,GUY,Guyana,americas,0.83,ethnicity_only,2012,region,10,pdf,"race/ethnic origin (East Indian, African, Mixed, Amerindian, Portuguese, Chinese)",,https://statisticsguyana.gov.gy/,,Amerindian share by region as a crude Arawak/Carib/Wapishana proxy,guess,Not searched. English/Creolese universal.
D,LCA,Saint Lucia,americas,0.18,ethnicity_only,2022,district,11,microdata_server,ethnicity,,https://prod.redatam.org/binlca/RpWebEngine.exe/Portal?BASE=PHC2022,,,checked,"2022 preliminary REDATAM dictionary (2026-10-04): ethnicity and speech difficulty, no language, despite widespread Kwéyòl."
D,FSM,Federated States of Micronesia,east_se_asia_oceania,0.11,unknown,2010,state (ethnicity table B08),4,open_table,"ethnicity: Chuukese, Pohnpeian, Kosraean, Yapese, outer islanders (Mortlockese, Pingelapese, Mokilese, Ulithian, Woleaian...), other",,https://www.fsmstats.fm/,"2000 census asked language spoken at home (from memory, unverified)",ethnicity table B08 by state is effectively a language table (outer-island groups = separate languages),reported,2010 and 2023 basic-tables workbooks (cached religiondots/data/raw/fm) have ethnicity by state but no language table. Whether the 2023 census asked language not checked.
D,NRU,Nauru,east_se_asia_oceania,0.01,ethnicity_only,2021,district (Table I-1),14,open_table,"ethnicity: Nauruan, other Pacific Islander (Kiribati, Tuvaluan, Fijian...), Asian, other",,https://nbs.gov.nr/,2011 census (language not checked),ethnicity crosswalk,checked,"2021 PHC tables vol 1 (cached religiondots/data/raw/nr) has 'Total population by district and ethnicity' and no language sheet. Language item, if asked, not tabulated there."
E,NGA,Nigeria,africa_west_central,232.68,none,2006,,,none,,,https://data.humdata.org/dataset/nigeria-subnational-boundaries-and-tabular-data,1963 (last census with ethnicity/language - general knowledge),Afrobarometer home language by state (n~1600); CLEAR Global nigeria-languages (own survey form + Afrobarometer); DHS language of interview (DHS registration not available),reported,"No ethnicity, religion or language in censuses since 1963 (general knowledge). USCB HDX Nigeria geodatabase carries 2006 census + 2019 estimates, nationality, ICT, migration, health, poverty - no language or ethnicity (metadata checked)."
E,COD,DR Congo,africa_west_central,109.28,none,1984,,,none,,,https://data.humdata.org/dataset/drc-languages,,"CLEAR Global drc-languages: languages spoken per territory from the 2016 CAID administrative reports (admin2, ~190 rows, ~180 languages, CC BY-SA); CLEAR democratic-republic-of-the-congo-languages (115 locations, 140 languages); USCB HDX 'Tribe and Religion' from Enquête 1-2-3 2005/2012 (household heads by tribe, 164 districts)",checked,"No census since 1984. CAID territory shares are administrative estimates, not a count. USCB tribe counts are survey sample counts, not population. Not in Afrobarometer."
E,IRN,Iran,south_central_asia,91.57,none,2016,,31,none,,,https://en.wikipedia.org/wiki/Languages_of_Iran,,"2015 Ministry of Culture and Islamic Guidance + Interior survey (14,906 face-to-face, all 31 provinces, 'language spoken at home'), reported in press/FDD analysis, microdata not seen; 1991 birth-registration mother's-language national split",reported,Census asks neither language nor ethnicity. IPUMS has Iran 2006/2011 samples but no language variable seen. The 2015 survey is the only provincial source found; quick check only (1 search).
E,TUR,Turkey,europe,85.52,none,2021,,,none,,,https://en.wikipedia.org/wiki/1965_Turkish_census,"1965 mother tongue by province (67), some district tables; 1927-1965 series compiled by Dundar","KONDA surveys (2006, 2011; region level); Turkey DHS mother tongue (women, 5 regions; reports open, data gated)",reported,No language or ethnicity question since 1965 and publication later banned. Address-based register census since 2007 has no language. 1965 province tables digitised on Wikipedia and in academic papers.
E,TZA,Tanzania,africa_east_south,68.56,none,2022,,,none,,,,1957 (tribe by district) / 1967 census ethnicity (guess),Afrobarometer home language by region (~31 regions); ethnic homeland maps,reported,"IPUMS Tanzania 1988/2002/2012: only SPEAKENG (literacy-language item), no language or ethnicity variable. Tanzania has not asked ethnicity since independence-era censuses as policy. 2022 questionnaire not re-checked."
E,FRA,France,europe,68.55,none,,,,none,,,https://www.insee.fr/,,"INSEE Enquete Etude de l'histoire familiale 1999 (380k sample; languages spoken in childhood, region level); regional surveys: OLCA Alsace, TMO Bretagne 2018 (departement)",reported,Census has never asked language (since 1872-era practice). No official small-area source.
E,ITA,Italy,europe,58.95,none,2021,,,none,,,https://astat.provinz.bz.it/,2011 census: South Tyrol language-group declarations by Gemeinde (116); Trentino Ladin/Mocheno/Cimbrian declarations by comune,"ISTAT survey 'L'uso della lingua italiana, dei dialetti e delle lingue straniere' 2015, region level",reported,"No national language question. Only South Tyrol (German/Italian/Ladin group declarations, an identity/legal choice) and Trentino minorities are counted. Sardinian, Friulian, regional languages have only surveys."
E,SDN,Sudan,mena,50.45,none,2008,,,none,,,https://en.wikipedia.org/wiki/Languages_of_Sudan,1955/56: language and ethnicity by province (only census that recorded ethnicity; ~75 Nilo-Saharan languages named),"Afrobarometer R5-R7 (2013-2018) home language with state (n~1,200); 1955/56 census as historical base",reported,"IPUMS-I has Sudan 2008 but no Sudan language or ethnicity variable in its ethnicity-and-language group (checked 2026-10-03). 1993 census not checked. 2008 included South Sudan. Very high linguistic diversity (Nubian, Beja, Fur, Zaghawa, Masalit, Nuba languages) with no modern census source; the 2023 war makes any new data unlikely."
E,ESP,Spain,europe,48.85,none,2021,,,none,,,https://www.eustat.eus/,,"Regional offices: Eustat (Basque Country, mother tongue and home language by municipality, Estadistica de Poblacion y Viviendas 2021); IDESCAT (Catalan knowledge by municipality from 2021 census, first language only from EULP survey); IGE Galicia (survey, comarca/province); Navarra IEN (Basque knowledge by municipality); Valencia and Balearics 2001 census knowledge by municipality",reported,No national question. Only the Basque Country has a true first-language figure by municipality; elsewhere ability (understand/speak) by municipality. Mixed sources make a uniform national layer hard.
E,DZA,Algeria,mena,46.81,none,2008,,,none,,,https://www.persee.fr/doc/tigr_0048-7163_1994_num_85_1_1308,"1966: mother tongue (language spoken in childhood), Arabic vs Berber, published by wilaya (15) and daira; reprinted in Nesson 1994 (Persee)","Afrobarometer R5-R6 home language with region (n~1,200, Kabyle/Chaoui etc.); Arab Barometer waves III-IV 'first language' with governorate; 1966 census by daira as a historical base",reported,"1966 is reported as the last Algerian count of Berber speakers. MICS6 2018-19 household questionnaire checked 2026-10-03: it drops the standard MICS mother-tongue item (HC1B) and has no language item at all. Recent census questionnaires (1987, 1998, 2008) not seen; no language item is the general report. Berber question is politically sensitive."
E,IRQ,Iraq,mena,46.04,none,2024,,,none,,,https://international.ipums.org/international-action/variables/LANGIQ,"1997: language spoken (IPUMS LANGIQ, Iraqi citizens, gated; no instruction for multiple languages; the three Kurdistan governorates were not enumerated); 1957: mother tongue published by liwa (Kirkuk 48.3% Kurdish, 28.2% Arabic, 21.4% Turkmen)","MICS6 2018 HC1B mother tongue of household head (Arabic, Kurdish, Turkmen, Assyrian, other; also respondent's native language with Sorani/Badini split), ~20,000 households representative by governorate (18), free microdata with registration at mics.unicef.org",reported,"2024 census (first since 1997) deliberately left out ethnicity, home language and ancestry (SBS, The New Region) because of disputed territories (Kirkuk, Nineveh, Diyala, Salahaddin). MICS6 questionnaire checked 2026-10-03. Arab Barometer Iraq waves also ask first language. Language in Iraq is politically loaded; flag before mapping disputed areas."
E,AFG,Afghanistan,south_central_asia,42.65,none,1979,,34,none,,,https://asiafoundation.org/,1979 (never fully published),"Asia Foundation Survey of the Afghan People 2004-2019 (+2021 report): ~10-17k respondents/yr, all 34 provinces, asks language spoken at home and ethnicity; data said to be free from the Asia Foundation site. Also NSIA ALCS 2016-17 (language unknown).",reported,No census since 1979 (incomplete). Searched 2026-10-03 for SAP data: reports confirm province coverage and an ethnicity item; did not confirm the exact language variable or download terms. Province-level pooled SAP waves are the realistic layer; sample sizes per province are a few hundred per year.
E,SAU,Saudi Arabia,mena,35.3,none,2022,,,none,,,https://gulfmigration.grc.net/saudi-arabia-non-saudi-population-by-country-of-citizenship-and-sex-selected-countries-2022/,,"nationality crosswalk: 2022 census Saudi/non-Saudi by region (13); detailed citizenship (Bangladesh 2.12M, India 1.88M, Pakistan 1.81M etc.) national only via GASTAT/GLMM",reported,"Non-Saudis 13.4M = 41.6% of population, mostly South Asian. Citizenship-to-language mapping is rough (India and Pakistan are multilingual). No language item known in the 2022 census."
E,CMR,Cameroon,africa_west_central,29.12,none,2005,,,none,,,https://data.humdata.org/dataset/cameroon-languages,,"Afrobarometer home language by region; CLEAR Global cameroon-languages (2005 census, but see notes)",reported,"CLEAR's cameroon-languages file says '2005 census' but only 39 departments have data and the main language is French (28) or English (9) - it looks like official-language/literacy data, not first language; ~75 local-language columns are mostly empty. 2005 census not known to ask ethnicity or language (general knowledge)."
E,NER,Niger,africa_west_central,27.03,unknown,2012,,,none,,,https://stat-niger.org/wp-content/uploads/2020/05/ETAT_STRUCTURE_POPULATION.pdf,,CLEAR Global niger-languages (Afrobarometer-based); Afrobarometer home language by region,checked,"2012 RGP/H 'Etat et structure' report: socio-cultural chapter covers religion and nationality only, no ethnicity or language (searched the PDF, 2026-10-03); 2010-2014 yearbook population chapter likewise. Widely quoted ethnic shares (Hausa 47.2%, Zarma 18.2%...) have unclear provenance, possibly the 2001 census. Niger is not in IPUMS."
E,SYR,Syria,mena,24.67,none,2004,,,none,,,,"1962 Hasakah exceptional census (citizenship, not language)","no good one; humanitarian needs assessments by subdistrict sometimes record IDP origin, not language",guess,Kurdish was politically sensitive under the Baath government; no language item known in 1960-2004 censuses. Not in IPUMS or Arab Barometer recent waves. Not searched separately.
E,TCD,Chad,africa_west_central,20.3,languages_spoken,2009,microdata only (sub-prefecture),,gated,B18B 'Langues parlées' coded 0-999999 (multi-code); B9 ethnicity/nationality coded 0-999 (~150 groups),,https://anad.inseed.td/index.php/catalog/26/data-dictionary/F1,,Afrobarometer (Chad listed); ethnicity B9 + crosswalk if tables surface,checked,"RGPH2 data dictionary (anad.inseed.td) has B9 ethnicity, B12 religion, B18B 'langues parlées' (8.3M valid of 11M - possibly multi-response or tied to the literacy item B18A). Microdata by application to INSEED. Published language/ethnicity tables not found; the language shares quoted online (Chadian Arabic 10.3%, Sara 10.3%...) have unclear source."
E,NLD,Netherlands,europe,17.99,none,,,,none,,,https://www.cbs.nl/,,"Provinsje Fryslan 'De Fryske taalatlas' survey (Frisian home language, by municipality); register migration background",guess,No census language question (register-based).
E,ZWE,Zimbabwe,africa_east_south,16.63,none,2022,,,none,,,https://en.wikipedia.org/wiki/Languages_of_Zimbabwe,,Afrobarometer home language by province (10); Shona/Ndebele split by province is a strong proxy,reported,Wikipedia: Zimbabwe 'has never conducted a census that enumerated people by language'. IPUMS Zimbabwe 2012: no language or ethnicity variable (only RACE). 2022 questionnaire not checked.
E,SSD,South Sudan,africa_east_south,11.94,none,2008,,,none,,,https://data.humdata.org/dataset/south-sudan-subnational-boundaries-and-tabular-data,1955/56 Sudan census recorded ethnic group/language by district (guess),Ethnologue; ethnic homeland maps (e.g. Murdock/GREG) + county populations,reported,IPUMS has South Sudan 2008 but no language or ethnicity variable in the ethnicity/language group (parsed 2026-10-03). USCB HDX South Sudan dataset notes mention no language. Wikipedia: latest language statistics are from the 1980s.
E,BEL,Belgium,europe,11.86,none,,,,none,,,https://statbel.fgov.be/,1947 language census by commune (last one; published 1954),Nationality and country of birth by statistical sector (Statbel); BRIO Taalbarometer survey for Brussels,reported,"Language census abolished by 1961 law after the 1947 results fixed the language border. No official first-language data since; the language areas are legal, not measured."
E,ARE,United Arab Emirates,mena,10.99,none,2005,,,none,,,https://gulfmigration.grc.net/category/database_demoeco/,,nationality: national/non-national by emirate from emirate statistics centres; detailed citizenship not officially published,guess,Last federal census 2005; ~88% non-nationals. No language item known. Not searched separately.
E,PNG,Papua New Guinea,east_se_asia_oceania,10.58,none,2011,province/district (literacy by language only),22,pdf,"literacy (read and write) in English, Tok Pisin, Hiri Motu, 'Tokples' (any local language, lumped)",,https://www.nso.gov.pg/,"1980 census: language most often spoken at home, urban persons 10+ (IPUMS LANGPG1) and language spoken at market (LANGPG2)",Ethnologue/Glottolog language areas; no count source for ~840 languages,checked,"2011 national report (cached religiondots/data/raw/pg) glossary: literacy in English, Pidgin, Motu or Tokples; no spoken/home language item. 2024 census final figures cached, no language found. Only 1980 urban sample ever asked home language."
E,SWE,Sweden,europe,10.57,none,,,,none,,,https://www.scb.se/,,Register: country of birth by municipality/DeSO,reported,Language statistics are forbidden in practice; no register variable.
E,GRC,Greece,europe,10.41,none,2021,,,none,,,https://www.statistics.gr/,1951 (mother tongue; regional tables),,reported,"No language or ethnicity question since 1951. Minority languages (Turkish in Thrace, Arvanitika, Aromanian, Slavic Macedonian) have no official count."
E,ISR,Israel,mena,10.0,main_language,1983,"microdata only (IPUMS 10% sample, gated); published tables not checked",,gated,~30 languages in 1983 (IPUMS notes many 'other' languages added vs 1972; Spanish-Ladino and Czech-Slovak-Slavic combined),,https://international.ipums.org/international-action/variables/LANGIL1,"1972 (same item, age 14+)","CBS Social Survey 2011 mother tongue, age 20+ (Hebrew 49, Arabic 18, Russian 15, Yiddish 2, French 2, English 2); open crosswalk: population group (Jewish/Arab) and former-USSR immigrants by locality and statistical area from census/register data",checked,"1983 item = 'first or principal language spoken, used in everyday life', age 15+, with additional languages as unharmonized source variables. 2008 census form checked 2026-10-03: no language item (Hebrew text searched for 'language'). 1995 form: short form and long-form pages viewed, no language item seen. 2022 census is register-based, language not expected. Social survey public-use files exist but geography is coarse (district) and access not checked."
E,LBY,Libya,mena,7.38,none,2006,,,none,,,,not found,"Arab Barometer (Libya in some waves) first language; Minority Rights Group estimates (Amazigh 4-10%, Nafusi, Tamasheq, Ghadames, Awjila, Sokna varieties)",guess,One web search 2026-10-03 (Libya census language Amazigh 1954-2006) found no census language tabulation; Amazigh language was suppressed after 1973. Not in IPUMS.
E,COG,Republic of the Congo,africa_west_central,6.33,unknown,2007,,,none,,,,,CLEAR Global congo-languages (Afrobarometer-based); Afrobarometer home language by department,guess,Not checked (search budget); RGPH-5 (2023) content unknown.
E,DNK,Denmark,europe,5.98,none,,,,none,,,https://www.dst.dk/,,Register: country of origin/ancestry (immigrants and descendants) by municipality,reported,Register-based statistics; no language variable.
E,NOR,Norway,europe,5.57,none,,,,none,,,https://www.ssb.no/,,Sami electoral roll (Samemanntallet) by municipality as a Sami proxy; register immigrant background,reported,No language variable in register statistics.
E,OMN,Oman,mena,5.28,none,2020,,,none,,,https://gulfmigration.grc.net/oman-population-by-nationality-omani-non-omani-governorate-and-wilaya-administrative-region-of-residence-2021-2023/,,"nationality crosswalk: Omani/non-Omani by governorate and wilaya (~60) from NCSI via GLMM; citizenship detail national only (2010, 2017)",guess,"2020 census register-based. Large Baluchi, Swahili, Mehri, Jibbali, Kumzari minorities among nationals are invisible; migrants mostly South Asian. Not searched separately beyond GLMM listing."
E,MRT,Mauritania,africa_west_central,5.17,mother_tongue,2013,unpublished (national shares only in secondary sources),1,none,"Hassaniya, Pulaar, Soninke, Wolof (+ languages understood, languages read/written)",,https://fr.wikipedia.org/wiki/Langues_en_Mauritanie,,Afrobarometer R10 (2025) home language by wilaya; IPUMS has Mauritania samples but no language variable (LANGMR 404),reported,"2013 RGPH asked mother tongue, languages understood and languages read/written; detailed mother-tongue results were withheld to avoid community tension (secondary sources: fr.wikipedia, cridem.org). Politically sensitive. RGPH 2023 language content not checked."
E,KWT,Kuwait,mena,4.9,none,,,,none,,,https://gulfmigration.grc.net/kuwait-population-nationality-kuwaitinon-kuwaiti-sex-administrative-region-governorate-residence-december-2015/,,"nationality crosswalk: PACI civil register, Kuwaiti/non-Kuwaiti by governorate (6); detailed nationality national",guess,No conventional census (population from the PACI register). paci.gov.kw/stat refused connection 2026-10-03. No language item known.
E,ERI,Eritrea,africa_east_south,3.54,none,,,,none,,,https://en.wikipedia.org/wiki/Languages_of_Eritrea,,Ethnologue estimates; Eritrea Population and Health Survey 2010 / DHS 2002 ethnicity (DHS registration unavailable to us); ethnicity-by-zone from literature,guess,Eritrea has never held a national census. Not in Afrobarometer. Not checked online beyond general knowledge.
E,QAT,Qatar,mena,2.86,none,2020,,,none,,,https://gulfmigration.grc.net/category/database_demoeco/,,Qatari/non-Qatari splits only; citizenship detail not officially published,guess,2020 census register-based. No language item known. Not searched separately.
E,GAB,Gabon,africa_west_central,2.54,unknown,2013,,,none,,,,,Afrobarometer (Gabon surveyed) home language by province,guess,Not checked (search budget).
E,GNQ,Equatorial Guinea,africa_west_central,1.89,unknown,2015,,,none,,,,,No Afrobarometer or IPUMS coverage; Ethnologue-style maps only,guess,Not checked (search budget). Likely the weakest country in the region for any language data.
E,BHR,Bahrain,mena,1.59,none,2020,,,none,,,https://gulfmigration.grc.net/population-by-governorate-nationality-and-sex-2010/,,nationality crosswalk: Bahraini/non-Bahraini by governorate (4; 2010 census and 2020 register census),guess,No language item known. Not searched separately beyond GLMM listing.
E,DJI,Djibouti,africa_east_south,1.17,unknown,2009,,,none,,,,,"Somali vs Afar split by region (Afar: Tadjourah, Obock, much of Dikhil; Somali: Djibouti city, Ali Sabieh, Arta) as a proxy",guess,"Not in IPUMS group lists or USCB HDX. Wikipedia 'Languages of Djibouti' (fetched 2026-10-03) cites only Ethnologue and OIF, no census figure. 2009 and 2024 RGPH questionnaires not found/checked."
E,BTN,Bhutan,south_central_asia,0.79,none,2017,,,none,"literacy only: can read/write Dzongkha, English, Lhotshamkha, other",,https://www.nsb.gov.bt/,,Ethnologue / van Driem language maps by dzongkhag; ethnicity is not asked either (politically sensitive re Lhotshampa),reported,"Search 2026-10-03: PHCB 2017 asks literacy by language (read/write a short text in Dzongkha, English, Lhotshamkha or other), not mother tongue or spoken language. NSB PDFs (PHCB2017_wp.pdf, PHCB-Metadata.pdf) 404 on fetch. Literacy-in-Lhotshamkha by dzongkhag might work as a rough south-Bhutan Nepali proxy if the dzongkhag reports tabulate it."
E,GUF,French Guiana,americas,0.0,none,2021,,,none,,,https://www.insee.fr/,,"INSEE birthplace by commune (Suriname, Haiti, Brazil born) as a proxy; MFV survey 2009-10 home language",guess,"French census never asks language. Maroon languages, Hmong, Amerindian languages unmeasured."
