city_id,name,country,iso3,lat,lon,pop,radius_km,n_cells,bearing,compass,strength,r2,radial,r2_polar,bearing_polar,peak_dx,peak_dy,core
1360771077,Jakarta,Indonesia,IDN,-6.175,106.8275,33756000.0,46.14766214909609,795,188.23619458868282,S,0.09462521244291007,0.025740993747982444,-0.7695343624777684,0.2841472462188578,112.98061569490676,-29.79612598214551,0.2225637714000115,rich core
1356872604,Delhi,India,IND,28.61,77.23,32226000.0,45.38346566517108,1370,236.59659537332175,WSW,0.11850594395486208,0.0734028939948026,-1.0485413953051896,0.34333411433420025,146.70535156162433,-18.848143204441747,11.07640705820016,rich core
1356226629,Mumbai,India,IND,19.0761,72.8775,24973000.0,41.40309532375978,570,286.6287840132236,WNW,0.2495828929643787,0.142495171475018,-0.46428627894428887,0.13782748429712244,217.09571652176766,7.477185883858716,26.024728163199867,rich core
1608618140,Manila,Philippines,PHL,14.5958,120.9772,24922000.0,41.37263610160024,626,211.09425872221453,SSW,0.12268592838636802,0.0664260742616084,-0.3730733695413718,0.10470804508888265,170.41922487162108,-9.191651260945477,26.321577039799962,rich core
1076532519,Sao Paulo,Brazil,BRA,-23.55,-46.6333,23086000.0,40.248424160689204,923,157.04287535986268,SSE,0.0498408543240082,0.009178326284547622,-1.0373531115141463,0.32359261158979835,45.83500233623505,-13.734481072842414,-13.74558944019995,rich core
1484247881,Mexico City,Mexico,MEX,19.4333,-99.1333,21804000.0,39.429055571519704,767,106.34929553099336,ESE,0.054456551994865654,0.01095234507883902,-0.9634396906119942,0.26154528137191335,69.15829384939921,-3.0684196967693325,-2.0988863437999257,rich core
1050529279,Dhaka,Bangladesh,BGD,23.7639,90.3889,18627000.0,37.25587789588696,863,19.79081649767895,NNE,0.0861979390434896,0.025067284547309,-0.8467308249858445,0.24053477966988945,94.30499743169042,-11.520817980716316,7.91202539379988,rich core
1356060520,Kolkata,India,IND,22.5675,88.37,18502000.0,37.165679369400266,851,321.65748060553096,NW,0.09207181871115847,0.029133088736471024,-0.644747614326142,0.22045244892252036,358.93714146673403,-4.108000899938162,-21.90542798959997,rich core
1764068610,Bangkok,Thailand,THA,13.7525,100.4942,18007000.0,36.80461198821536,711,82.22167125336256,E,0.16144051211495986,0.09198910114318115,-1.093606112420105,0.37309236099118226,165.8234025107826,6.858348173015713,13.008742115600036,rich core
1032717330,Buenos Aires,Argentina,ARG,-34.6033,-58.3817,16710000.0,35.82736549844607,576,230.6243858037468,SW,0.051107420544163215,0.0030958995636676256,-0.6538474854732255,0.20828895305906658,351.6986611060024,-0.46471433209196533,-25.740565988000327,rich core
1566593751,Lagos,Nigeria,NGA,6.455,3.3841,16637000.0,35.77094044982253,375,342.80577965094307,NNW,0.10382857154799578,0.014552069665321188,-0.9264922861653256,0.26667401207971597,148.58525412440764,-8.540096549516107,19.504027249600007,rich core
1586129469,Karachi,Pakistan,PAK,24.86,67.01,15738000.0,35.062686372381954,454,160.61898856427547,SSE,0.4414527710245902,0.2986420673199305,-0.8860838374266127,0.5937341233581069,164.62686074027806,3.993008907939405,12.8454257940001,rich core
1356410365,Bangalore,India,IND,12.9789,77.5917,15386000.0,34.77832122204259,646,257.4878822501374,WSW,0.0022373195231637603,1.4994603665385853e-05,-0.9146091187762059,0.2664803601285223,191.03351731833013,2.8647655486512136,19.619706218799998,rich core
1704774326,Ho Chi Minh City,Vietnam,VNM,10.7756,106.7019,15136000.0,34.57381908829711,623,11.134942617839005,N,0.2127515759485207,0.13339292613064213,-0.9417918758601603,0.3471091027083033,338.7378943341925,3.987449349619858,3.4835655938000016,rich core
1180000363,Kinshasa,Congo (Kinshasa),COD,-4.3219,15.3119,12836000.0,32.58202310672922,289,333.1746783560493,NNW,0.3584955956925103,0.2118873891492108,-0.8752515144997196,0.31176448796528455,69.22684738983742,-4.75757217176977,0.9343498446000709,rich core
1076887657,Rio de Janeiro,Brazil,BRA,-22.9111,-43.2056,12592000.0,32.35768551028891,345,197.23549944882208,SSW,0.21892971790874044,0.0777878953596316,-0.08051992536957296,0.06441799534250758,219.10738707500755,19.799371030957523,2.4426480620000923,rich core
1356374944,Chennai,India,IND,13.0825,80.275,12395000.0,32.17452199742389,328,156.4372898276789,SSE,0.3215999235576543,0.22145261238092895,-0.6951910374302721,0.4423256285774084,133.792163418032,-19.0389392631685,4.383160569399983,rich core
1586801463,Lahore,Pakistan,PAK,31.5497,74.3436,12306000.0,32.091161798866175,754,180.70355688324028,S,0.1562204297487734,0.06191405413585216,-0.3262291307068678,0.17185021480456553,216.25918007799555,19.52600603242555,11.479614269599907,rich core
1356871768,Hyderabad,India,IND,17.3617,78.4747,10494000.0,30.30275634793857,524,11.151639679778969,N,0.27471913037204027,0.1689130001424176,-0.8338948753156312,0.38977443366740316,297.97184321966597,19.421883820405725,-1.4097179623997746,rich core
1604728603,Lima,Peru,PER,-12.06,-77.0375,10320000.0,30.120906871102143,271,243.59699617497517,WSW,0.49142035558863073,0.19406600500139204,-0.315171585035733,0.2770419821539605,266.9390660206362,11.203956623415365,-9.526611486400025,rich core
1024949724,Luanda,Angola,AGO,-8.8383,13.2344,9051000.0,28.731223178624894,248,11.349953008688345,NNE,0.12246630849733448,0.021863999752501972,-1.0414971967531987,0.36085437417051713,51.90677361040118,5.343950114704555,-6.46951638159992,rich core
1458988644,Kuala Lumpur,Malaysia,MYS,3.1478,101.6953,8911000.0,28.570436265112814,323,221.87916574629205,SW,0.27391330150739546,0.1119113752134242,-0.7653995903932145,0.2599212024179809,281.24499734038085,5.38210273063974,-11.780686507400016,rich core
1710550792,Johannesburg,South Africa,ZAF,-26.2044,28.0456,8500000.0,28.088863366878503,500,21.75995879546164,NNE,0.19858155555059195,0.0751944498410283,-0.3445545121208863,0.18834708277152246,21.794850788592832,-7.411211832900779,-7.669006767399971,rich core
1704413791,Hanoi,Vietnam,VNM,21.0,105.85,8246600.0,27.784483443801854,440,8.416763806622672,N,0.2036686311986623,0.07402827541731949,-0.2947066106694098,0.19605945640708433,15.496337689206204,-5.3810609213904925,-13.331579149000063,rich core
1356081074,Pune,India,IND,18.5203,73.8567,8231000.0,27.76555052445112,447,10.024125443577562,N,0.23742314983279392,0.1073661909103486,-1.2071656064423073,0.4632991513094682,15.505003239983361,-0.6856887074196578,0.09690807460020778,rich core
1356304381,Ahmedabad,India,IND,23.0225,72.5714,8009000.0,27.493595450081454,467,9.498571307527008,N,0.19750684182424733,0.07256157656659401,-1.0469620006547624,0.2832532866979952,157.52770968190853,-1.7791087894659015,15.383571169600064,rich core
1170483426,Bogota,Colombia,COL,4.7111,-74.0722,7968095.0,27.442961321273888,352,277.15208591850234,W,0.24926107378759085,0.1069126636352713,-0.7897033364570274,0.19060757637584358,148.31237850317598,-10.66284548201837,4.498216208999985,rich core
1834843853,Dar es Salaam,Tanzania,TZA,-6.8161,39.2803,7962000.0,27.435402414009225,272,340.1554861607206,NNW,0.4153776760448357,0.32263678496415904,-1.0379913017547004,0.4562213151493181,38.27905605895352,-12.49535895615411,1.0371298539999607,rich core
1050830722,Chattogram,Bangladesh,BGD,22.335,91.8325,7000000.0,26.19260217390613,284,252.5097627328206,WSW,0.47456828428688647,0.17581719589920364,-0.6955820520674006,0.32314168733717685,300.6986134661263,7.995419654202649,-10.696156516799913,rich core
1360484663,Surabaya,Indonesia,IDN,-7.2458,112.7378,6998000.0,26.189907831326682,287,205.87429412628597,SSW,0.22919876210494974,0.1029501459208445,-1.032527042900636,0.3213588111210809,61.03049325572879,-10.379416557884205,-9.242183902400019,rich core
1356758738,Surat,India,IND,21.1702,72.8311,6538000.0,25.556626275602653,345,99.06165050799481,E,0.18932620912841813,0.04991850907470963,-0.8635435673042741,0.27549079434685597,137.20845397178823,-1.4379284880490175,6.282038290399829,rich core
1702341327,Singapore,Singapore,SGP,1.3,103.8,5983000.0,24.75336201175881,53,4.1705287156113995,N,0.35927929641367395,0.3642911769418936,-0.4260199580242312,0.4473736812415018,348.3097144165159,-4.70484629657874,20.01199255139999,rich core
1120494607,Douala,Cameroon,CMR,4.05,9.7,5768400.0,24.42998975518314,181,191.15764511113215,S,0.10896754274667338,0.011881886056844149,-1.026259266353195,0.3984170922531599,259.6328799472628,7.3669574800969855,0.32519532260000616,rich core
1404000661,Nairobi,Kenya,KEN,-1.2864,36.8172,5545000.0,24.08506986751173,282,329.9375364197989,NNW,0.2656798450103625,0.0987474468047812,-0.8703249314264536,0.20789065699198628,183.02523443709072,-2.583623841770489,13.762401086200008,rich core
1484950208,Guadalajara,Mexico,MEX,20.6767,-103.3475,5525000.0,24.053760029797154,285,220.09474108788166,SW,0.2517825185762174,0.08092203940133769,-1.0244453679881695,0.3474798963198049,305.3551908091682,5.676988219993106,-9.417834533800193,rich core
1484559591,Monterrey,Mexico,MEX,25.6667,-100.3,5341171.0,23.762519482470758,258,275.33122207115457,W,0.12518472726691113,0.021945138824352672,-1.0195670751794799,0.405620471106529,241.87784046653536,7.180373571041791,7.085454084600112,rich core
1076967355,Belo Horizonte,Brazil,BRA,-19.9167,-43.9333,5328000.0,23.741407924541086,253,269.08431037874914,W,0.26472399929475743,0.07515236557227412,-0.9946152265601821,0.28841805732507353,133.25344838643332,-9.449548893070947,5.118574829999908,rich core
1384207980,Abidjan,Côte d’Ivoire,CIV,5.3167,-4.0333,4980000.0,23.171060742023982,195,105.4791992100488,ESE,0.1320835509797853,0.023495467122040536,-1.0947543195248897,0.39936480914424155,242.657627962384,9.872701026628459,5.2656335380000066,rich core
1710680650,Cape Town,South Africa,ZAF,-33.9253,18.4239,4770313.0,22.814987102975348,182,129.016870701993,SE,0.3283756103444468,0.050482727723670795,-0.67631277470052,0.2511865640865929,196.38678092454714,13.451789693667056,4.3746161520000975,rich core
1466965925,Bamako,Mali,MLI,12.6392,-8.0028,4227569.0,21.844193048981623,241,135.92017636849005,SE,0.34467051431253304,0.13805152809151733,-1.1801571745616437,0.4879600477779603,57.98896894676136,-4.138362006480108,-9.53241514500009,rich core
1076567885,Fortaleza,Brazil,BRA,-3.7275,-38.5275,4167996.0,21.73287479330393,130,42.57752855385099,NE,0.40018810095753476,0.06976161276720583,-0.817454646786382,0.2888612311680385,56.49366463894811,-5.067048460534075,-6.681500152999988,rich core
1400522593,Amman,Jordan,JOR,31.9497,35.9328,4007526.0,21.427861854911924,295,298.02216836158,WNW,0.36343050415766986,0.15437527280477958,-1.0182079892367133,0.4092815131999801,329.95892792689017,-3.7890731206564254,-2.8308673445998664,rich core
1566342270,Abuja,Nigeria,NGA,9.0667,7.4833,3770000.0,20.96168731719059,224,237.80979648280575,WSW,0.2597537075605365,0.06961844904106784,-0.9560898297213366,0.24128803636058926,94.47913784788352,-9.869843452743861,-1.3831863908000344,rich core
1360543171,Medan,Indonesia,IDN,3.5894,98.6739,3632000.0,20.682158146858043,206,15.762149931040895,NNE,0.0732687019207841,0.0061096873647066285,-1.1678099029863829,0.3872488138317227,32.6020284956073,-2.1014813305956146,-4.814546622200009,rich core
1566366407,Ibadan,Nigeria,NGA,7.3964,3.9167,3552000.0,20.51698858689342,223,336.9065650586535,NNW,0.02788428473484468,0.0007936252527507293,-1.3861185990617868,0.5111983519848817,33.34262074376227,-4.180875782863115,-4.916849686999981,rich core
1288181103,Kumasi,Ghana,GHA,6.7,-1.625,3490030.0,20.3874002869006,181,80.16272161186606,E,0.3058330994765004,0.06596046452040238,-1.2240851102037351,0.5587368697756352,42.30966597086976,-3.7048357251980057,-5.101464037400035,rich core
1012973369,Algiers,Algeria,DZA,36.7539,3.0589,3415811.0,20.23024452212584,216,2.359295212268074,N,0.6292268356111266,0.18677385959183146,-0.23877593503246058,0.2659937286206643,6.281342406926762,-1.4094501372146233,-9.726144625399794,rich core
1356891790,Lucknow,India,IND,26.85,80.95,3382000.0,20.157926135182997,269,191.93972913843587,SSW,0.11766407548686833,0.013995717042295297,-1.267748074245714,0.4001971195720345,210.85061784406562,-0.1949862350141487,-0.6389551102002642,rich core
1288164978,Boankra,Ghana,GHA,6.6944,-1.4028,3348000.0,20.08473537375582,151,289.58345344648114,WNW,0.5807502768899062,0.26218377951348526,0.41460429891055184,0.25315395177501554,274.90084355236763,3.2624374222264994,-11.482249637400006,rich suburbs
1586216308,Kotla Qasim Khan,Pakistan,PAK,32.5833,73.75,3219375.0,19.8034618701287,290,116.99979065212771,ESE,0.23000645399497915,0.05072211553869721,0.04137981933913781,0.03400262793580244,110.37702240951583,0.18886586620571677,-0.9067211086004505,rich suburbs
1586323916,Faisalabad,Pakistan,PAK,31.4167,73.0911,3203846.0,19.769019966211683,284,4.602506075511067,N,0.25998854201790894,0.06618028475921234,-0.9759406105257583,0.3771883394545321,29.48159053579619,-4.071999401105863,-3.8909220001997085,rich core
1068005036,Santa Cruz de la Sierra,Bolivia,BOL,-17.7892,-63.1975,3151676.0,19.652523105772406,193,92.47826379176533,E,0.3454984348128266,0.0970017949860873,-1.200964410398898,0.46855747908178025,29.05269057976095,2.5851706147281064,-4.990639549599901,rich core
1356293537,Jaipur,India,IND,26.9,75.8,3073350.0,19.475278642137795,252,255.28901688080066,WSW,0.3096087481313531,0.09060927346796266,-0.6976749409780106,0.2235687975885965,250.59182138462705,0.6414526773461944,0.34359439640004297,rich core
1231824991,Addis Ababa,Ethiopia,ETH,9.03,38.74,3041002.0,19.401234563842102,202,149.71369911891395,SSE,0.4216226020808216,0.16226167982956852,-0.8803299861498707,0.4708353832531952,113.04254910832469,-8.737216034804213,0.27442844319998727,rich core
1320197916,Guatemala City,Guatemala,GTM,14.6133,-90.5353,3014000.0,19.33904044088737,211,193.4385581454499,SSW,0.24427112938854528,0.056149558803723965,-0.8523933567604326,0.21151514348248945,129.4908632981612,-2.63227283896882,-2.0743089792000546,rich core
1860331871,Tashkent,Uzbekistan,UZB,41.3111,69.2797,2956384.0,19.205130203373248,343,252.30217828645766,WSW,0.10649104298960875,0.009769463936212919,-1.0189268874519208,0.332944561762887,143.42613373786773,-7.830087280757912,9.111331793199877,rich core
1180399586,Mbuji-Mayi,Congo (Kinshasa),COD,-6.15,23.6,2892000.0,19.053498766804115,133,57.82283007813395,ENE,0.22739759502946122,0.040174167290947915,-1.0263896616263664,0.36676408686978135,13.165039223661907,0.23253284196793444,0.4297406836000697,rich core
1068000064,La Paz,Bolivia,BOL,-16.4958,-68.1333,2867504.0,18.99524082410459,163,195.9662422208722,SSW,0.2425427222081516,0.04711024043425793,-1.3124479387263048,0.48437893475143845,73.59940698187002,-6.386264337860972,-4.187584817200218,rich core
1076144436,Brasilia,Brazil,BRA,-15.7939,-47.8828,2817068.0,18.874279900764044,159,246.63830335897546,WSW,0.3580260704407517,0.12392272093617807,-0.3790129156657101,0.1501728135924547,250.5150032176628,5.432148100393295,0.15473208820009887,rich core
1360141408,Malang,Indonesia,IDN,-7.98,112.62,2795209.0,18.821424731228994,176,144.9399228090361,SE,0.14048767821660876,0.016536445648922093,-0.7499116233351194,0.17190855024582163,79.33415306639773,-1.2495101422007089,-2.6795617153999345,rich core
1356575238,Kanpur,India,IND,26.4499,80.3319,2701324.0,18.591351246079395,221,23.988070877647584,NNE,0.05100354405335319,0.0022107868615136583,-1.1054377090175582,0.2986496300843129,269.1359167695632,2.1983635512641513,0.10761842300012603,rich core
1218802178,Guayaquil,Ecuador,ECU,-2.19,-79.8875,2650288.0,18.46413035514834,165,315.662694708103,NW,0.4367218949314996,0.16088454445073253,-1.127301308687303,0.4629807498056885,335.8021451444855,-1.8419939311185445,0.9760978750000113,rich core
1170680389,Medellin,Colombia,COL,6.2308,-75.5906,2529403.0,18.156404215390065,157,79.46662066936254,E,0.24802922060546448,0.048271304544552196,-1.0643846579337966,0.3827320339441638,72.62991792556171,-2.101883642379242,-1.5182582804000013,rich core
1356427908,Mirzapur,India,IND,25.146,82.569,2496970.0,18.07224681364186,209,15.242437479751667,NNE,0.3837008723482824,0.11908841574806217,-0.7904576778662787,0.2560813659095279,358.1732363719642,1.429529829764796,-1.0844082178001067,rich core
1170417589,Cali,Colombia,COL,3.4206,-76.5222,2471474.0,18.00559713712678,162,66.48696969078638,ENE,0.2942803148591613,0.06447320185676941,-0.9924139777165808,0.38317642801661544,51.07679605250355,-2.2093126523891193,-3.128027744600004,rich core
1894157390,Lusaka,Zambia,ZMB,-15.4167,28.2833,2467563.0,17.99533443190039,174,119.53267996379064,ESE,0.2937097738338453,0.0677380526239092,-1.3210468157895578,0.5039254069870271,104.03039024147057,0.7970487000867053,-0.46510344239986523,rich core
1854029208,Ouagadougou,Burkina Faso,BFA,12.3686,-1.5275,2453496.0,17.95833545862718,179,168.39347797879637,SSE,0.11968853163211439,0.011636636841891979,-1.4522537114670069,0.5440930467301145,50.98613124968551,-3.0692448858159977,-3.7192707550000783,rich core
1120298240,Yaounde,Cameroon,CMR,3.8667,11.5167,2440462.0,17.923932107054622,166,122.73134627571397,ESE,0.08358690229575197,0.005321886436954082,-1.2667027884790636,0.44294911886345856,75.36034678849849,-1.590550682489603,-1.5282320551999824,rich core
1076923789,Salvador,Brazil,BRA,-12.9747,-38.4767,2418005.0,17.864379759255073,71,146.9125035601657,SSE,0.686197034628553,0.13248649848710348,-0.43709290047369215,0.15510536246136353,183.5096561167563,5.021068894831398,7.014919526800113,rich core
1356365743,Nagpur,India,IND,21.1497,79.0806,2405665.0,17.831505267272533,195,104.70697216675116,ESE,0.11802055521728853,0.01103155708432313,-1.182673392788488,0.36313130818703043,210.67280136160952,4.401210409621623,4.086131978600015,rich core
1288299415,Accra,Ghana,GHA,5.55,-0.2,2388000.0,17.784256290459805,95,337.9881549610219,NNW,0.3596589552122619,0.03510799942555842,-0.04741271334124051,0.011984208721508627,280.51198409668336,-0.971204895152173,7.4962519812000465,rich core
1144251314,Colombo,Sri Lanka,LKA,6.9344,79.8428,2323826.0,17.610701287347236,82,201.13619432070857,SSW,0.263991621670038,0.046441644261396964,-0.3674284528979198,0.08115381797698329,241.3793687966183,8.934325274165472,-1.0611545056000082,rich core
1450978461,Antananarivo,Madagascar,MDG,-18.91,47.525,2300000.0,17.545484822121598,179,5.376083261355142,N,0.23493030784947314,0.041493000514060685,-1.3918199247176757,0.47342824061496114,236.46173847540015,2.4555197607040995,3.8279820858001656,rich core
1356015995,Supaul,India,IND,26.126,86.605,2229076.0,17.34875474856691,193,113.18833955850619,ESE,0.08117912012842476,0.004815783769923088,-0.4365760682518159,0.04959585099705732,190.83074273701837,3.2527309004911764,2.204785105599811,rich core
1566560581,Awka,Nigeria,NGA,6.2069,7.0678,2171900.0,17.187222111538546,132,247.18761328222476,WSW,0.6658546380482453,0.32651012475943086,-0.584735564765247,0.43543564223419673,258.8638220114397,-0.38692263767411106,-2.291504178600018,rich core
1716196799,Harare,Zimbabwe,ZWE,-17.8292,31.0522,2150000.0,17.124630043776015,148,186.10321377714328,S,0.30055531579611466,0.048280950197243544,-0.8918995300455173,0.28287559282580244,198.02183376962083,1.9568946231320155,3.432320450400004,rich core
1116260534,Phnom Penh,Cambodia,KHM,11.5694,104.9211,2129371.0,17.06529628925532,151,232.90114552700106,SW,0.6178831943502137,0.25921034369205087,-0.7487281542522439,0.43531559133512965,275.9008541707004,3.847912961017002,-6.335678491600056,rich core
1032803249,Cordoba,Argentina,ARG,-31.4167,-64.1833,2106734.0,16.99976218130574,180,310.5869872507146,NW,0.31036417026795377,0.0637467497155133,-1.1558976163266308,0.42334821849129467,318.90726526882526,1.0598478778238913,-1.3597706500002857,rich core
1704000623,Haiphong,Vietnam,VNM,20.8651,106.6838,2103500.0,16.990363019611127,167,246.1991135716513,WSW,0.4124132695956215,0.12046637361503809,-1.1229952276866446,0.34689991514128204,321.8829391156986,-2.9339573323366537,-2.9592956530002112,rich core
1608189351,Zamboanga City,Philippines,PHL,6.9042,122.0761,2100000.0,16.98018034011954,69,196.26914476230874,SSW,1.134730692921886,0.3004366617416907,-0.5067278859130925,0.46829874695047,194.24148461731548,2.2587809817605553,5.927663667200003,rich core
1586344001,Rawalpindi,Pakistan,PAK,33.6,73.0333,2098231.0,16.975029590433277,214,45.80221950340924,NE,0.6444582710502293,0.2847730411349628,-0.8699398544762976,0.4188143718295717,55.886563707841944,0.6496534678495749,1.902685880199492,rich core
1566422868,Kano,Nigeria,NGA,12.0,8.5167,2095000.0,16.965614796274497,159,191.9294543521852,SSW,0.27833814344854263,0.055646207595817176,-0.8481957448711733,0.3257590212908522,157.70157683007764,-4.007364388047272,5.6435778259999125,rich core
1356705249,Vadodara,India,IND,22.3,73.2,2065771.0,16.880019181406215,177,299.6786064462509,WNW,0.35525378859055434,0.08964108056050357,-1.3057013904997938,0.48193093975838175,329.68940939672086,-1.0404386827791612,-1.3250412727998828,rich core
1076607274,Manaus,Brazil,BRA,-3.1189,-60.0217,2063547.0,16.873474662532733,106,3.033521317431006,N,0.634108312879058,0.33131072847513265,-1.1935054164125347,0.5597717669816397,65.91272493724712,1.3181942847086354,6.767851944600018,rich core
1356317190,Rajkot,India,IND,22.3,70.7833,2043000.0,16.812796807136642,177,169.17434165733786,S,0.31394527853736887,0.07000685226044123,-1.1964511332826353,0.3963076993219262,133.75122379619603,-1.0703319523124897,-1.3250412727998828,rich core
1356692563,Vishakhapatnam,India,IND,17.7042,83.2978,2035922.0,16.791804180533003,94,129.61677487491497,SE,0.2764804478293547,0.021297927702668917,-0.5257838774247269,0.10894743660914452,119.0434708955696,-5.4876190972203105,3.0567318283999754,rich core
1586400472,Gujranwala,Pakistan,PAK,32.1567,74.19,2027001.0,16.765278761262287,204,313.6345601168221,NW,0.20189528539819535,0.027987987751262544,-1.0486500609384632,0.30164172037039083,301.7812318163022,0.10793964769510112,0.09605769139965048,rich core
1484708778,Tijuana,Mexico,MEX,32.525,-117.0333,2002000.0,16.690541180509754,104,3.429828166449485,N,0.8159835380367176,0.192379137860879,-0.37692998384139736,0.27285692336359124,8.825245407364324,2.927938120637096,-6.511681043599978,rich core
1120909610,Bamenda,Cameroon,CMR,5.9614,10.1517,2000000.0,16.684536668317755,137,333.38645730126814,NNW,0.05802294226731911,0.0023142370641211496,-0.8730552317210135,0.20266315451095873,72.22396663649296,-2.243628968295866,0.2724674509999687,rich core
1356402812,Indore,India,IND,22.7167,75.8472,1994397.0,16.66769453747164,169,107.84707053147405,ESE,0.20105043551680166,0.026980809616264256,-1.3120652627425151,0.4489884849809751,97.91743690244307,0.17840583336344196,-0.219367617200092,rich core
1180172460,Kananga,Congo (Kinshasa),COD,-5.897,22.4488,1971704.0,16.599169917120342,116,36.28641679195656,NE,0.011456859662529871,8.181781955940437e-05,-1.146137616082328,0.3544515014849704,359.195096967474,-1.410926357306181,-0.559325463999965,rich core
1586851102,Peshawar,Pakistan,PAK,34.0144,71.5675,1970042.0,16.594131485643608,210,283.73413027757863,WNW,0.39403091377039573,0.10578560875461196,-0.9016189901425021,0.30321067595119877,271.9837547022765,0.1613057422842914,0.587603350999828,rich core
1398351701,Almaty,Kazakhstan,KAZ,43.24,76.915,1916822.0,16.431332916343493,232,307.34209166278237,NW,0.12181039514395399,0.008619416742945085,-0.8804724869062553,0.204886390956304,25.04943992715845,-3.4066822608577176,-1.7587788452001902,rich core
1076033299,Santos,Brazil,BRA,-23.9369,-46.325,1897551.0,16.371670557650184,76,184.68816726023178,S,1.1869328258567042,0.2796344527628414,-0.49593937591597226,0.25813903237177793,133.74755532660754,-9.48368161431835,-2.2863648435999533,rich core
1454145012,Blantyre,Malawi,MWI,-15.7861,35.0058,1895973.0,16.366767978123317,149,88.94036824696914,E,0.49426477071868746,0.16566380842965156,-1.1778137423478103,0.4977204619758422,42.46499690611498,1.9458269689229581,-3.37157081200014,rich core
1586256291,Multan,Pakistan,PAK,30.1978,71.4697,1871843.0,16.29147263977774,185,125.75811538783498,SE,0.2565319506694854,0.042667441361228686,-1.1403361476659863,0.3865787605223757,47.653458565273716,-2.54668979066777,-4.782963295200009,rich core
1566070649,Port Harcourt,Nigeria,NGA,4.8242,7.0336,1865000.0,16.2700067576657,128,356.14523945541447,N,0.2012829406186073,0.024169341636344766,-0.981448786793382,0.2961169639676361,18.089271032392137,-1.4954155258756643,-0.7891333244000265,rich core
1356734039,Bhopal,India,IND,23.2599,77.4126,1798218.0,16.05782035260016,160,178.20662874827414,S,0.3631858970797997,0.0845717589947601,-1.1598541890580472,0.40239749349089105,169.65126196485872,-0.30672397886621283,0.16483280320036187,rich core
1180506234,Lubumbashi,Congo (Kinshasa),COD,-11.6647,27.4794,1786397.0,16.01973860393265,138,29.39653982713369,NNE,0.30183238253017003,0.05511165129985807,-1.3918651778332065,0.6094480646304297,44.13618227363881,-4.057399623927282,-3.584894005199992,rich core
1608906877,Davao,Philippines,PHL,7.07,125.6,1776949.0,15.989185428575425,97,203.13706869467015,SSW,0.2961433031235008,0.04277648445012017,-0.6970247719875992,0.2556500920626704,165.35231179037027,-2.23273251406445,4.242208655999994,rich core
1076701712,Curitiba,Brazil,BRA,-25.4297,-49.2711,1773733.0,15.97876173551647,166,140.56282318102666,SE,0.43151236569753026,0.12338511373062633,-1.0008790964530725,0.34389625870855467,177.57467377286727,1.8827498618009386,1.7459582926001502,rich core
1218441993,Quito,Ecuador,ECU,-0.22,-78.5125,1763275.0,15.944781429551101,107,63.0516218592415,ENE,0.3301677286545739,0.06664882041758391,-0.673081575875395,0.15578648319311672,307.5466333556578,5.601593754701755,2.7380743663999993,rich core
1586185019,Hyderabad City,Pakistan,PAK,25.3792,68.3683,1732693.0,15.844667713721122,154,309.42373143739286,NW,0.39894728863488377,0.09282801877056457,-1.1826447497600072,0.46060713067582826,261.39365304675675,2.096146715740609,2.726040082799864,rich core
1356821429,Patna,India,IND,25.594,85.1376,1684222.0,15.68364896512791,152,63.77574361744896,ENE,0.0935565235291411,0.005221735393855287,-0.7503058768655199,0.14567871097354645,97.79350772466823,-6.100321017399557,0.9305837003998434,rich core
1340344059,Tegucigalpa,Honduras,HND,14.1058,-87.2047,1682725.0,15.678629058416623,129,176.61414986907823,S,0.2707224136854327,0.042674710526687476,-1.2681625926666253,0.4736993758537922,210.8859434299425,2.0282770083222683,0.2265662673999458,rich core
1800406299,Kampala,Uganda,UGA,0.3136,32.5811,1680600.0,15.671498361783351,123,18.100955986505227,NNE,0.12395977093725856,0.009463474975752506,-1.2187210720357236,0.35686772327861394,227.4186722302067,3.188715845434004,4.475589972800002,rich core
1716049475,Masvingo,Zimbabwe,ZWE,-20.0744,30.8328,1638528.0,15.529116373001171,76,290.4504449176442,WNW,0.3304991522818665,0.05399881724386901,-1.0854464694760837,0.46504644547889906,353.61128748059144,-0.3052381252495735,-1.5663598865998125,rich core
1356820491,Bilaspur,India,IND,22.09,82.15,1625502.0,15.484559502163034,148,324.7195161109287,NW,0.05632717341130637,0.0019036955305996583,-1.0975358627235665,0.31316212416402966,28.360834445493968,-1.542839987620276,-1.622630995199792,rich core
1360745537,Semarang,Indonesia,IDN,-6.99,110.4225,1621384.0,15.470425908255484,103,213.02800989591367,SSW,0.13963957459637477,0.010403324502078815,-1.3413644602968555,0.48814954235823516,323.2916704706396,0.1496870881506993,-2.967305043000003,rich core
1356929498,Ludhiana,India,IND,30.91,75.85,1618879.0,15.4618171312488,169,162.22242096431296,SSE,0.4119820102122591,0.10313551924930753,-1.1999463410429858,0.4436562131087116,128.5170779581885,-1.0865729805377313,-1.9190818054001433,rich core
1050547831,Rajshahi,Bangladesh,BGD,24.3667,88.6,1600000.0,15.396660942427209,144,28.806413533601287,NNE,0.25396014880901424,0.03928072257056514,-0.9152068472238633,0.23428109855148604,303.92566833598227,1.4847721477328335,3.152647548399777,rich core
1356187395,Agra,India,IND,27.18,78.02,1585704.0,15.3469937454932,155,285.36830612058696,WNW,0.10615903033081164,0.006534444214636781,-1.119782906136006,0.3686617265601885,143.1814349091411,-5.06634793431018,4.052533848800103,rich core
1484811199,Leon de los Aldama,Mexico,MEX,21.1167,-101.6833,1579803.0,15.326408918045193,132,5.96439288469458,N,0.08943124739734984,0.004528621417021705,-1.29603780345679,0.4386208612504957,29.31233705551017,-0.6001757766421978,-1.2649260214002371,rich core
1484416394,Puebla,Mexico,MEX,19.0333,-98.1833,1576259.0,15.314022500312452,128,300.07304915973026,WNW,0.6678796905202732,0.24216743452217382,-0.7655959671428978,0.3478170808604958,272.9903588120976,1.5610386174258384,3.455576078799968,rich core
1356257289,Madurai,India,IND,9.9252,78.1198,1561129.0,15.260941135929754,127,336.3004956693482,NNW,0.06294468761575255,0.0022609792396920403,-1.1952971218954112,0.37890579726956786,33.0266351242844,-3.426026653788554,-3.6247578483999803,rich core
1356501259,Jamshedpur,India,IND,22.7925,86.1842,1558000.0,15.249922461413469,142,125.87673043232603,SE,0.19689269888964872,0.02273856603706348,-1.1971247764528463,0.36639988146095337,157.0243460016571,1.4219718578895097,0.369682195599907,rich core
1188749877,San Jose,Costa Rica,CRI,9.9325,-84.08,1543000.0,15.196902799193074,124,333.4327662707708,NNW,0.47200577764608675,0.13205985911467588,-1.0736830813290061,0.49159416899567476,321.67136018632135,4.318493111496014,-3.4319480483998657,rich core
1356718332,Prayagraj,India,IND,25.4358,81.8464,1536218.0,15.172822530713347,137,355.45131351889876,N,0.14973075262348445,0.01215149745259092,-0.9176130492057352,0.2822255743274723,350.67014648248426,1.41258156288713,-5.941917252599911,rich core
1360902897,Palembang,Indonesia,IDN,-2.9861,104.7556,1535952.0,15.17187668188242,117,346.5282689643358,NNW,0.2734332219835721,0.04034795882855713,-1.3268577337549567,0.5021438047869919,338.2075805296046,-0.16399084286686616,1.064595555999988,rich core
1646923541,Kigali,Rwanda,RWA,-1.9439,30.0594,1518632.0,15.110062794847135,122,108.30923793629957,ESE,0.4950337291382407,0.13553731880620123,-1.1347257958600725,0.48601864551315155,121.9725227116857,1.0557618707654974,-0.10257935839998567,rich core
1566349733,Nneyi-Umuleri,Nigeria,NGA,6.3333,6.8333,1500000.0,15.043060618369559,76,111.95896214200803,ESE,0.573893368570934,0.2129894950496688,0.43636278674051493,0.18223617833832373,127.46844330853312,-6.7597192722187724,1.0568606847999273,rich suburbs
1076137337,Recife,Brazil,BRA,-8.05,-34.9,1488920.0,15.002963172624613,70,128.53810178036224,SE,0.7351088445557673,0.15247745905909027,-0.24911496929419144,0.18983511304845435,133.4982113486,-1.9185671225965848,5.060618284600094,rich core
1356562598,Nasik,India,IND,19.9975,73.7898,1486053.0,14.992556696898683,131,178.84217987597418,S,0.39689812028920846,0.08215302894941467,-1.2618495237130802,0.42764627358396134,154.84368729911506,-0.6411359625625739,-0.44916633639979153,rich core
1566593483,Onitsha,Nigeria,NGA,6.1667,6.7833,1483000.0,14.981460952422495,93,79.47341967329801,E,0.47610664891309007,0.11702285337118867,-0.9374909597814186,0.3188422860568102,118.40960393017242,1.9016759583010643,-0.2624823359999642,rich core
1686604760,Dakar,Senegal,SEN,14.6928,-17.4467,1438725.0,14.818879165603615,40,6.027141451449659,N,0.7030324720153738,0.08936931290522954,-0.42886563494473484,0.10295017453243782,355.25076297565874,0.31840441561459976,3.3010667563999085,rich core
1076034054,Goiania,Brazil,BRA,-16.6667,-49.25,1437237.0,14.813359830154091,111,234.63192773808086,SW,0.5196235442179811,0.1295176259384393,-0.7684998165528332,0.23016555877890854,219.86544837469256,-2.6462395028860044,-0.5786465742000502,rich core
1050667339,Khulna,Bangladesh,BGD,22.8167,89.55,1400689.0,14.676630846715371,131,172.18263402438285,S,0.1376023736600066,0.009841241694097391,-0.9334663931164459,0.2202210534296003,221.45045237626312,1.0182792536122989,-0.06438709879995486,rich core
1496024767,Ulaanbaatar,Mongolia,MNG,47.9203,106.9172,1396288.0,14.660012963059467,192,326.91503026525015,NNW,0.26176439836472626,0.02696065784135726,-0.9409682195301277,0.2808708143046533,282.12077844518154,-0.21064833471274902,2.2045178118005744,rich core
1214985348,Santiago,Dominican Republic,DOM,19.4572,-70.6889,1343423.0,14.457724769761446,120,141.35902344809665,SE,0.08469596454873678,0.0036170753605626604,-0.8410390262874983,0.2670397757511822,207.19995521681767,3.199001119045633,3.788932657799794,rich core
1360051337,Makassar,Indonesia,IDN,-5.1619,119.4362,1338663.0,14.439262303494589,75,325.90453821063227,NW,0.36784149783560033,0.044726906861588756,-0.955267217849168,0.3336032975511537,292.44954551630633,4.39954782643416,-0.2212733223999539,rich core
1076658221,Porto Alegre,Brazil,BRA,-30.0331,-51.23,1332570.0,14.415568155864257,110,109.19324025946742,ESE,0.6663585029626085,0.1922234625134146,-0.545745967429614,0.25985528276234104,108.72791082783021,2.9515990407212787,-1.937704383199783,rich core
1170179113,Barranquilla,Colombia,COL,10.9833,-74.8019,1326588.0,14.392238110023438,79,219.60988105200428,SW,0.26500184507905916,0.022289471326374488,-1.12277213405187,0.3250655492592627,31.369836968406947,-1.8605906700065198,-4.506200405600044,rich core
1484840083,Juarez,Mexico,MEX,31.745,-106.485,1321004.0,14.370399443364514,61,51.429269145923364,NE,0.8679261514033426,0.15349590425025184,-0.6498737207922387,0.2006149539933224,35.378559141889696,3.7203238644756738,-4.733418918200153,rich core
1356390476,Meerut,India,IND,28.98,77.71,1305429.0,14.309172676267082,141,297.31668145933054,WNW,0.2022031702431551,0.020305483773506494,-1.2324485251240032,0.4015632301438211,22.85550425966139,-3.6103554184624524,-4.399583038600145,rich core
1076646823,Belem,Brazil,BRA,-1.4558,-48.5039,1303389.0,14.30111868334689,77,50.394502267663626,NE,0.6469737849081146,0.1527739626520218,-0.660959645950222,0.3282777568147117,3.9476476509404126,3.2742419398818736,-4.221328609400011,rich core
1032770677,Rosario,Argentina,ARG,-32.9575,-60.6394,1276000.0,14.192195829186902,93,334.6167695302089,NNW,0.20200348862099635,0.020168355898319668,-0.7120334620458691,0.15797360081666134,354.36707841718766,-4.227096895555361,-1.2857269069994075,rich core
1608697675,Canagatan,Philippines,PHL,18.0,121.8,1273219.0,14.181052741304995,89,191.58884124689055,SSW,0.4235797445399273,0.08311506557195125,0.40664616627712297,0.11725137230179739,154.41088266413036,6.205825029400643,1.7462732086001758,rich suburbs
1360405604,Bagam,Indonesia,IDN,1.13,104.0531,1269820.0,14.167412237299384,71,259.36198417002026,W,0.3265379631662958,0.04539522353296899,-0.23146840931336612,0.04636890528413584,266.6631034480422,3.178968549073513,-1.4780059517999966,rich core
1356115460,Jabalpur,India,IND,23.1667,79.9333,1267564.0,14.158345792126939,124,45.2865002901352,NE,0.1934981557935729,0.018344870943904246,-1.001993241970962,0.31092713796713256,87.97708638756352,-4.457617246683585,0.5304438179999895,rich core
1360564479,Sumedang,Indonesia,IDN,-6.84,107.9208,1240000.0,14.046727550891204,94,208.48432362016032,SSW,0.18283278461813002,0.01471305808790635,-0.7698542157907784,0.16553850141911197,222.47275381969115,1.208016802159726,1.3257713439999605,rich core
1704783472,Can Tho,Vietnam,VNM,10.0333,105.7833,1237300.0,14.035709047770348,106,243.24117821399489,WSW,0.7546035854989213,0.2663473549073785,-1.0856973303316142,0.44186142768946723,281.539513110382,-2.0208836483363655,-2.609244316199982,rich core
1076145766,Campinas,Brazil,BRA,-22.9058,-47.0608,1213792.0,13.939117846146129,121,261.31930278204385,W,0.48656512796545925,0.1101862748249336,-0.7402667460278268,0.24480014688251894,255.63115046925813,0.7193311286674113,0.8566058619998866,rich core
1404512373,Mombasa,Kenya,KEN,-4.05,39.6667,1208333.0,13.916516581685391,73,100.14085017174152,E,1.0296804778824311,0.3094851551965656,-0.8343324311797986,0.4652144219980474,120.24293954854458,-1.0738206558507812,3.3193782505999465,rich core
1356145782,Varanasi,India,IND,25.3189,83.0128,1198491.0,13.875603206549012,123,239.04974798061653,WSW,0.4450827164753308,0.09349762439472176,-1.1581120767390063,0.3595327759426782,150.20999912787104,-4.589676281491435,2.7998814000001104,rich core
1764662886,Chiang Mai,Thailand,THA,18.7953,98.9986,1198000.0,13.873556488440151,107,178.55534060018206,S,0.21406513387122172,0.02287750535319244,-1.243360768629614,0.382332552447739,311.223052187671,0.9163113842990764,-2.528834903400174,rich core
1566540296,Maiduguri,Nigeria,NGA,11.8333,13.15,1197497.0,13.871459191927707,88,181.64517028962246,S,0.12650510832305994,0.00712292452971619,-1.4298705909876184,0.5151478191995995,55.459287268926865,-1.3211585560807642,-1.1937091403999052,rich core
1180720887,Mbandaka,Congo (Kinshasa),COD,0.0478,18.2558,1187837.0,13.831071230238223,51,127.71182978277534,SE,0.17205861331396896,0.007469112079352747,-0.959167346439665,0.32256404063171484,217.00392457227855,3.9512883005635917,0.1405560615999999,rich core
1398791401,Shymkent,Kazakhstan,KAZ,42.3167,69.5958,1184113.0,13.815445246403758,150,22.911286858256847,NNE,0.38223447738443544,0.056042547260451325,-1.2930002738277326,0.4335038790910767,213.44366379677507,1.1359169959766913,3.0501416180003496,rich core
1434201852,Tripoli,Libya,LBY,32.8872,13.1914,1183000.0,13.810768971032594,81,2.9240970912014697,N,0.7009908456325182,0.09077199594910756,-0.6693903555970704,0.22844199901979945,1.061272943679698,1.5538439428301007,-4.570534274999613,rich core
1356442950,Srinagar,India,IND,34.09,74.79,1180570.0,13.800549519599777,137,88.76154176477385,E,0.4171227369144328,0.0782053503572282,-0.7739744714844808,0.2364980982534609,57.06057975206534,0.8720795313875769,-2.691754635000377,rich core
1356840670,Aurangabad,India,IND,19.88,75.32,1175116.0,13.777563410982195,110,181.21330289718424,S,0.26314371263871084,0.029183651019048296,-1.0873315719858176,0.3199814966550467,167.49058535592758,0.1690960210896435,0.11551105060015487,rich core
1360503809,Cilacap,Indonesia,IDN,-7.7167,109.017,1174964.0,13.776921823702667,51,122.34441930320627,ESE,1.1351776353981475,0.37510532181560174,-0.5376295671040651,0.47551342968214905,134.33983597225873,1.4985839706998405,6.112514055400048,rich core
1360243491,Bandar Lampung,Indonesia,IDN,-5.45,105.2667,1166761.0,13.742218128292958,85,20.320923394261985,NNE,0.7893404485011534,0.3067607586329951,-1.2008967284554513,0.5933646531638261,40.251925196648074,0.6704730394275469,4.191433075200006,rich core
1356103392,Dhanbad,India,IND,23.7998,86.4305,1162472.0,13.724010848081623,117,218.6778845643902,SW,0.6197377087738418,0.17830255846902532,-0.8693588371268575,0.40101617259189437,211.14487019582012,1.0551352478647384,1.8935226881998837,rich core
1566262000,Aba,Nigeria,NGA,5.1167,7.3667,1160000.0,13.71349739717094,98,239.2306668318164,WSW,0.14919006762670922,0.010413146467657564,-0.9426383262616802,0.28454627302779056,229.48549342001508,1.964949677348656,2.181490556400057,rich core
1566080151,Benin City,Nigeria,NGA,6.3333,5.6222,1147188.0,13.658776751499481,97,83.46831571091113,E,0.4161854627646944,0.07742316538397997,-1.3632422795990011,0.4722036159361489,117.9491476953305,0.5264471714644703,0.6415928027999698,rich core
1108101689,Bujumbura,Burundi,BDI,-3.3833,29.3667,1143202.0,13.641672639412821,79,264.93761791410645,W,0.4507133483808645,0.0676601314789671,-0.984265750029478,0.4541331004819378,265.26642475795774,3.3461162285445774,1.3245329152000238,rich core
1508074843,Maputo,Mozambique,MOZ,-25.9667,32.5833,1133200.0,13.598584867833488,82,349.1261378957462,N,1.0197919529288966,0.5064969068393501,-0.5762489716835251,0.5105765180860535,11.002410172416743,-4.300173896248138,4.265652260199992,rich core
1180475821,Bukavu,Congo (Kinshasa),COD,-2.5,28.8667,1133000.0,13.597720807285862,95,17.92461252642335,NNE,0.4304572574224213,0.07303393158957061,-1.0153411715930964,0.43771060540414974,355.7145580880184,0.7431451481479296,-2.874083935999982,rich core
1356926507,Amritsar,India,IND,31.64,74.86,1132383.0,13.595054565243903,132,119.79689198619006,ESE,0.28679345266737605,0.03641861496020227,-1.1699260910997107,0.36634751901568396,127.59047270333261,0.13400661084645016,0.5276775517998349,rich core
1566202131,Shagamu,Nigeria,NGA,6.8333,3.65,1132270.0,13.594566157628341,76,12.131666545756694,NNE,0.6161420483569069,0.1502502870022997,-0.6632205183273964,0.195918376933928,329.6820091146196,2.365685395212534,2.879614395199928,rich core
1356076391,Aligarh,India,IND,27.88,78.08,1131160.0,13.589766866183812,126,10.663925368555786,N,0.36208616145294936,0.05772871267657953,-0.731483604741882,0.34336934386851325,39.13169528305869,-4.401816844547996,-3.5469488407997627,rich core
1214636202,Santo Domingo,Dominican Republic,DOM,18.4667,-69.95,1128678.0,13.57902456208364,75,128.2925013137105,SE,0.8292976452165135,0.19118893893929723,-0.45131975426218995,0.2471308666804477,136.17640393239583,-2.0173792119208294,3.555072040400079,rich core
1360771925,Bogor,Indonesia,IDN,-6.5966,106.7972,1127408.0,13.573522047795016,97,14.680727443153222,NNE,0.4429181817168531,0.08436113710637028,-0.9423952416581928,0.27841282004624757,330.9383612130042,1.530785875773228,2.360487747599974,rich core
1417191971,Bishkek,Kyrgyzstan,KGZ,42.8747,74.6122,1120827.0,13.544944898666488,150,203.25672671036912,SSW,0.28143719739299144,0.032386223659017,-1.2773518453590775,0.48411051608032396,175.90852597289978,-1.291474966970723,1.2730275460005434,rich core
1356593800,Guwahati,India,IND,26.1722,91.7458,1116267.0,13.52508064285147,108,167.78755804877133,SSE,0.3652153243039366,0.05915608567315611,-1.2808840647448418,0.4912866476065696,288.58807574632453,4.518811869462624,-3.17089772419987,rich core
1834011288,Mwanza,Tanzania,TZA,-2.5167,32.9,1104521.0,13.473672415743216,74,100.6558291378582,E,0.6273822664923148,0.16227129016383246,-1.229335428360409,0.4699938246049289,175.163818696244,3.8113947219064794,0.5454246788000088,rich core
1484788702,Mexicali,Mexico,MEX,32.6633,-115.4678,1102342.0,13.464097254069479,71,88.77050663458566,E,0.5497836598292593,0.12324517618013064,-0.682586197098414,0.22600604010637637,74.90460090858585,0.38924862998379517,-5.356496183199933,rich core
1566683694,Ikare,Nigeria,NGA,7.5167,5.75,1099931.0,13.453488489467519,76,109.950729852063,ESE,0.24681952632795487,0.02590520308782407,-0.34576431856580253,0.04020277658227378,37.01349805288408,2.0013835041452737,-1.5306300346000192,rich core
1288890688,Tamale,Ghana,GHA,9.4075,-0.8533,1095808.0,13.435312126154264,87,51.27855084745841,NE,0.17323490618659476,0.013299453580356557,-1.3222499278281041,0.498893568213155,30.20118269284128,-0.6825491018676004,-1.4856927610001023,rich core
1148708596,N'Djamena,Chad,TCD,12.11,15.05,1092066.0,13.41877748480859,112,23.201700762610425,NNE,0.32277807961713134,0.04463077030175744,-0.9376370539861861,0.4347473507227655,25.092375981693728,-1.4282059920274648,-2.8797895543999257,rich core
1398516045,Astana,Kazakhstan,KAZ,51.1472,71.4222,1078362.0,13.35791265897544,148,202.61906017166274,SSW,0.09625406761265844,0.002970550251468751,-1.0016830299570738,0.2966031187850955,223.35091753116478,1.301242226097333,1.036662647399968,rich core
1478414984,Nouakchott,Mauritania,MRT,18.0858,-15.9785,1077169.0,13.35259070906796,68,245.1210144858008,WSW,0.23793537267148304,0.01635239922661469,-1.1320734647530977,0.38550290481354554,330.2153049993321,1.1863633827298843,-1.49436898760006,rich core
1356110588,Ranchi,India,IND,23.36,85.33,1073440.0,13.335931348485412,107,1.8826721655549987,N,0.25674844707002076,0.02934829435433206,-1.0871704300663756,0.2984358820820928,79.54478529716033,-3.5699868147638316,0.4960976174000571,rich core
1356363967,Gwalior,India,IND,26.2124,78.1772,1069276.0,13.317284789213524,114,105.12326346743055,ESE,0.09008045771958736,0.003514075001257333,-0.8433278170709341,0.29526847494119446,129.8791346586121,-3.3387426378196725,3.7482395095999355,rich core
1356739179,Chandigarh,India,IND,30.75,76.78,1055450.0,13.255035995031646,111,210.50179150477274,SSW,0.9493862221021997,0.39472579075592706,-0.6349891900864185,0.43358740675229923,207.64721314588272,-0.7005219671732732,-1.8488951787999088,rich core
1558296252,Managua,Nicaragua,NIC,12.1364,-86.2514,1051236.0,13.235959613154687,76,261.1325220322419,W,0.044972275729770625,0.0009724563791099206,-1.0309322763118356,0.3360449779116056,8.195334379095359,-1.6210536116037702,-4.4225973204000795,rich core
1356040854,Haldwani,India,IND,29.22,79.52,1050000.0,13.230355077268726,93,254.49814197211356,WSW,0.4124830657415589,0.05661439549223746,-0.8817056254741557,0.2609612570555022,335.74618286925505,-1.2547814546692795,-2.307100861199734,rich core
1356807575,Vijayawada,India,IND,16.5193,80.6305,1048240.0,13.222367216839555,93,155.65413785003233,SSE,0.3680968522350178,0.056775910163291865,-1.1347402397560988,0.32341526558582057,108.06809776828831,0.658561516395638,-1.0318730339999895,rich core
1180478201,Kisangani,Congo (Kinshasa),COD,0.5167,25.2,1040000.0,13.184854891850009,72,260.03392139664754,W,0.295469414438496,0.030680740098035453,-1.0910971702602232,0.45113693740030625,221.8968304546713,0.8587688464834322,2.3137168617999926,rich core
1076819308,Sao Luis,Brazil,BRA,-2.5283,-44.3044,1037775.0,13.17469305770899,50,58.35571316893102,ENE,1.0545910235330256,0.3875798109367732,-0.38895259367404283,0.46677168544039194,45.55523783572531,3.835921111578644,-3.171916921199985,rich core
1356727084,Jodhpur,India,IND,26.28,73.02,1033918.0,13.157044602486781,113,156.337156649886,SSE,0.4375670459148464,0.08365916365878268,-0.904549333925735,0.33849963429844887,196.68763889801698,3.0361711467135652,2.8169963389997292,rich core
1566373448,Ogbomoso,Nigeria,NGA,8.1333,4.25,1032000.0,13.148252730667688,92,13.162519592226335,NNE,0.03819897607501496,0.0006040017816830723,-1.0594614167019873,0.2876297108111857,233.56074538433012,1.6612353825294797,1.7011681578000246,rich core
1050032005,Rangapukur,Bangladesh,BGD,25.56,89.25,1031388.0,13.145445198746561,114,120.55850886833571,ESE,0.3656548932684673,0.05681453443507689,0.008701663456545543,0.06592755533764016,122.74202739564345,-3.2628119498456982,-3.3099002995998834,rich suburbs
1795049992,Ashgabat,Turkmenistan,TKM,37.9375,58.38,1030063.0,13.139363145337118,128,113.54314547373745,ESE,0.11169460739122526,0.005325219697402406,-1.036377179545232,0.3227547175572605,236.8096698912591,3.162324283981306,1.776900290400171,rich core
1562932886,Niamey,Niger,NER,13.515,2.1175,1026848.0,13.124584715545804,94,331.64299827067754,NNW,0.08549809656755857,0.003160015228553359,-1.4279861190559313,0.500788206470681,247.6383446675453,0.995993478460786,0.8179141031998469,rich core
1430477826,Monrovia,Liberia,LBR,6.3133,-10.8014,1021762.0,13.101145237858429,44,108.67355923547919,ESE,0.35923383292307975,0.03149340305532511,-0.6397096785157916,0.12222484389014021,127.80952360881291,5.287292481931336,2.2683406847999787,rich core
1484669072,Morelia,Mexico,MEX,19.7683,-101.1894,1011704.0,13.054570875849835,84,176.65334177480736,S,0.896191082093446,0.3599576590567114,-0.3428777038111823,0.4239139045511712,189.18232388093483,3.4780523642525196,0.7435088586000838,rich core
1356374983,Raipur,India,IND,21.2444,81.6306,1010087.0,13.047055617529775,97,47.21400698147434,NE,0.4469094792596463,0.08758910081243898,-1.1792685223879267,0.40750882013331136,52.951501840387856,-0.17960650814749535,0.4855709725999997,rich core
1604723954,Arequipa,Peru,PER,-16.4,-71.5333,1008290.0,13.038694742676356,78,67.02835494240341,ENE,0.13595456069861378,0.005997070786475822,-0.983214557248397,0.3059126702819548,91.08812703993864,-3.014005037039105,0.5201234313999059,rich core
1356820310,Kota,India,IND,25.18,75.83,1001694.0,13.007923626408457,95,124.88131828637512,SE,0.43910668834029104,0.08402960067586207,-1.3723345621435656,0.4850178316678819,318.66416628290324,4.170482524455192,-3.0386180479998526,rich core
1586556108,Quetta,Pakistan,PAK,30.1833,67.0,1001205.0,13.00563722687867,80,130.67310698556975,SE,0.11532678480568208,0.0036812025548812466,-1.0818257291553253,0.3327558757555995,144.6883645190159,-0.46428755851357373,1.9230017166002522,rich core
1356698199,Bareilly,India,IND,28.364,79.415,1000000.0,13.0,116,72.87497790271453,ENE,0.39830598440867915,0.0666987712219288,-0.8025992213909925,0.38397057832791437,67.11933051109449,-2.82489088039018,-2.4414170152000185,rich core
1704966442,Quang Ha,Vietnam,VNM,15.9333,108.2667,1000000.0,13.0,76,54.207605957709795,NE,0.43439250614044866,0.04752405237438795,0.16261698200767188,0.028862093562201818,68.15129354858688,-1.8024069760210377,-2.5895198307999188,rich suburbs
1288459533,Domaa-Ahenkro,Ghana,GHA,7.2833,-2.8833,1000000.0,13.0,70,203.35244219097842,SSW,0.2863393377424566,0.02532742881422667,-0.3394976306684715,0.07921181123468557,173.11131523912147,-6.219538194604951,-1.231835055599971,rich core
1454688499,Lilongwe,Malawi,MWI,-13.9833,33.7833,989318.0,12.949836351200988,95,320.37918125575027,NW,0.4999222203080824,0.10484217811214391,-1.227231756553633,0.4254926562869069,335.0779795508153,-0.3246207505805998,-0.5575216314000073,rich core
1332401940,Port-au-Prince,Haiti,HTI,18.5333,-72.3333,987310.0,12.940367945165312,85,13.820579364044411,NNE,0.908806286345746,0.3412971834647317,-0.5881848759209787,0.5676475427011185,13.817246795866083,0.758432493788332,-4.198541224200001,rich core
1360422679,Pekanbaru,Indonesia,IDN,0.5092,101.4453,983356.0,12.921687393996336,86,219.34209587254722,SW,0.5230301107092605,0.1144464406848903,-1.10066538792448,0.4185378307279224,185.99231882403882,-1.1614557533000163,1.1430218617999994,rich core
1710918997,Gqeberha,South Africa,ZAF,-33.9581,25.6,967677.0,12.84713545158523,71,10.032353875604601,N,0.0565124265838228,0.0010335445060329906,-0.5483449349900168,0.0925925534123232,109.43550574278525,-3.753921987618366,1.0507882559999295,rich core
1608136151,Cebu City,Philippines,PHL,10.32,123.75,964169.0,12.83034963460557,83,142.68117326528633,SE,0.8475546913332316,0.284028420697102,-0.03692950137142525,0.11407043311176612,140.51758436828848,-3.256353846538204,-1.8199911351999738,rich core
1232791236,Asmara,Eritrea,ERI,15.3228,38.925,963000.0,12.824747275841814,91,279.72454888361364,W,0.27862489534365686,0.029940200427854835,-1.1110740554433307,0.32977974701693147,292.9437280263806,-0.2630497502730762,0.025870624999953407,rich core
1356999503,Coimbatore,India,IND,11.0167,76.9556,959823.0,12.809499681990308,93,82.66704156215387,E,0.5179942612712085,0.11255376645217074,-1.1233833931827888,0.48629699389704106,65.47651078600761,-2.030331059672692,-1.4276173800000151,rich core
1076440479,Maceio,Brazil,BRA,-9.6658,-35.735,957916.0,12.800331767831505,45,126.09545018154333,SE,1.0110625520008791,0.15620677161905017,-0.6914419404465377,0.35429527632172875,119.42505319533934,-1.859853217463309,4.519527808200011,rich core
1076727667,Teresina,Brazil,BRA,-5.0949,-42.8042,953172.0,12.777474171429413,83,64.23634306586268,ENE,0.5387760795033455,0.11287057771547526,-1.0287357101779284,0.33224753712907507,105.34909681988613,1.771400034361129,2.0481695684000094,rich core
1356314385,Solapur,India,IND,17.68,75.92,951558.0,12.769680981779143,95,265.1184097858508,W,0.4195188036756561,0.07151607854666264,-1.235233391732094,0.4256001816206867,219.50895936955962,-1.388016694549501,-0.5834935477998133,rich core
1694085071,Freetown,Sierra Leone,SLE,8.4844,-13.2344,951000.0,12.766984714157855,45,238.79227498994373,WSW,0.4248195107233347,0.058470239915674016,-0.7786529864812534,0.22608596146047433,309.4975290331344,0.8397815879274244,-3.6452491268000493,rich core
1418732714,Vientiane,Laos,LAO,17.98,102.63,948487.0,12.754829281448572,99,197.35341390446095,SSW,0.34266193662654587,0.045159283408146456,-0.6778736662224815,0.1455029020361106,67.22212325299276,-3.760380225974963,-2.0422467913998723,rich core
1458417183,Seberang Jaya,Malaysia,MYS,5.4083,100.3695,946092.0,12.743225419611102,65,201.70807419374938,SSW,0.31662502213962407,0.033676715473532015,-0.43840200724729744,0.12392445541201014,233.72244715513642,4.790894116680777,0.8142925848000271,rich core
1356422270,Hubli,India,IND,15.3502,75.1376,943788.0,12.732044700644702,76,332.5496599205164,NNW,0.2577969798420299,0.025795653546977992,-0.992035796702666,0.3314031784437843,36.376736556771434,-3.4387784060001696,-1.3153313991999482,rich core
1604613706,Trujillo,Peru,PER,-8.112,-79.0288,935147.0,12.689955843030582,58,264.71189819748184,W,0.36445932151457094,0.04199687280334552,-0.7064836970179755,0.22609309097158958,284.4790916958449,2.3322189853463637,0.7013412438000017,rich core
1484666646,Aguascalientes,Mexico,MEX,21.876,-102.296,934424.0,12.686422966149715,94,13.280920223717752,NNE,0.5542255212970708,0.12023897718787901,-1.3112033588317298,0.4987444907954711,12.01824115972555,0.462609525770576,0.7462602349999834,rich core
1356884472,Trichinopoly,India,IND,10.7903,78.7047,916857.0,12.600040182969853,88,27.672766810012334,NNE,0.02371699532623565,0.00022355340001112278,-1.0841935146288877,0.3380068466694808,33.25700326528006,-1.0927685260206363,-1.259270381200066,rich core
1170886102,Cartagena,Colombia,COL,10.4,-75.5,914552.0,12.588627349504163,66,261.35275658389224,W,0.28466351720853256,0.026798920366471024,-1.0922401640097386,0.34404346036648725,299.0459648031125,1.9588164303735383,-2.102929802599947,rich core
1032492280,Santiago del Estero,Argentina,ARG,-27.7833,-64.2667,911506.0,12.573517301732782,82,232.15376291829,SW,0.365510878514482,0.03714609476424058,-1.1329885148964636,0.42917798139746455,283.34647035947677,2.5024553116426365,-1.0371584712000814,rich core
1360900986,Padang,Indonesia,IDN,-0.95,100.3531,909040.0,12.561260724629589,47,293.6074075498446,WNW,0.8636703026716259,0.17961728145046774,-0.7793267061290371,0.3597459086754513,280.8904829511968,5.416190064549952,2.1454746883999825,rich core
1566679132,Owerri,Nigeria,NGA,5.485,7.035,908109.0,12.556627911251963,81,23.493891344797436,NNE,0.5381088749755557,0.11355063356542083,-1.0970868262655522,0.3387095200725513,318.1578086442646,2.204081122864526,1.5902826343999408,rich core
1854348796,Bobo-Dioulasso,Burkina Faso,BFA,11.1833,-4.2833,903887.0,12.535580287990456,73,282.1970558592212,WNW,0.6790168945525693,0.1564251744529207,-1.288618951705472,0.557933101828983,286.70700642988294,0.6259955497757019,-0.7692155543999863,rich core
1180006418,Bunia,Congo (Kinshasa),COD,1.5667,30.25,900666.0,12.519480526346921,71,256.86202128652997,WSW,0.2406932349343469,0.022511938981997104,-1.1814360289884445,0.41383148964222705,120.3402247811313,-2.727510080442352,0.8149045741999927,rich core
1076660445,Campo Grande,Brazil,BRA,-20.4839,-54.615,897938.0,12.505816117876762,78,326.1473910930765,NW,0.0751306612337421,0.001826463956556612,-0.7157442956306259,0.1414594109818622,180.7093638675868,0.32341028230396063,0.7226839419998079,rich core
1170940590,Bucaramanga,Colombia,COL,7.1333,-73.0,893040.0,12.481215464682533,65,232.67392767655792,SW,1.028317582787722,0.4729291584018559,-0.4621994328099485,0.5635727994911885,222.09020182646415,-4.598568236533122,1.477488013200018,rich core
1484396779,Merida,Mexico,MEX,20.97,-89.62,892363.0,12.477808383174349,88,348.9495753307935,N,0.38472445643595643,0.05892548123158514,-1.0909263404469398,0.3788019294676711,342.23625144891196,0.6234110987447163,0.340584427599941,rich core
1356269375,Moradabad,India,IND,28.8319,78.7764,889810.0,12.464945210170674,102,282.6852456875348,WNW,0.3876029029300939,0.06168890169993568,-1.0807279698957761,0.32601150086310926,5.999045841742375,-2.635214867625752,-1.7984753509999951,rich core
1140080881,Bangui,Central African Republic,CAF,4.3733,18.5628,889231.0,12.462024660414095,69,359.34333933524516,N,0.3196049719436584,0.03736476802038535,-1.3140009551659908,0.5019040270193403,330.71857701561345,0.05004588593699566,0.04720949079992742,rich core
1566979497,Abeokuta,Nigeria,NGA,7.1608,3.3483,888924.0,12.460475619551646,80,179.6241739403477,S,0.36200136706125274,0.04820588044941565,-1.2592624461495117,0.45949092429319327,201.52615100825548,1.7243085909794242,1.2592111048000252,rich core
1484010310,Cancun,Mexico,MEX,21.1606,-86.8475,888797.0,12.459834711000756,57,13.478304636766017,NNE,0.23392072999994173,0.017426794866290507,-1.1514317855424927,0.4057111575437523,5.53371819017024,-0.7694939061348762,-1.3154842865999257,rich core
1484335603,Chihuahua,Mexico,MEX,28.6369,-106.0769,878062.0,12.405447011158815,73,349.00142037866215,N,0.5246491929747562,0.07676287427061235,-0.5158901595766759,0.128632581414035,326.8558509696186,0.34906627941713,0.5746085500001055,rich core
1458509635,Klang,Malaysia,MYS,3.0333,101.45,878000.0,12.405131662317947,80,17.593417199033944,NNE,0.37157826025244806,0.053438171808197765,-0.9802668044282007,0.29157280620492354,337.3461842775508,1.3340913574436044,1.306483405999968,rich core
1356539761,Tiruppur,India,IND,11.1085,77.3411,877778.0,12.404002393126222,84,49.422642449384206,NE,0.39272493905614353,0.05602845300430659,-0.8093373886912416,0.28118527000360105,49.87704132860092,-0.9408504090141054,-0.6519869157999079,rich core
1356494816,Jalandhar,India,IND,31.2569,75.4432,873725.0,12.383353389805503,108,66.04134510632932,ENE,0.8213862569556868,0.24137453108937845,-0.4075796949998614,0.3141526540353844,74.71318926736849,0.10726244707575283,0.3881865345999671,rich core
1458423505,Ipoh,Malaysia,MYS,4.5972,101.075,866772.0,12.347786360437592,64,43.666540956772266,NE,0.40058197223733105,0.06045225361829576,-0.9959987418781007,0.2770401367123567,30.39950242504835,2.515846507296228,0.5147846234000166,rich core
1484107245,Saltillo,Mexico,MEX,25.4231,-100.9919,864431.0,12.335770250711734,61,259.3031585848588,W,0.12226641795745097,0.003546191673759247,-1.4712004319708343,0.54597067589351,67.89087431459396,0.3762995296695877,0.6585048761996912,rich core
1762930616,Dushanbe,Tajikistan,TJK,38.5367,68.78,863400.0,12.330471628750598,129,305.83021368805527,NW,0.13761311763840994,0.00707721473981604,-0.8771507083064431,0.25323773076016276,286.9343633417684,2.564339977224229,0.40711680340001877,rich core
1484719986,El Dorado,Mexico,MEX,24.808,-107.397,858638.0,12.305945575059729,80,202.38744622223442,SSW,0.616891352643819,0.1323951223726283,-1.2851382676719438,0.4896033667397258,120.65535311878814,-2.960643122668408,-1.5738332126001389,rich core
1068793894,Cochabamba,Bolivia,BOL,-17.3883,-66.1597,856198.0,12.293344936003033,78,233.0479216983682,SW,0.2446429423884795,0.0210597968755335,-0.7841684475607176,0.1589491091664379,33.41928786128457,-1.9302047958799005,-2.4037905991999384,rich core
1484015319,Hermosillo,Mexico,MEX,29.0989,-110.9542,855563.0,12.29006190348396,74,264.0946211385226,W,0.6562343296101142,0.14334026386820986,-1.023102610486686,0.3445295905193231,325.0714959546744,-2.798558308620393,-1.6607184293999229,rich core
1566568277,Akure,Nigeria,NGA,7.25,5.195,847903.0,12.250335254277978,69,338.15134198130914,NNW,0.24472491511231398,0.022326920968932407,-1.282190066339387,0.4467409751040594,250.96053381052937,2.0274606536675073,2.0396553703999967,rich core
1566480168,Ilorin,Nigeria,NGA,8.5,4.55,847582.0,12.24866546389208,76,112.56434430097653,ESE,0.6477387737987326,0.1380529154386112,-1.1602217053522637,0.48585741907213076,148.34081717642948,1.5053190371975091,1.033431970400084,rich core
1524589448,Kathmandu,Nepal,NPL,27.71,85.32,845767.0,12.239216503630027,98,147.66545096860708,SSE,0.6208439678033786,0.13788161782022768,-1.0863619239618572,0.4034432497360675,94.39282301564268,-2.347484099488984,-1.9596811856002052,rich core
1076339714,Iguacu,Brazil,BRA,-22.74,-43.47,844583.0,12.233045557692295,86,154.94339326590006,SSE,0.7082282681591602,0.18349161857911378,-0.5663260375743984,0.36481273447241935,164.61480036275486,2.000480589404976,1.6608086477999802,rich core
1710690280,Pietermaritzburg,South Africa,ZAF,-29.6167,30.3833,839327.0,12.205584512278445,94,266.1819053712766,W,0.5086361792993952,0.09661133653374987,-1.034995560063615,0.3151765235027738,286.69504168109336,-2.6475343050547906,-0.5552769791997036,rich core
1710149138,Durban,South Africa,ZAF,-29.8833,31.05,838634.0,12.20195558800335,48,321.33921219800203,NW,1.2455979206279055,0.2629458092204864,0.1799896675194825,0.29864203142090195,326.11923604780793,-5.338915946150948,0.5266545223999373,rich suburbs
1356140143,Bhubaneshwar,India,IND,20.2644,85.8281,837737.0,12.197255558047102,88,336.67267608267946,NNW,0.624443071087439,0.1413367077246076,-1.0314805932204492,0.406777235797123,319.1819389844229,0.9422000454544079,0.996675256600069,rich core
1360848527,Denpasar,Indonesia,IDN,-8.65,115.2167,834881.0,12.182269426359264,67,227.7740192313423,SW,0.3984505196779781,0.0548931530108373,-0.9181879535829959,0.31961092104244804,205.32404779926773,-0.4442393763165331,3.113109678599942,rich core
1076922014,Joao Pessoa,Brazil,BRA,-7.12,-34.88,833932.0,12.17728252961825,59,85.68505102787879,E,0.7030731954309283,0.1461328578279234,-1.0103555775768471,0.40576765550812877,47.02778770250912,0.6818716761994885,-3.645803912999993,rich core
1360684979,Samarinda,Indonesia,IDN,-0.5,117.1378,831460.0,12.164275349906006,79,113.15109367960297,ESE,0.42172523470847145,0.0648154018099375,-1.0904048779450828,0.34740922347034253,158.1169792088159,1.3936516208172822,1.9741200767999985,rich core
1170743755,Cucuta,Colombia,COL,7.8942,-72.5039,806378.0,12.030876640150623,57,99.42992262850981,E,1.0794041835462076,0.3015058801645929,-0.8455212933654295,0.595854302520347,106.71840739549218,-1.9720517588177735,0.6678632690000246,rich core
1484604775,Queretaro,Mexico,MEX,20.5875,-100.3928,801940.0,12.006997708290116,83,312.4193041674784,NW,0.6203041105014045,0.13154847039110928,-1.0393686227344363,0.4212215763132019,291.2633012418755,1.2374354343292726,0.721266678600097,rich core
1266952885,Libreville,Gabon,GAB,0.3903,9.4542,797003.0,11.980334291998066,47,237.73019651280293,WSW,0.6512932859612315,0.07335833356161836,-0.7386611273499357,0.3378442865575494,232.21594966360828,3.337818737887389,2.142478133000001,rich core
1340568412,San Pedro Sula,Honduras,HND,15.5,-88.0333,793835.0,11.963169050715608,68,71.85158179547565,ENE,0.8928111870273754,0.3122317853369503,-0.8394883975963333,0.5182565375976688,49.10775703595433,1.7781090883857296,-2.476957414999962,rich core
1178411563,Pointe-Noire,Congo (Brazzaville),COG,-4.7975,11.8503,787799.0,11.930342326029335,40,95.74668034928509,E,0.25029327930117073,0.010861768899940949,-0.8036998453902234,0.171702306894981,104.85511445392063,4.09283330246014,2.0465643292000646,rich core
1024669127,Lubango,Angola,AGO,-14.9167,13.5,776249.0,11.867076216594795,78,50.86632755042173,NE,0.652553937928987,0.14543425011388855,-1.1588612802966685,0.4326880363013935,41.738381889244415,-0.003872750158368632,-0.8199800778000412,rich core
1484583620,San Luis Potosi,Mexico,MEX,22.1511,-100.9761,772828.0,11.848221857628669,71,189.63388332747036,S,0.3419696702788832,0.026057067155053848,-1.1826621019132344,0.4029341484305786,208.93002143921348,1.326237502527972,2.136072065999894,rich core
1762372787,Khujand,Tajikistan,TJK,40.2833,69.6333,770000.0,11.832595365304117,97,72.36227057536873,ENE,0.28829593734166814,0.03114561197833332,-1.2989877406177497,0.48540714666278983,327.38513641920474,2.141389769257131,-1.118841401199294,rich core
1356458416,Patiala,India,IND,30.34,76.38,763280.0,11.795315181803227,98,66.95471466098772,ENE,0.17281449000549587,0.01026244031845247,-1.1990985260747853,0.36424390965149256,84.53433421040147,-0.22660140586519972,0.5015450831999964,rich core
1586038700,Bahawalpur,Pakistan,PAK,29.3956,71.6836,762111.0,11.788808558697298,95,188.67242643555244,S,0.34826165248674845,0.04030221139934065,-1.3775952183703546,0.4431534712038564,64.96452423616174,-0.8729086442895664,-1.5153708226000475,rich core
1566368729,Kaduna,Nigeria,NGA,10.5167,7.4333,760084.0,11.777511173222953,74,348.74289187891594,NNW,0.09360546422499484,0.0028080932084714183,-1.2129406424480116,0.3443592129930618,22.897157617675564,-0.9608008836907374,-1.0568627579999479,rich core
1356494610,Shishgarh,India,IND,28.72,79.32,753815.0,11.742448695268067,94,38.40680958882566,NE,0.23910542034163745,0.019331676487086114,-0.1298777639346877,0.04095761365851591,54.927676696181656,-2.0939034596431423,-1.2142778205996994,rich core
1076697777,Natal,Brazil,BRA,-5.7833,-35.2,751300.0,11.728329867055495,45,149.65978332313585,SSE,0.5253614785031157,0.08468364817508922,-0.15176978663534263,0.05830859747838768,145.1883555998197,-4.399061794271379,0.20036170579992785,rich core
1356024354,Thiruvananthapuram,India,IND,8.5241,76.9366,743691.0,11.68542901553098,61,222.00173600055987,SW,0.23962132693783278,0.013629284299147004,-0.526784041458646,0.14832117112782384,216.0113399857033,1.9606516680543056,2.175449383599892,rich core
1508958445,Nampula,Mozambique,MOZ,-15.1167,39.2667,743000.0,11.681519149667864,77,334.9876692455277,NNW,0.18000328398395882,0.010642230358634652,-1.3346762100413523,0.4087566895892226,325.6512137829432,-0.22176740369626025,0.18482797499992998,rich core
1710176249,Pretoria,South Africa,ZAF,-25.7461,28.1881,741651.0,11.67387942930072,86,55.617973233750405,NE,0.5164119070268444,0.08645719030074095,-0.4259412002378453,0.17071025617882518,66.56296789680084,-2.067195595613475,2.084727248999858,rich core
1024474012,Cabinda,Angola,AGO,-5.56,12.19,739182.0,11.65987380547082,40,310.66552264186515,NW,1.1122533839799251,0.15988275109056682,-0.2049847937958207,0.2677053667124163,311.01758935978125,2.4036588924422073,-3.3173789344000504,rich core
1180581239,Tshikapa,Congo (Kinshasa),COD,-6.4167,20.8,732000.0,11.61896227146392,54,58.707547233695145,ENE,0.31473524222129945,0.030057336826760483,-1.1415821641277408,0.36951031836820203,96.67457883535724,-1.474090122790626,0.18977977399991097,rich core
1566395088,Osogbo,Nigeria,NGA,7.7667,4.5667,731000.0,11.61324552782656,74,296.1524296231516,WNW,1.0040507107357715,0.3565765845715171,-0.7417179778240237,0.5916083197057136,277.52745433585824,2.062854248842937,1.7284982181999489,rich core
1032042035,Comodoro Rivadavia,Argentina,ARG,-45.8647,-67.4808,730266.0,11.609046252110074,65,131.57021297514916,SE,1.454711896019486,0.15890727299954677,-0.5006878729512652,0.2704607797894123,143.2861841856314,-3.2836468209055383,1.785640945200056,rich core
1608831546,Cagayan de Oro,Philippines,PHL,8.48,124.65,728402.0,11.598369996801877,53,15.01106465045057,NNE,0.6870624755220976,0.08625962291591249,-1.0027108657631112,0.404149105891898,354.4450565680818,-0.21756484295069178,-3.755088029599964,rich core
1076758708,Sorocaba,Brazil,BRA,-23.5017,-47.4581,723574.0,11.57063557530723,79,341.7024565689634,NNW,0.21518132422369343,0.0138409440627133,-1.261321753727509,0.3855680165448415,77.08292867932816,-2.814022442212476,0.2725795013998997,rich core
1566212729,Enugu,Nigeria,NGA,6.4528,7.5111,715774.0,11.52557717526092,67,149.15210640755922,SSE,0.07512449550153757,0.0017660604182124784,-1.1579379625958364,0.35315085226840237,248.1515590368262,1.0259251219344847,0.3327298411999955,rich core
1076495001,Uberlandia,Brazil,BRA,-18.9231,-48.2886,713232.0,11.510824898769336,60,129.36448864845318,SE,0.6263037713456407,0.10734160633387735,-1.2893761263542909,0.4702776307704847,157.42824352772533,1.3942661850064848,0.8701103400000125,rich core
1356139858,Saharanpur,India,IND,29.964,77.546,705478.0,11.465616284707243,93,134.32629739427188,SE,0.4025198061008385,0.053020245586828274,-1.1033777170411505,0.35490168879065487,152.9713042649256,0.597423579911645,0.020725101600238105,rich core
1356851618,Warangal,India,IND,17.9689,79.5941,704570.0,11.460301554340028,72,314.94878797700795,NW,0.6077227489623536,0.11918345754277404,-0.9096277975766027,0.3179824289031049,329.5353065739383,0.13880640005333156,-0.8148753913999833,rich core
1076000699,Jaboatao,Brazil,BRA,-8.1803,-35.0014,702621.0,11.448878793502672,62,74.28337345918192,ENE,1.3561858874030288,0.5843727536792216,0.09122067941675463,0.5639540400714577,71.26587291582668,1.564037728367932,2.039852487400001,rich suburbs
1356724691,Shiliguri,India,IND,26.71,88.43,701489.0,11.442235020250905,79,306.99231128596006,NW,0.5872106485590178,0.1206695072478906,-0.9863762503851778,0.36553894623890304,1.9879649057433746,-2.4549546899826673,-2.673217123799928,rich core
1076524478,Ribeirao Preto,Brazil,BRA,-21.1783,-47.8067,698259.0,11.4232401614496,68,21.947288854033992,NNE,0.42991132580327,0.0587645643201834,-1.2796963749846795,0.4198944125000449,309.61126181120176,1.7071827781217923,0.350049562000164,rich core
1076783887,Sao Jose dos Campos,Brazil,BRA,-23.1789,-45.8869,697428.0,11.418344157497648,75,161.267750973746,SSE,1.0888258263127304,0.3998310633270975,-0.8275582101421317,0.44512966024001877,147.8641663155497,-0.7381414653081428,-2.7531621258000047,rich core
1608171585,General Santos,Philippines,PHL,6.12,125.17,697315.0,11.41767810691522,58,152.29209034832226,SSE,0.5665102477672639,0.07766557178821776,-1.0743771153175528,0.4879367734902371,169.98998870845264,-0.46687964230722656,3.4851709899999985,rich core
1566483284,Bauchi,Nigeria,NGA,10.3158,9.8442,693700.0,11.396333827155628,70,253.63977099766606,WSW,0.5504202751475469,0.09855964877543855,-1.2687301183512576,0.45564821646945,236.10016133034907,-1.3054513850245364,-0.3555803351998783,rich core
1356567087,Salem,India,IND,11.65,78.15,693236.0,11.393589051015137,67,302.04381964756845,WNW,0.3217489257633087,0.02971999969217043,-1.27370627292061,0.40878331461258177,20.388043679762383,-1.4782627528230918,0.03749917740003994,rich core
1566772925,Lokoja,Nigeria,NGA,7.8019,6.7442,692050.0,11.386567960853123,50,278.76801141021235,W,0.5261682330877446,0.09707956712632437,-0.7675145814746382,0.2101875314692112,251.07199318659002,-2.178047078415773,1.2440533256000013,rich core
1032456103,Mar del Plata,Argentina,ARG,-38.0,-57.55,682605.0,11.33037697899219,68,102.93967474568426,ESE,1.502111941533561,0.30799679685163384,-0.8003561649676676,0.5655587386090628,98.76691008964075,-4.7152092714120695,-0.5993979213999427,rich core
1360027771,Tasikmalaya,Indonesia,IDN,-7.3161,108.1975,678027.0,11.302962016057121,68,179.61987492651875,S,0.37051204256129017,0.043587191021927874,-0.6375488623045202,0.1897429880482875,182.49595815392885,0.611499164891498,1.349485634599958,rich core
1356707865,Kochi,India,IND,9.9312,76.2673,677381.0,11.299083971836216,51,30.42434540856916,NNE,0.9391910110431643,0.20592850371001992,-0.6513838768995828,0.3628031955522323,2.562134640407174,3.4941144905775587,0.4996965811999594,rich core
1356224695,Dhulia,India,IND,20.8997,74.7697,675000.0,11.284769962952662,78,32.52186441500313,NNE,0.2442221137733887,0.01904000394544625,-1.3106901586681876,0.406098326649057,14.688855021397059,0.6217607126712537,0.3018926687999013,rich core
1484463183,Acapulco de Juarez,Mexico,MEX,16.8636,-99.8825,673478.0,11.275603121380774,50,168.36441509486474,SSE,0.884492781294668,0.19941141043636534,-0.6816262282400087,0.2335488999867168,181.95988812224329,2.8122938041591077,0.8066259741997257,rich core
1356190221,Gorakhpur,India,IND,26.7637,83.4039,673446.0,11.275410246597904,83,259.03325147248177,W,0.2586867566015089,0.020595316670954267,-1.2893591279060153,0.3913601992120931,16.936247177424757,-1.837115279339864,-2.0964189102001107,rich core
1356374905,Guntur,India,IND,16.3008,80.4428,670073.0,11.25504705581053,70,347.6050733515968,NNW,0.3833599967169339,0.045178958014090664,-1.3775397270893892,0.5132863181461671,16.520976438304537,-1.0898140150392202,-0.18977462219973162,rich core
1716032632,Bulawayo,Zimbabwe,ZWE,-20.17,28.58,665940.0,11.230006016796583,69,307.54856290465983,NW,0.5481697924584987,0.09987092694818245,-1.1978803867782966,0.3824256699280859,270.4608141645968,0.9042213998296962,1.4450951400002445,rich core
1024079828,Huambo,Angola,AGO,-12.7767,15.7347,665564.0,11.227722975764214,66,60.99134307820623,ENE,0.21227545183723803,0.013723496821140713,-1.271308054309205,0.42000549726031144,61.14922224665988,-0.4081732982564894,-0.3034244955999075,rich core
1076527830,Aracaju,Brazil,BRA,-10.9167,-37.05,664908.0,11.223737820604507,46,180.5643956836669,S,0.6472226940193808,0.1081860432271845,-0.8300940647649172,0.27827245269629164,145.4184219907773,-3.7900498575412787,-0.17119096519988197,rich core
1170426927,Villavicencio,Colombia,COL,4.15,-73.6333,664148.0,11.219117724942764,63,127.71924493604048,SE,0.8630857050858323,0.2141307778645264,-1.1432066734571105,0.5286442250968644,160.84524614936092,1.9184634700738261,0.5063680257999277,rich core
1360685223,Banjarmasin,Indonesia,IDN,-3.32,114.5925,662230.0,11.207442997947549,66,41.49877359161489,NE,0.08641903185787891,0.0023539032358068646,-1.3925604718838098,0.4559948274643828,219.64995061720234,1.4479288265197017,1.0259110222000007,rich core
1566732241,Jalingo,Nigeria,NGA,8.9,11.3667,660213.0,11.195142296735346,63,298.0323383967966,WNW,0.8731545482014845,0.20159525570956238,-1.0089284322981134,0.5398019480532426,282.19669126819724,2.351909220020099,0.4468551828000322,rich core
1586696588,Sargodha,Pakistan,PAK,32.0836,72.6711,659862.0,11.192999262721761,91,171.17285259996376,S,0.28533179880291376,0.023361324351280688,-1.2605080183674309,0.4026081267079197,178.18227024077729,0.5315061828356384,0.11878020860017102,rich core
1356669973,Karaikandi,India,IND,24.8309,92.6143,659260.0,11.189322046386035,81,339.71851934537415,NNW,0.3489254035324387,0.03883986822883978,-0.6407384247434418,0.14170193159942557,18.212717472525924,-1.3776942689584928,2.1008580794001546,rich core
1384983838,Bouake,Côte d’Ivoire,CIV,7.6833,-5.0167,659233.0,11.18915707105659,62,308.02248070420455,NW,0.6602650548091533,0.13442028364446312,-1.2922717147970484,0.5504801194655681,277.2576940441767,0.4248112941627493,1.3181028171999873,rich core
1204016569,Abomey-Calavi,Benin,BEN,6.4486,2.3556,655965.0,11.169156921751181,46,193.95522540293138,SSW,0.828453108589391,0.21006037150098755,-0.6305578263562877,0.3321358596487922,165.22796469113993,-3.447083334567539,1.7971406411999933,rich core
1484854616,Durango,Mexico,MEX,24.025,-104.6675,654876.0,11.162478082791862,55,287.64798349538665,WNW,0.2111961903038351,0.009354370389777267,-1.2700037732881369,0.4783317573670859,306.0524522267351,1.9185766433770652,-1.3350597169997425,rich core
1704016023,Hue,Vietnam,VNM,16.4667,107.5792,652572.0,11.148324182595422,68,328.4876294020746,NNW,0.46319296233820206,0.06869113430045115,-1.209596216275988,0.4138508168390479,304.0818683868552,0.9012130901663564,0.12266327220002005,rich core
1076112309,Cuiaba,Brazil,BRA,-15.5958,-56.0969,650912.0,11.138106659911292,65,167.0752218889225,SSE,0.8439569281974417,0.2012656289148227,-0.6366462685887151,0.2686378376193832,156.26004640236496,0.38493567922725624,-0.3605047105999546,rich core
1231563638,Erer Sata,Ethiopia,ETH,9.5667,41.3833,649000.0,11.126317355744662,52,176.28082086367905,S,0.5778822219453004,0.10820818784868491,-0.8485305346695654,0.2564626544623534,229.13884275078993,1.1564024039946972,-2.912954529400041,rich core
1356982375,Bhavnagar,India,IND,21.76,72.15,643365.0,11.091442381560288,61,265.47549331294425,W,0.544653344879851,0.07942117744312438,-1.1366091035285701,0.42922118529971864,315.7143144560334,-0.8117490301108781,-2.712813673200287,rich core
1586438684,Chak Forty-one,Pakistan,PAK,31.0167,73.85,634236.0,11.034525751169758,88,16.454720637662874,NNE,0.5391908173734656,0.08794931675843576,-0.7983068871189838,0.2453444075305672,5.305663440213242,0.13929679576835774,-0.031434570400053374,rich core
1434915572,Benghazi,Libya,LBY,32.1167,20.0667,631555.0,11.017710996978563,49,111.43559335346366,ESE,0.6318738814700864,0.04471207707478764,-1.2297703661973358,0.429348184366683,112.47323367274555,3.8249845318832394,-1.421154549599839,rich core
1860894033,Namangan,Uzbekistan,UZB,41.0011,71.6683,626120.0,10.983482941792808,110,199.8538419692307,SSW,0.33899975123571857,0.03590356468850098,-1.0478311062600183,0.34412642649630165,212.52418001622476,0.9579336023187963,0.8969706808000684,rich core
1356098574,Bhilai,India,IND,21.21,81.38,624700.0,10.974508885078667,72,246.08440124489243,WSW,0.7286891047851719,0.1472028528490621,-0.6583399631082667,0.23184459196654994,244.03557009670195,0.9999833258255872,1.0230029259997515,rich core
1356972351,Mangalore,India,IND,12.8681,74.8425,623841.0,10.96907387376204,47,271.73260890679563,W,0.7351371057822375,0.08906893950594419,-0.8131615372488843,0.29000257931474094,276.40782042339066,3.5555147757682795,0.7209017843999579,rich core
1566773679,Jos,Nigeria,NGA,9.9167,8.8903,622802.0,10.962493573594923,67,206.18694737304472,SSW,0.8990558316539016,0.23658342526732823,-1.2119289134228455,0.5505628846888264,207.38024259753067,-0.3303351505465244,-0.29085223180010544,rich core
1360645580,Jambi,Indonesia,IDN,-1.59,103.61,619553.0,10.94187122967013,47,209.37422100005958,SSW,0.8535786795477018,0.22708711703925855,-0.997753877547999,0.44592039229195646,234.86073625654495,2.0130766505990056,-2.525423915399987,rich core
1360992394,Pontianak,Indonesia,IDN,-0.0206,109.3414,618388.0,10.934459781480289,60,170.2287781554703,S,0.6729339111861816,0.12958379579752966,-1.3269760991592,0.5210435955170183,157.74353612708177,-0.6076259545389036,-0.155389940600001,rich core
1356234338,Bihta,India,IND,25.5619,84.87,617427.0,10.928339403160788,76,254.35159055101417,WSW,0.3166889723853083,0.02798478298562279,-0.8274708322631249,0.1886931231027581,327.17636581680466,-1.3285501118341365,-2.3263907154001817,rich core
1076050637,Joinvile,Brazil,BRA,-26.3204,-48.8437,616323.0,10.921300762427384,65,36.97537894537769,NE,0.4587210231275426,0.049620870877756906,-0.7899589936968152,0.2688482568295164,63.01372542551979,-2.4498956243242205,0.5092170026000442,rich core
1076892244,Feira de Santana,Brazil,BRA,-12.25,-38.95,616279.0,10.92102006974466,63,178.06419936624528,S,0.0676653401937028,0.001361774560507678,-1.348361878164646,0.5044314592654797,187.0255128047339,0.377472119123345,0.7349206513999285,rich core
1360329102,Serang,Indonesia,IDN,-6.12,106.1503,613356.0,10.902344342757944,61,92.62826400241546,E,0.09084501161737384,0.0021655720886986085,-0.8929257444396659,0.18589302627454052,144.91137963735693,0.001123166692710953,0.7729729972000001,rich core
1458763489,Kuantan,Malaysia,MYS,3.8167,103.3333,607778.0,10.86654651958728,42,123.0471974825067,ESE,0.49173887176381736,0.03634367631161106,-0.30252116876360013,0.13103187337938338,138.4277698381805,-1.956363995774792,2.0004679447999987,rich core
1356872061,Cuttack,India,IND,20.5236,85.7881,606007.0,10.85513685065623,70,148.04225775062656,SSE,1.2081803225803176,0.45471203433256957,0.20331114814683235,0.41439386678180135,141.99020448480027,0.8267705633304967,-0.041695837599759145,rich suburbs
1032233996,San Miguel de Tucuman,Argentina,ARG,-26.8167,-65.2167,605767.0,10.85358900928016,77,243.48000338933196,WSW,0.7948807769182611,0.18117372476329607,-0.8471419103131147,0.32222424946835193,259.94386222347157,-1.0742208526703028,-1.0679331315999168,rich core
1356110964,Salimpur,India,IND,26.3,83.9167,604483.0,10.845301384102738,78,242.23147763626196,WSW,0.5931885690232748,0.10453308810999573,-0.47047643645630244,0.13671685352992768,249.90779592538917,-1.6113328822727766,-2.0339647988001186,rich core
1024774947,Malanje,Angola,AGO,-9.5333,16.35,604215.0,10.843570147387522,57,192.36302739064658,SSW,0.36326432560662014,0.03531858018948564,-1.0264522075827718,0.30935411676499713,103.5933651817695,-1.1417502288909063,-1.1559538679999708,rich core
1788742103,Tunis,Tunisia,TUN,36.8064,10.1817,602560.0,10.832868211217589,90,313.05216064530043,NW,0.5796520865780445,0.10470046980850578,-0.3979396555450806,0.10688186839815816,328.83809927749024,-2.9939869338394534,1.1134192858004184,rich core
1608244137,Bacolod,Philippines,PHL,10.6765,122.9509,600783.0,10.821356406738659,43,283.71561267612896,WNW,1.0698392581126814,0.15362238844717568,-0.9955769008477405,0.40537940573098274,284.7388468518167,3.4095799425347746,-1.6151436590001005,rich core
1356096816,Raurkela,India,IND,22.2492,84.8828,600000.0,10.816277040301523,73,223.8980569854116,SW,0.9885207435824053,0.282486622275676,-1.0581677233929763,0.5296821276889689,229.02662387817753,0.13222246811748306,-0.7078820727996185,rich core
1120435460,Bafoussam,Cameroon,CMR,5.4667,10.4167,600000.0,10.816277040301523,59,284.58925270074366,WNW,0.6764921698391775,0.12141650072215238,-1.38265758285347,0.5166881245965674,258.95368526523987,-0.14775642835993885,1.6137868343999386,rich core
1120803808,Garoua,Cameroon,CMR,9.3,13.4,600000.0,10.816277040301523,56,13.617278427654004,NNE,0.7701204222461884,0.1541719124062928,-0.9105166549396726,0.42482033087460813,13.199940385966329,-0.9271919957133985,0.809381182999946,rich core
1356033724,Tumkur,India,IND,13.34,77.1,599078.0,10.810290531050546,62,108.10780671819147,ESE,0.22216475519546755,0.013655376161289756,-0.9714030381041336,0.28103487450938647,88.34075860357004,-0.9175788564472676,-0.38097004180003147,rich core
1484625454,Irapuato,Mexico,MEX,20.6667,-101.35,592953.0,10.770370661145401,66,18.578234550304348,NNE,0.6183322072544871,0.11088812125499015,-1.1176534967844107,0.4310584586307863,14.628819769432535,-0.47684460452862787,0.06438885800016081,rich core
1586141444,Sialkot City,Pakistan,PAK,32.4925,74.5311,591668.0,10.761962182337506,88,178.6386115689585,S,0.26337924757161335,0.020326511965310434,-1.254395499105511,0.3780028031214203,196.83397739543804,0.2922320849817588,0.13339809139972125,rich core
1170386718,Pereira,Colombia,COL,4.8143,-75.6946,590554.0,10.754663189709921,59,215.99583562613154,SW,0.610080652996423,0.10696873116610062,-1.150981056680535,0.44235761705395527,200.27210114897733,-0.10592364570999635,1.1483698109999665,rich core
1484737671,Reynosa,Mexico,MEX,26.0922,-98.2778,589466.0,10.747526039869493,44,206.5863526924479,SSW,1.0999906476077903,0.1264067348159793,-1.1080570775965268,0.3819340329636741,208.4131036880539,-1.9040388145394704,-3.8740545961997697,rich core
1360181436,Cimahi,Indonesia,IDN,-6.8712,107.5548,586580.0,10.728553290193283,60,124.13303339609124,SE,1.410855416611292,0.5292978481521454,-0.3221114891453553,0.5409055008585616,130.83242154765122,0.2059155130249195,0.7756801439999723,rich core
1800265900,Mbale,Uganda,UGA,1.0806,34.175,586300.0,10.726709375630433,61,320.3312088948942,NW,0.14307985469629103,0.005883147945497047,-1.178271136824161,0.3137897546491478,48.400445055851684,-0.8334170638761211,-0.44487267259999896,rich core
1400040712,Al Mafraq,Jordan,JOR,32.3399,36.2052,580000.0,10.685071435142055,79,16.104796403361224,NNE,0.25616171544027144,0.018364183539946732,-0.9112795458830381,0.22815065251794342,51.48399060802891,-0.20135408828563683,0.5838655099999013,rich core
1356465590,Tenkasi,India,IND,8.9564,77.3152,580000.0,10.685071435142055,59,45.83609879816859,NE,0.22372070717290385,0.012784389602755408,-0.6302547549620306,0.0958953573422886,240.57286141605155,0.418504031791203,1.4126748431998752,rich core
1388709177,Kingston,Jamaica,JAM,17.9714,-76.7931,580000.0,10.685071435142055,50,347.71432887359214,NNW,0.939510361681052,0.14613460172204162,-1.2334879338788511,0.5082009259668925,354.4148046085752,-0.04005683383531178,2.5325404518002053,rich core
1484832519,Tuxtla,Mexico,MEX,16.7528,-93.1167,578830.0,10.677306848106815,45,8.076078736623934,N,0.5470324599767403,0.050218636572915254,-1.1899684081407675,0.5055314523757313,35.78478741406648,-2.004515778202933,-0.9022841384000717,rich core
1356970407,Dehra Dun,India,IND,30.345,78.029,578420.0,10.674583547923428,77,171.51199527052265,S,0.5627339602800157,0.08347213057225855,-0.8662924318427658,0.3014711786878792,161.58530542665744,-0.32637742894533517,-0.05132491679989393,rich core
1050399881,Mymensingh,Bangladesh,BGD,24.7539,90.4031,576927.0,10.664656296466955,71,194.72591804319822,SSW,0.3273653104987402,0.03025565482866377,-0.9153498127244638,0.20555303429891836,126.45880175121673,-0.9846207365801245,-1.0065241644000817,rich core
1608875987,Iloilo,Philippines,PHL,10.72,122.57,574000.0,10.645146277756343,57,291.4336790514135,WNW,0.610553704269974,0.11360860963497921,-1.23306721493097,0.4535742069696487,304.4492981010993,-1.5639402676959104,0.3510649266000083,rich core
1356307269,Kottayam,India,IND,9.5916,76.5222,571856.0,10.63081493543836,63,67.39946509257564,ENE,0.861776604441105,0.22070170106560694,-0.587947428955601,0.3359302297663247,67.5588242120964,-0.3469062281825046,-0.2699095161999079,rich core
1404140179,Nakuru,Kenya,KEN,-0.3,36.0667,570674.0,10.622899271711557,49,46.34845699761174,NE,0.9142923206882696,0.2711817923401163,-0.777364269606305,0.5558449791504502,62.25901921714055,-4.061799807017119,0.15444032359999937,rich core
1400221568,Irbid,Jordan,JOR,32.55,35.85,569068.0,10.612127316264912,84,293.51310289782106,WNW,0.3488436373871976,0.033785413569554335,-0.7822085290670736,0.16643290717082904,294.58808169079276,0.109978245099974,-0.0728887629997299,rich core
1356045686,Durgapur,India,IND,23.55,87.32,566937.0,10.597803939629612,71,197.0402304909452,SSW,0.5296109206914814,0.07596264859508806,-0.9988642370636573,0.2872827921472638,199.23517524860256,-0.5899222171680236,-0.9784273110001518,rich core
1356093694,Asansol,India,IND,23.68,86.99,563917.0,10.577446068988769,70,310.3339910178437,NW,0.21558471833403436,0.012954769071565453,-0.823136160495757,0.20741862817279788,329.5499020958069,-0.5383898367751403,-0.9879237013999127,rich core
1356201241,Bokaro Steel City,India,IND,23.67,86.15,563417.0,10.57406883305012,70,136.76253350057974,SE,0.11346767634359543,0.0035875499192454807,-1.0994599559193428,0.30154810506389795,81.63201971093501,-1.028839651758945,-0.8821837014001339,rich core
1356110593,Kolhapur,India,IND,16.6917,74.2333,561489.0,10.561028222841834,66,65.93102905858257,ENE,0.7113710942799152,0.1478182090965834,-1.2339289283390622,0.5220359757993631,67.86966430674777,-0.6692088545200576,-0.1299338896001121,rich core
1356090025,Nava Raipur,India,IND,21.161,81.787,560000.0,10.550937295704347,65,305.9246256979656,NW,1.2916356345946705,0.41703933575629426,-0.3661940712595321,0.5109049013788266,296.9377110237364,1.0775617161603375,-0.09244930360007686,rich core
1076723241,Londrina,Brazil,BRA,-23.31,-51.1628,555937.0,10.523314763647189,66,280.3089938769188,W,0.2609891791191223,0.017894557610113937,-1.1684276002257779,0.32176376639749316,27.22748117562481,-1.4790031652490967,-1.642435238400088,rich core
1566061694,Uyo,Nigeria,NGA,5.0333,7.9275,554906.0,10.51628491355328,59,184.90779864688992,S,0.44162036784243675,0.054741690709827595,-0.8466230594891911,0.2936921052028588,206.6851946495352,1.118807781501154,0.1420781504000015,rich core
1604799615,Chiclayo,Peru,PER,-6.763,-79.8366,552508.0,10.499901809893087,59,226.80489325365187,SW,0.6310442947218715,0.11289211147597455,-1.066661814156367,0.463174800543361,204.36619970227915,-0.26570268197828284,1.8714925149999608,rich core
1360853933,Surakarta,Indonesia,IDN,-7.5667,110.8167,552118.0,10.49723303526812,62,267.6335615381483,W,0.4869181279618894,0.06770381806970693,-0.9016156783906222,0.2651497515153587,270.03424731553457,0.12837837124090612,0.5645833205999988,rich core
1356058258,Ajmer,India,IND,26.4499,74.6399,551101.0,10.490268012205586,71,345.78443037804857,NNW,0.7021464888150387,0.13477733372149148,-0.8915825295676599,0.3925721100386991,12.681680964682204,-1.1686648705107512,-1.1816825215998819,rich core
1356722310,Nanded,India,IND,19.15,77.3,550439.0,10.485729819922792,66,42.69153783096802,NE,0.4012144584188854,0.044837803537851495,-1.021224957402404,0.332377760666444,35.01205845948322,0.1513863919764411,-1.06936336859982,rich core
1710326039,Rustenburg,South Africa,ZAF,-25.6667,27.2428,549575.0,10.479801604407863,60,27.851094611725337,NNE,0.12108409577509197,0.002982475778499749,-0.9158956854193707,0.2433199936917777,131.70067805383877,-1.0261603474467709,1.2422581943998612,rich core
1356462099,Amravati,India,IND,20.9258,77.7647,549370.0,10.478394150110969,65,281.68291031523455,WNW,0.4319088219398343,0.049081450494120826,-1.1264909167247787,0.4312704058161788,284.8378098550256,1.1989173590091262,-0.042416484799971954,rich core
1860445095,Andijon,Uzbekistan,UZB,40.7833,72.3333,547800.0,10.467603948812439,99,132.50460979493778,SE,0.5018939549756134,0.06855003653660374,-1.2758658225391655,0.47051231035626484,169.91682452613287,0.4391654069477475,1.9114299276000395,rich core
1356280972,Nellore,India,IND,14.45,79.99,547621.0,10.466372472100732,62,209.92875479920934,SSW,0.5530689344786994,0.08733375714960667,-1.152178494958749,0.4365072061895371,210.07577061029147,0.24482578152129797,0.5694485765999904,rich core
1860388706,Samarkand,Uzbekistan,UZB,39.6547,66.9758,546303.0,10.457297009018571,95,273.0719421698787,W,0.6099555497241573,0.1007235398691767,-1.152216862983991,0.5118895597292763,244.7465613989551,0.8148346562806257,1.3993525924003851,rich core
1458639918,Sungai Petani,Malaysia,MYS,5.65,100.5,544851.0,10.44728261373214,57,212.62078814146565,SSW,0.49968419497685573,0.07243206296379323,-1.0725215579487293,0.352125950684646,185.78890129224388,-0.6399294827652522,0.6937669247999754,rich core
1170481949,Valledupar,Colombia,COL,10.4833,-73.25,544134.0,10.442331188512496,48,186.17276076936918,S,0.507659129914514,0.07051408994490138,-0.9913309678170725,0.38340393048291854,220.6544076866923,0.39507068032691706,-0.7533722163999066,rich core
1484614906,Heroica Matamoros,Mexico,MEX,25.8797,-97.5042,541979.0,10.42742410734171,44,125.80758576710328,SE,0.4837768542405185,0.0619598551179531,-0.956955121942365,0.3483314969793222,106.08936511180067,-2.190266588062949,-3.4185762591999165,rich core
1834396594,Mbeya,Tanzania,TZA,-8.9,33.45,541603.0,10.424819265473214,56,111.63497417430696,ESE,0.40978989059686727,0.04843484687007249,-1.0138203378873887,0.3233508827752164,61.546444468467804,0.26664531280875536,-1.649876868600039,rich core
1170245063,Ibague,Colombia,COL,4.4333,-75.2333,541101.0,10.421339719737002,47,62.56111982349128,ENE,0.9017090211738022,0.18973126871603951,-0.9892692182384961,0.4084732639824721,42.76127570849992,1.9033153931471478,-0.8963482307999815,rich core
1076006144,Juiz de Fora,Brazil,BRA,-21.7619,-43.3494,540756.0,10.41894720047442,54,306.4939617350133,NW,0.706247515923924,0.12016846881487298,-1.2159192367374887,0.46909760660247335,298.7906053329623,0.3301943985796729,-0.13030261619978845,rich core
1608985581,City of Calamba,Philippines,PHL,14.22,121.17,539671.0,10.411416527460156,43,243.41765714463378,WSW,0.3361153499105778,0.018772195533925062,-0.6810036158610658,0.13759049739922546,175.68354657660427,-3.1121917381126334,-0.5466026688000039,rich core
1076190259,Florianopolis,Brazil,BRA,-27.6122,-48.4853,537213.0,10.394320342290758,45,272.338548711366,W,0.4237076079107964,0.025986798546662415,-0.4115307563495426,0.09348123438015488,274.67667348091527,-0.8534556719355617,0.5373249134001021,rich core
1032926124,Salta,Argentina,ARG,-24.7833,-65.4167,535303.0,10.381001077913401,59,215.4086430314298,SW,0.4548825091532777,0.05624065167451542,-1.0644819536186192,0.3102389091675971,110.87408704021486,-2.014431682291759,-1.5977652585998001,rich core
1356091187,Gulbarga,India,IND,17.329,76.825,533587.0,10.369008697384002,59,91.20555632328352,E,0.3161899584822722,0.027950085984923878,-1.4269307847373405,0.5577076418639535,55.15375815694771,0.4752531311104935,-0.5458065359999313,rich core
1686956738,Touba,Senegal,SEN,14.8667,-15.8833,529176.0,10.338068427034612,58,210.27738966716126,SSW,0.756974461322212,0.1467240610933599,-1.5381272302704907,0.6478779974064683,222.46768415170453,-0.03215066575982739,-0.4780448725999822,rich core
1356026593,Bikaner,India,IND,28.0181,73.3169,529007.0,10.336879725406536,62,38.32204784730994,NE,0.4571091210189816,0.054297247899838696,-1.169648859098932,0.43672781501021507,15.980852657436465,0.4195930430065715,-1.6314975535999015,rich core
1894032745,Ndola,Zambia,ZMB,-12.9689,28.6325,528330.0,10.332115446749363,54,201.45554730654138,SSW,0.6673974912189745,0.1125610770945592,-1.4815454419035428,0.6191528081768625,206.38519500324608,-0.016102420214011204,-0.3603811630000422,rich core
1170855299,Monteria,Colombia,COL,8.75,-75.8833,523150.0,10.29553205199682,56,32.72114669648609,NNE,0.7216613317334251,0.13885491597689525,-1.103396225883438,0.4047767313518379,17.51438929991699,0.9746469010941219,-0.3752461410000052,rich core
1356051733,Nagercoil,India,IND,8.175,77.4306,522759.0,10.29276124853066,56,206.94909375283754,SSW,0.6302722047185626,0.1044915051516262,-0.7401346269351216,0.2654147008818365,230.3683351031847,1.1966886031160726,0.3070545583998836,rich core
1356148992,Agartala,India,IND,23.8314,91.2869,522613.0,10.291726286171857,75,352.12450987939485,N,0.37041033845402016,0.03312817617566788,-0.8240533092582938,0.2872495620097629,72.18635157981595,-2.54148628651102,0.07220452360031615,rich core
1076191325,Serra,Brazil,BRA,-20.1289,-40.3078,520649.0,10.27778589263209,40,130.15842639200093,SE,1.2559652030170552,0.49419909882493795,-0.45981650011178754,0.48953658494314245,123.23698126791341,1.26742289841674,-1.5400768865997172,rich core
1356050735,Ujjain,India,IND,23.17,75.79,515215.0,10.239039344186887,66,63.31889298639953,ENE,0.5116091858326751,0.06613591382247486,-1.145960025277334,0.43510095161735995,47.31849139315238,-0.9590293920087234,-1.363832988000155,rich core
1076606365,Campos,Brazil,BRA,-21.7539,-41.3239,511168.0,10.21001239533107,48,210.47203756969895,SSW,0.5294930821367653,0.06358629190040832,-1.0765356626132454,0.3936329382708722,241.1587987899917,1.9173393988029623,-0.014894616199690347,rich core
1356077831,Bhilwara,India,IND,25.35,74.63,509483.0,10.197883431172421,65,234.69589135578778,SW,0.5628928428439907,0.0832301606767839,-1.345902003025536,0.4392127214503908,234.41274904092114,-1.2699411605584743,-0.8479942206001088,rich core
1704909566,Hai Duong,Vietnam,VNM,20.9397,106.3306,507469.0,10.183352530857183,61,263.12029230387964,W,0.2869826322348587,0.021503542492267713,-0.7954292697239767,0.18712270326359004,240.61787611992116,0.05026431312908919,0.4206049152000748,rich core
1356712664,Jhansi,India,IND,25.4486,78.5696,507000.0,10.179963425345584,66,161.1076919082026,SSE,0.24998372954103287,0.01572582485699814,-1.2916840872962632,0.3886330755434608,78.56715338368704,-1.911222230743613,-0.7699621487999941,rich core
1894321752,Kitwe,Zambia,ZMB,-12.8167,28.2,504194.0,10.159644570293429,50,20.458849161237595,NNE,0.05682138139666684,0.0008031323819064351,-1.0988067471652465,0.3117694516191003,189.09631899293382,1.2290414146836657,1.7510183096000347,rich core
1356977661,Vellore,India,IND,12.9165,79.1325,504079.0,10.158810288274253,58,311.08764895052377,NW,0.33479481270525685,0.029142980395663987,-0.9609587038642354,0.25959331757104087,304.32289973394137,0.2453606417423746,0.4764741249999904,rich core
1356491738,Jammu,India,IND,32.73,74.87,502197.0,10.145139738462094,77,184.3244280560425,S,0.36069288491304996,0.03459505431097998,-0.8121146740244295,0.2217482131076952,203.22722206659586,0.4506134079243882,0.5020739222002426,rich core
1566756897,Ile-Ife,Nigeria,NGA,7.4667,4.5667,501952.0,10.143357686691086,53,323.86066591977635,NW,0.892087066953886,0.18693094918240905,-1.1334461611263154,0.5140471050109943,313.5556293309043,0.46455134897067296,0.5887399071999599,rich core
1586383591,Sukkur,Pakistan,PAK,27.7061,68.8483,499900.0,10.128410190859757,64,198.96605716554856,SSW,0.44673185684609584,0.04825344212454574,-0.9365112918632147,0.22076838873739013,73.82789588370565,-0.8086622431578885,-1.5284425856000308,rich core
1398274508,Qaraghandy,Kazakhstan,KAZ,49.8028,73.1056,497777.0,10.112904118228847,106,38.99424859734324,NE,0.1070820980582125,0.0025915995465985997,-1.0604344954873874,0.3115848100091927,81.45052256556289,-1.3082436124977779,0.054315566600294574,rich core
1608430676,Lapu-Lapu City,Philippines,PHL,10.3127,123.9488,497604.0,10.111638688672675,47,316.861737697028,NW,0.5974147587413782,0.08920682103652067,-0.5866050822619703,0.15594975252536847,321.529248774127,-0.980046223804619,0.3781848964000307,rich core
1356486511,Purnea,India,IND,25.778,87.476,496830.0,10.105973720950367,65,92.86387198079277,E,0.4629086651306201,0.05457605183239134,-0.9858120701120421,0.2916695517573502,75.14541268752095,-0.4417087498631247,-1.115780417599705,rich core
1360013261,Lembok,Indonesia,IDN,-8.565,116.351,495651.0,10.097333661043804,46,180.0453273731743,S,1.6082863183567564,0.4476259168030152,-0.37008260675698157,0.45384138286467757,177.08143101407268,0.458661589462082,-1.2771006585999576,rich core
1180978192,Likasi,Congo (Kinshasa),COD,-10.9833,26.7333,495000.0,10.092557303437266,51,186.67780339381758,S,0.3408118003238231,0.02419826858731955,-1.3570415097019264,0.5285478350244235,192.42572617786038,0.5727647628076991,1.038811175599971,rich core
1586986678,Pindi Bhattian,Pakistan,PAK,31.8958,73.2761,493222.0,10.079491679276497,76,106.15016649758206,ESE,0.327627470660293,0.026978943595514004,-1.2189753539988724,0.3625464193777014,101.43968881104693,0.4718569386735183,0.2591760163999677,rich core
1458150101,Kota Bharu,Malaysia,MYS,6.1333,102.25,491237.0,10.064869254875207,52,182.5754200798099,S,0.7421805570823269,0.12285283880545561,-0.49489447755056853,0.175864028034461,175.81669827370447,-0.1896347629544639,0.8467422213999711,rich core
1586678302,Larkana,Pakistan,PAK,27.5583,68.2111,490508.0,10.059489611906919,68,297.52666071652163,WNW,0.5973722778072283,0.08757506001263626,-1.1754526640392147,0.37970765645801297,332.51398081698824,-0.8205762708479387,-1.2647255118000604,rich core
1704960059,Vinh,Vietnam,VNM,18.6667,105.6667,490000.0,10.055737808681275,60,305.62291387017325,NW,0.33334384642635384,0.02816108780075599,-1.2380017112432307,0.3938015911713105,354.80669350113664,-0.5768386580622558,-0.517886600999713,rich core
1356390535,Belgaum,India,IND,15.85,74.5,488157.0,10.042105507508955,58,89.07087137959779,E,0.3340623625686872,0.029447122608904697,-1.2667104215631895,0.40495703285387086,98.85124866899756,-0.030707524890312143,0.6075966066001186,rich core
1400161837,Az Zarqa',Jordan,JOR,32.0833,36.1,481300.0,10.0,74,247.57609231848232,WSW,0.7359887122277113,0.13602346666931753,-0.9134920477829404,0.33875166576734295,243.0869691779257,0.337179785475195,0.15195240859970127,rich core
1356113556,Malegaon,India,IND,20.55,74.55,481228.0,10.0,57,254.04623681161644,WSW,0.991334253444109,0.22334382548420195,-0.9080790309955264,0.48433772924540996,257.5900616853147,0.8711723077751898,0.5918912661997631,rich core
1076760827,Sao Jose do Rio Preto,Brazil,BRA,-20.8081,-49.3811,480439.0,10.0,56,0.5233367952315298,N,0.2148834877095063,0.011772647569711525,-1.1275701510427898,0.3507058559677667,19.933920616147805,0.16275449128400865,0.4874228671999141,rich core
1180380965,Kolwezi,Congo (Kinshasa),COD,-10.7167,25.4667,480000.0,10.0,43,229.25384931206784,SW,0.24925067157117214,0.015890073247655345,-0.6308565922683179,0.18174018541730985,161.88551402276417,-1.8978252515926872,3.1860866023998664,rich core
1356104995,Jamnagar,India,IND,22.47,70.07,479920.0,10.0,55,254.4845960096766,WSW,0.5089558222310149,0.06136638555398277,-1.2106265697139995,0.443918804686944,271.83789148892123,-1.2761945509058172,-1.1438479311997654,rich core
1050646703,Sylhet,Bangladesh,BGD,24.9,91.8667,479837.0,10.0,62,138.5930372464055,SE,0.4034025307263106,0.04054952717413762,-1.186380527074511,0.3740077396366026,114.02963637977355,-0.31904832005163897,-0.7159890631997232,rich core
1076025295,Ananindeua,Brazil,BRA,-1.3658,-48.3719,478778.0,10.0,45,250.91435490979296,WSW,0.7299721221845641,0.14313760845589107,-0.9225826023930318,0.32291514120726994,255.6688720736002,-1.3154520032450563,0.39961413759999687,rich core
1710178149,East London,South Africa,ZAF,-33.0175,27.9047,478676.0,10.0,40,346.69108639643326,NNW,0.5573181160881661,0.033193559200081824,-0.6746120530970398,0.15519967439804938,353.9431483500673,-1.614382116096591,2.3487130930000575,rich core
1586413435,Chiniot,Pakistan,PAK,31.7194,72.9842,477781.0,10.0,69,171.9512850862689,S,0.11998272286356715,0.0033507125061321696,-0.9332466306949301,0.2302840359901397,160.60549937880006,0.04298065805792817,0.16587175900008155,rich core
1600057911,Asuncion,Paraguay,PRY,-25.3,-57.6333,477346.0,10.0,63,101.2530445638377,ESE,1.1978282672386993,0.3597859082467072,-0.4936899018648119,0.4526127900931519,85.13703935005826,-1.28566964597999,-1.6613342511998166,rich core
1356054525,Bardoli,India,IND,21.12,73.12,475963.0,10.0,61,211.6042027981144,SSW,0.5834565359447742,0.08110406198624764,-0.25761703648766116,0.1211599831264284,224.83170469288973,0.8169157510355056,0.906256980599732,rich core
1404676289,Eldoret,Kenya,KEN,0.5167,35.2833,475716.0,10.0,54,255.35508407497156,WSW,0.6892254177717714,0.11531649062227056,-1.0332451323535234,0.3960735532256946,247.2574049768195,-0.474095698280955,-0.25674015280000795,rich core
1356045727,Gaya,India,IND,24.75,85.01,474093.0,10.0,64,313.9432185046562,NW,1.0305408424024187,0.26293111580754436,-0.10567502576322851,0.3355065820257205,320.68222924241553,-0.2073036009545941,-1.5752855643999073,rich core
1586291726,Shekhupura,Pakistan,PAK,31.7111,73.9878,473129.0,10.0,74,136.29081380800713,SE,0.2631350859421905,0.01727628501986067,-1.4121210809471063,0.46609845298059915,129.34456575694676,-0.3528271633844824,0.015039681800146809,rich core
1604331641,Piura,Peru,PER,-5.2,-80.6333,473025.0,10.0,45,236.58924104110662,WSW,0.16216155611301164,0.006162950320865668,-1.308071526091221,0.4005822859496533,171.81126687244384,-0.6676975353425778,1.9915960776000485,rich core
1032869625,San Juan,Argentina,ARG,-31.5342,-68.5261,471389.0,10.0,70,257.8546868804987,WSW,0.736241214970844,0.13562331287471252,-1.1141193019132896,0.5270072957037568,255.05531563474204,0.6287147892710969,0.4934251191996992,rich core
1764752197,Nakhon Ratchasima,Thailand,THA,14.975,102.1,466098.0,10.0,56,169.2511334292271,S,0.6563187645233716,0.10898851396544873,-0.8388292723776501,0.2707842210428931,186.12235993834355,0.6787200775961413,0.28968338299997853,rich core
1012275076,Constantine,Algeria,DZA,36.35,6.6,465138.0,10.0,76,64.9881908962607,ENE,0.8520442928717544,0.1621340168190456,-0.42986224906883336,0.2540667001850965,65.87937058011786,-0.03629181224233946,-1.2519652722002217,rich core
1076809957,Caxias do Sul,Brazil,BRA,-29.1667,-51.1833,463338.0,10.0,67,85.42282968517452,E,0.4716145112994986,0.053562992274875265,-1.4494013872939993,0.5781297884090066,85.85209686969465,-0.17955132254116357,0.5633742316000294,rich core
1608036027,Angeles City,Philippines,PHL,15.1472,120.5847,462928.0,10.0,52,20.24964601234413,NNE,0.77878462269074,0.14668357977414437,-1.1240087552459332,0.4108427768739752,17.609885062324487,0.4239004560341755,0.025422580400096706,rich core
1360843220,Manado Light,Indonesia,IDN,1.4931,124.8413,461636.0,10.0,40,219.1838203766944,SW,0.21486161988044097,0.014355426242120828,-0.9362558525491015,0.29992698182212507,279.3868132890181,2.8098128938513263,-0.9045307068000206,rich core
1356734842,Jalgaon,India,IND,21.004,75.568,460468.0,10.0,54,7.602556937448477,N,0.7720065513859303,0.11525547492287169,-0.9051251193792312,0.40914172008950733,352.5548292989754,1.1448618434940911,-1.6096851358000315,rich core
1076045591,Porto Velho,Brazil,BRA,-8.7619,-63.9039,460413.0,10.0,44,109.75742806970122,ESE,1.2120647102665285,0.2848604533991417,-1.2180308568254687,0.6598755173499713,118.11587293384832,1.9060254204070723,0.8820042700000563,rich core
1356776353,Chhatarpur,India,IND,24.55,79.3527,459943.0,10.0,49,278.30962021312405,W,0.5369567143841972,0.06325012799604468,-0.22871335333624193,0.11113930504069414,277.83163440428166,-2.184166354449971,2.4446398703999908,rich core
1180518247,Kikwit,Congo (Kinshasa),COD,-5.0386,18.8181,458000.0,10.0,46,239.87273630732102,WSW,0.4353564157101481,0.04443634417944009,-1.4845760955537624,0.5741926306052377,183.71803302119645,-1.0178327185583864,0.08216915719993523,rich core
1356058372,Kurnool,India,IND,15.83,78.05,457633.0,10.0,49,224.04115071524723,SW,0.998035729749363,0.21436049894900366,-1.0821913732395678,0.5526311575425399,228.58424826303377,-0.013558051737913246,-0.18092339339992947,rich core
1170930654,Manizales,Colombia,COL,5.1,-75.55,454494.0,10.0,53,148.08417170543038,SSE,1.1053189798838334,0.31451818297051193,-0.5085859081024726,0.45195519912447824,148.32989406456176,-0.08800178757193855,0.02807635640007433,rich core
1458441859,Kota Kinabalu,Malaysia,MYS,5.975,116.0725,452058.0,10.0,41,134.543166169922,SE,0.9086575045665536,0.18491403111982208,-0.773566587283631,0.24685004412095568,163.93322351610144,3.037069115506906,-0.9805594729999836,rich core
1356266094,Udaipur,India,IND,24.58,73.68,451100.0,10.0,64,64.64084204813061,ENE,1.1152569437983997,0.3164318728950456,-0.9623430586305375,0.6203834158367691,61.86771776250264,-0.8045383150815226,-0.6615092533998563,rich core
1076857883,Mogi das Cruzes,Brazil,BRA,-23.5228,-46.1878,450785.0,10.0,58,249.73927643493488,WSW,0.9043797529773451,0.19945645897895425,-1.069485009527082,0.4240923596824938,257.5847125167903,-1.167548182971311,-1.3943090986000382,rich core
1050687094,Sirajganj,Bangladesh,BGD,24.45,89.75,450000.0,10.0,56,217.79355338653,SW,1.0670791909865807,0.3187143808210644,-0.45777632118544886,0.30135912905795437,234.4117596358987,-3.6172222794855404,-0.5585888904000296,rich core
1566196391,Ado-Ekiti,Nigeria,NGA,7.6211,5.2214,446749.0,10.0,50,86.54569244357229,E,0.1677629227954459,0.006482315915263714,-1.417938516220622,0.4548504994696543,230.99786222612605,0.9583814099023442,0.37894785700001066,rich core
1484714297,Ensenada,Mexico,MEX,31.8578,-116.6058,443807.0,10.0,42,225.90258617977904,SW,1.0195403676510346,0.18811092326681578,-0.53660897704183,0.3188861148425052,221.22059242743896,0.9874687394504758,1.330883255400023,rich core
1050749168,Chauddagram,Bangladesh,BGD,23.2283,91.3133,443648.0,10.0,69,249.6248166204972,WSW,0.6854424375457429,0.11499818319064514,-0.040062182108449376,0.228553900844215,246.7726274480396,-0.032894827280824046,2.893096758399892,rich core
1356066081,Mathura,India,IND,27.4924,77.6737,441894.0,10.0,68,66.25397712168119,ENE,0.5317465567579664,0.07176883604338924,-0.810617470467395,0.22141703539800794,70.62992194809785,-1.233880097058762,-0.44610196019993253,rich core
1356921375,Sangli,India,IND,16.853,74.583,436639.0,10.0,58,80.05405387348716,E,0.7095035416059139,0.13163237898925106,-0.9572219366775685,0.40691006763225346,56.8044310723719,-0.46433311057545446,-1.3474016916002345,rich core
1356445061,Davangere,India,IND,14.4666,75.9242,435125.0,10.0,59,207.73984577323964,SSW,0.5741695050950311,0.08593166263482788,-0.8059349498125615,0.33985457761145654,211.51384092303965,0.3374350896375855,0.08749882399995279,rich core
1586840922,Sanghar,Pakistan,PAK,26.0442,68.9536,434087.0,10.0,65,66.18777713213993,ENE,0.1791604224312694,0.007460763810755777,-0.8654967701250048,0.18213753081872164,45.8694724917323,-0.47836425633279234,-0.9343856868000948,rich core
1788196439,Sidi Bouzid,Tunisia,TUN,35.0381,9.4858,429912.0,10.0,65,174.1165246275621,S,0.3759094052156321,0.026921724445024053,-0.8235324621288796,0.2604221468645842,177.95521044721627,0.12648865008798005,0.6380116816001493,rich core
1356106444,Baramati,India,IND,18.15,74.58,429600.0,10.0,57,216.15867315957138,SW,0.23228322734127566,0.012940019333697705,-1.0530639674091702,0.2611298578255099,41.703445030877994,-1.0853532205590088,-1.041111711599651,rich core
1604162901,Cusco,Peru,PER,-13.525,-71.9722,428450.0,10.0,47,55.519347991011095,NE,0.4813052332283651,0.04946615265630305,-1.1751148548331551,0.38235681796665455,47.9631598505755,1.1332749738017274,-0.33619862919989174,rich core
1566574518,Sokoto,Nigeria,NGA,13.0622,5.2339,427760.0,10.0,54,162.2429709089755,SSE,0.7477543345135709,0.14165616508446843,-1.265542000503356,0.5419278794443225,161.3783879934495,-0.25836447543195007,-0.05743435020011134,rich core
1356540032,Mothihari,India,IND,26.65,84.9167,426158.0,10.0,65,174.79481187581766,S,0.0964273108408409,0.002193338892465979,-1.3357488415529764,0.428529856885594,73.56084463274743,-1.5189984099612435,-0.3837271667997264,rich core
1356089496,Akola,India,IND,20.7,77.0,425817.0,10.0,62,132.334600763556,SE,0.6641090087897912,0.11505558857705767,-1.2823643740657824,0.49208789298720046,141.69429045554423,0.7372510127136724,-0.06927490939996517,rich core
1484334948,Xalapa,Mexico,MEX,19.54,-96.9275,424755.0,10.0,57,82.61643446270885,E,0.6005728841435377,0.08780864150999212,-1.0932228873335015,0.39884767095092455,69.09780577195951,-0.1665198871786462,-0.6170272493998006,rich core
1076166252,Piracicaba,Brazil,BRA,-22.7253,-47.6492,423323.0,10.0,56,128.00583682314468,SE,0.19686998199048092,0.010499970808351189,-1.2287009757499525,0.39200417034894863,89.11494788381071,-1.311486602159869,-0.4859840858000517,rich core
1360384833,Yogyakarta,Indonesia,IDN,-7.8014,110.3644,422732.0,10.0,54,40.38242180765755,NE,0.6344570403451153,0.10687861590351433,-1.0696909648591326,0.35068365621097375,44.047885891984485,0.5409308986637598,0.4430807770000378,rich core
1384564974,Daloa,Côte d’Ivoire,CIV,6.8833,-6.45,421871.0,10.0,56,70.83812152891042,ENE,0.24783285920800607,0.016039944472681644,-1.4756390780923385,0.4868653032020366,276.5888277053921,0.9641974147673071,0.001713598599939914,rich core
1586136399,Rahimyar Khan,Pakistan,PAK,28.42,70.3,420419.0,10.0,70,318.7574143944109,NW,0.19569631507726803,0.009878074409902071,-0.9993615226630608,0.27987566841264766,353.7590609883431,0.10001836504835637,-1.0762944422002452,rich core
1458051507,Seremban,Malaysia,MYS,2.7222,101.9417,419536.0,10.0,53,171.959327252636,S,0.90325456874923,0.19301971988493927,-1.1712310101397345,0.4824250596190568,182.04989343214245,0.8409945899665399,-0.8413487231999834,rich core
1076218697,Campina Grande,Brazil,BRA,-7.2306,-35.8811,419379.0,10.0,50,266.65646781559957,W,0.31709144375905635,0.02181706752571544,-1.3515526072801105,0.4446200492292758,241.94866469325635,-0.9631634781833007,-0.0567247604000265,rich core
1050000610,Kushtia,Bangladesh,BGD,23.9101,89.1231,418312.0,10.0,58,188.7213771317359,S,0.7637173733623891,0.13547101052618393,-0.9164642683256677,0.2546027123271162,165.72291295510192,-0.47665355761887973,-1.737696655600061,rich core
1834484937,Arusha,Tanzania,TZA,-3.3667,36.6833,416442.0,10.0,50,154.5556092579925,SSE,0.6333864887574439,0.09357152597464313,-1.0398689300912085,0.42775778059174885,162.18883638664343,-0.1961674575654957,-0.2355469494000033,rich core
1356590604,Bettiah,India,IND,26.8014,84.5028,414453.0,10.0,66,68.56351158308402,ENE,0.06074257095873127,0.0009305768580543106,-0.7407635759807469,0.17689085014537775,55.67589264103257,-0.8603861811185443,-0.9238571257999748,rich core
1586288677,Jhang City,Pakistan,PAK,31.2694,72.3161,414131.0,10.0,73,122.2397755538087,ESE,0.8213947903288057,0.17584764075155634,-1.1321903033397942,0.4823657947765352,124.68963697774684,0.768594505878136,0.16349441799979836,rich core
1764003406,Khon Kaen,Thailand,THA,16.4333,102.8333,412758.0,10.0,58,323.42752611443774,NW,0.25503204745526736,0.016527552937605994,-1.2305237984111645,0.37243482955833895,357.9738415656725,-0.7907954891934317,-0.515363597600043,rich core
1356512373,Shorapur,India,IND,16.52,76.76,412291.0,10.0,52,227.69191222401884,SW,0.6222510317578829,0.09415677787364773,-0.6767609252572134,0.15282626808707966,204.67351616014278,-0.6609225337514903,0.2211717326001459,rich core
1076953384,Betim,Brazil,BRA,-19.9678,-44.1978,411859.0,10.0,58,98.15242653084272,E,0.7961894477595148,0.16299717036707984,-0.6656753877430088,0.29624590721223076,85.10975183409354,0.34522247297875985,-0.10381822699980425,rich core
1356037155,Tinnevelly,India,IND,8.7136,77.7567,411298.0,10.0,54,282.9447447012715,WNW,1.0611203863365448,0.2864404006283101,-1.2122816974709842,0.6196088459713631,281.9863529675052,0.5897065073491703,-0.15419574140005032,rich core
1170320545,Pasto,Colombia,COL,1.2078,-77.2772,410835.0,10.0,44,229.66802441862663,SW,0.6139948741149912,0.07960683682218805,-1.2941751279115672,0.4766969557175196,202.2746650734252,-0.07159400366282576,1.4943390510000114,rich core
1356209152,Bellary,India,IND,15.1,76.9167,410445.0,10.0,54,12.896177684594495,NNE,1.4267654777177494,0.48079489433440725,-0.5068382990723173,0.5986411325681238,4.136118957725291,0.9658839620011079,0.551765877800138,rich core
1356760990,Bhagalpur,India,IND,25.25,87.0,410210.0,10.0,56,235.1090859650946,SW,0.4433943672200555,0.04873372948609067,-0.9019480214550137,0.2283460296197769,311.8567602604437,-1.216623882171163,-1.7802123585999627,rich core
1404511920,Kisumu,Kenya,KEN,-0.0833,34.7667,409928.0,10.0,47,215.2112690826272,SW,0.32703338821902195,0.02219029299230113,-1.3086683176712126,0.48400554006497565,197.79784751501504,0.33761583790525407,1.488805042200001,rich core
1076013378,Maringa,Brazil,BRA,-23.4,-51.9167,409657.0,10.0,54,205.33900514527477,SSW,1.1265377743599676,0.2850305229427823,-1.17097226160394,0.5197507369043299,189.31864903233736,-0.7798383601995393,-1.6076726890000845,rich core
1360021952,Mataram,Indonesia,IDN,-8.5833,116.1167,408900.0,10.0,47,248.30595164573123,WSW,0.4878465308127593,0.04709555973289847,-1.2405414002563349,0.3948563401803742,218.63806543855367,0.4548853910966475,0.34441559680000466,rich core
1231110370,Shashemene,Ethiopia,ETH,7.2,38.6,408368.0,10.0,54,244.88602230049992,WSW,0.5397168623550462,0.07046075297406285,-1.1997532884026063,0.39930884967179003,202.39188432235102,-0.2830671596086596,0.746765043000007,rich core
1566287704,Zaria,Nigeria,NGA,11.0667,7.7,408198.0,10.0,56,27.16661913217547,NNE,1.019308530579928,0.2532680298429394,-1.1868145890696067,0.5596001933704131,36.33418784786146,0.11596586269275733,0.5850909651998428,rich core
1356667176,Padiala,India,IND,30.802,76.593,406192.0,10.0,70,139.5233699447229,SE,0.33505639821615263,0.026490133283739725,-0.10368911223907076,0.020933595223524004,144.58164581281994,-0.5415211402045976,-0.24105161839996292,rich core
1704933464,Da Lat,Vietnam,VNM,11.9417,108.4383,406105.0,10.0,54,1.7464560958556792,N,0.4656467289150136,0.0568760575731837,-1.1489291608992322,0.43433339450880337,324.2295558860826,0.8297556741149226,0.09004202599981781,rich core
1032817575,Santa Fe,Argentina,ARG,-31.6333,-60.7,405683.0,10.0,53,282.17668413949434,WNW,0.5741058753018545,0.06618009097768673,-0.7612720002361204,0.2335932632727724,253.96017453180247,0.2760904035213585,2.110439096599647,rich core
1050831924,Barura,Bangladesh,BGD,23.375,91.0583,405118.0,10.0,63,57.022715157636526,ENE,0.822497481797526,0.17321453509423645,-0.7506923994290681,0.3474385653085724,43.74743143413523,-0.6723707795469522,-1.6986400026000776,rich core
1586001546,Mardan,Pakistan,PAK,34.2012,72.0258,404436.0,10.0,78,150.5150290860023,SSE,0.5605288910683994,0.07856727014743314,-0.8199309929059637,0.24386219527229847,145.91574685370136,0.5093421175487389,0.11801724799989799,rich core
1764161022,Hat Yai,Thailand,THA,7.0167,100.4667,404044.0,10.0,54,15.333741555594695,NNE,0.11475130682418982,0.0033427407890619376,-1.218760941307833,0.3466414999074876,339.4991748728767,0.21331581207646266,-0.27595983020004056,rich core
1356950925,Etawa,India,IND,24.18,78.2,402678.0,10.0,62,335.20067265990497,NNW,0.46490323468686523,0.055797655359191456,-0.8257985104305083,0.23790069007382364,346.1833366081865,-0.4050221497091364,-0.7198591531997742,rich core
1356648808,Sonipat,India,IND,28.99,77.022,402000.0,10.0,68,68.00981918071145,ENE,0.7069159158492824,0.12101284000351986,-0.893292328672995,0.35617843972833196,64.05511573514197,0.30358842099679784,-0.1231907917999191,rich core
1076998392,Jundiai,Brazil,BRA,-23.1858,-46.8839,401896.0,10.0,57,229.0232797337022,SW,0.5292173530496882,0.05742205226631503,-0.8251666811410473,0.29942385455593756,216.63630357714635,1.0989098279570726,1.0097984742001813,rich core
1050833664,Bogra,Bangladesh,BGD,24.85,89.3667,400983.0,10.0,62,103.85879448530423,ESE,0.4540108748635493,0.051014211392022446,-1.123894709109593,0.3591443376367095,83.6426669930925,-0.6082885832134721,-0.5984950470000783,rich core
1398371414,Oskemen,Kazakhstan,KAZ,49.9833,82.6167,400142.0,10.0,95,248.8266932905072,WSW,0.46837774111024244,0.04879718946915501,-0.8340137340093575,0.22530725048114975,285.20322192935856,-1.0577793703090954,-2.521655258199715,rich core
1586002238,Dera Ghazi Khan,Pakistan,PAK,30.0331,70.64,399064.0,10.0,71,265.6302869446568,W,0.5054487801103079,0.06282982613235466,-1.0212995993453653,0.28808790987605093,288.952311525946,0.23477054037261347,-0.19569224740017965,rich core
1076208869,Anapolis,Brazil,BRA,-16.3339,-48.9519,398817.0,10.0,54,88.15451711942042,E,0.41307363332581715,0.03669128131166255,-1.3996758942149123,0.511258888808145,59.97066704391765,0.0023660639434233133,-0.46854656600015865,rich core
1356160605,Mulangodi,India,IND,9.0,76.6167,397419.0,10.0,45,222.51013042829504,SW,0.9215039787845535,0.17383317572087809,-0.25235451898915523,0.17231971075420716,240.082610774702,-0.6857065857445814,1.1926008873999736,rich core
1686527948,Thies,Senegal,SEN,14.7833,-16.9167,394544.0,10.0,50,210.63979083052564,SSW,0.368351856414357,0.03283742541215362,-0.9953730839274133,0.3848173391784291,234.76565975513813,1.037818852076878,0.34536844939998446,rich core
1704016079,Thanh Hoa,Vietnam,VNM,19.8075,105.7764,393294.0,10.0,60,119.91198920682193,ESE,0.3229093050477726,0.026060962730293347,-0.6627550849596915,0.11302810696022625,94.17638707686612,-0.503923951508515,-0.4410708432000625,rich core
1566782065,Yola,Nigeria,NGA,9.23,12.46,392854.0,10.0,50,332.89559839209227,NNW,0.7508988090500711,0.13386377946849304,-1.0326684043084677,0.3998494879452731,350.98194912714763,-1.0576539421836468,0.35427879759996905,rich core
1050628940,Tangail,Bangladesh,BGD,24.2644,89.9181,392300.0,10.0,63,100.97651872983747,E,0.35809325898057415,0.03167484441525914,-0.8495364743113187,0.22235381451406744,85.21694507348137,-0.856283314359322,-1.1835401647999841,rich core
1704497901,Nha Trang,Vietnam,VNM,12.245,109.1917,392279.0,10.0,45,281.6242739274337,WNW,0.24682780153733597,0.012243045809461117,-0.9474468824668862,0.2395212464288915,314.07906901246577,-1.844393306473867,0.8231937918001417,rich core
1710736316,Khayelitsha,South Africa,ZAF,-34.0403,18.6778,391749.0,10.0,59,324.47258364871135,NW,1.0471177422269677,0.20215493815478713,-0.8067617809596584,0.3702555174917216,309.0406265932419,0.34476387214063564,3.114436126800274,rich core
1566097410,Nnewi,Nigeria,NGA,6.0167,6.9167,391227.0,10.0,52,114.75332598396243,ESE,0.3032017698387838,0.022523807966154497,-0.5947401196806461,0.10973792241925928,102.9345570325166,-0.44140047900873647,0.24187118539995467,rich core
1586006990,Gujrat,Pakistan,PAK,32.5739,74.0789,390533.0,10.0,66,191.93837405225685,SSW,0.11739164653365249,0.0031192595015330227,-1.068781311560226,0.3117692137223984,258.43484316573904,0.4883347742158666,0.3834261039996054,rich core
1566404680,Saki,Nigeria,NGA,8.6667,3.4,388225.0,10.0,55,342.1860179785249,NNW,0.1700704469136449,0.007075211994578279,-1.374474400491109,0.42042716377820255,285.65769270029466,0.7233009903158631,0.22732878819997104,rich core
1398602716,Aqtobe,Kazakhstan,KAZ,50.2836,57.2297,387807.0,10.0,95,343.1696917876162,NNW,0.05945599976939837,0.0007360947495130832,-0.9126059451792203,0.23806193053463698,2.3553690850371045,-0.950358716668859,0.03492088699992024,rich core
1360643410,Cilegon,Indonesia,IDN,-6.0027,106.0112,387543.0,10.0,45,134.05680298991012,SE,0.48621157280120164,0.04202970662869854,-0.8799780653348871,0.2492692822487106,147.94881068542279,1.7980918743788443,-0.7036711196000436,rich core
1076843988,Petrolina,Brazil,BRA,-9.3825,-40.5022,386786.0,10.0,51,189.98532717088105,S,0.7450323077548765,0.13508805490038978,-1.274564906927275,0.5037624838958628,181.2499058281355,-0.17042942789547944,-0.058294911199912036,rich core
1356189784,Bairia,India,IND,25.7583,84.1489,386745.0,10.0,56,350.5695255034694,N,0.7701937567880572,0.13961407890818223,-0.7988576429644523,0.26212697878545965,19.60043839427487,-1.712131912813252,0.8729189196002274,rich core
1566930579,Oyo,Nigeria,NGA,7.85,3.933,386723.0,10.0,54,186.85119309386013,S,1.033145293275093,0.25098993563427263,-1.315193803575846,0.6401720380733722,189.0014132068294,0.08762731027777271,0.1479717446000297,rich core
1356926718,Sirur,India,IND,18.83,74.38,385414.0,10.0,56,219.68294766111288,SW,0.4152821528481706,0.04216280234391301,-0.4332156397839307,0.07256380224284353,199.08381602704247,-0.816279029434483,-0.16140708239990254,rich core
1608237027,Tarlac City,Philippines,PHL,15.4869,120.59,385398.0,10.0,56,90.121702257449,E,0.8004083006231234,0.1477256974852723,-1.0115000230849587,0.3680571041114805,87.08407904167778,-0.12775963014014025,-0.028438014999998984,rich core
1566937414,Ilesa,Nigeria,NGA,7.6167,4.7167,384334.0,10.0,52,78.29076392740069,ENE,1.0777474419777595,0.28049366332082093,-0.8974656304276518,0.5608820630570033,74.72319347739902,-0.11524754692989525,-0.13452654299994649,rich core
1566383682,Gusau,Nigeria,NGA,12.15,6.6667,383162.0,10.0,56,31.12079966723687,NNE,0.8794538161315391,0.1903840828546336,-0.5051830090825568,0.3488847508449935,25.38159878024996,0.2155910788920945,-0.17426492240005587,rich core
1360518272,Palu,Indonesia,IDN,-0.895,119.8594,381572.0,10.0,44,20.210826108307867,NNE,0.3405628083574396,0.028750482954210455,-1.265153870026169,0.4684624980698465,337.4609436431762,2.1566064002549563,-2.648417291799996,rich core
1170159963,Neiva,Colombia,COL,2.9345,-75.2809,380019.0,10.0,46,212.12167590490876,SSW,0.6514095016756754,0.10240932485122423,-1.3600879344256616,0.47482161827061165,237.1207281288705,0.7188206957086196,-1.0482898804000005,rich core
1604249985,Huancayo,Peru,PER,-12.0667,-75.2167,378203.0,10.0,49,221.188527339723,SW,0.5540591859682689,0.07524073518328811,-1.1622009681347478,0.3626053264288328,180.17977478721474,-1.3510138455962135,-0.16333106999999458,rich core
1484979555,Celaya,Mexico,MEX,20.5222,-100.8122,378143.0,10.0,57,341.01462098322,NNW,0.8261953654079355,0.17034846904818246,-1.3074376039996785,0.5177689830187866,310.5619159647009,0.7072431755629438,1.1131077623998795,rich core
1076397475,Caruaru,Brazil,BRA,-8.2828,-35.9758,378052.0,10.0,50,255.01514869400268,WSW,0.11612926283294228,0.0033516801657249573,-1.3672498204889736,0.4495221059530149,328.1557454013682,0.8030696990089119,-1.2427121445999632,rich core
1604493809,Iquitos,Peru,PER,-3.75,-73.25,377609.0,10.0,41,299.64913227508305,WNW,0.5502462708042534,0.06929214644824322,-1.1237576084364056,0.47849517785483,331.3764954154535,-0.7396635983470983,-2.4973953225999868,rich core
1324990909,Mamou,Guinea,GIN,10.3833,-12.0833,376269.0,10.0,51,262.45942468220716,W,0.4627745187285662,0.050366538626575585,-1.2033530313004868,0.370273078288779,257.5545286866595,-0.04500610753064471,-0.2563440025999295,rich core
1356162915,Rohtak,India,IND,28.8909,76.5796,374292.0,10.0,65,112.54308943222831,ESE,0.5754466231974688,0.07702040867114157,-1.1678184281452537,0.4054599109782726,106.28080153036156,-0.4189684486685028,0.19582625560011557,rich core
1356847218,Maler Kotla,India,IND,30.5167,75.8833,374000.0,10.0,69,316.341238843245,NW,0.773510694952996,0.14283756423407556,-0.9808228654730144,0.3752219658673418,320.96447382591435,0.058068233659332336,-0.06930808159996005,rich core
1586746564,Bhawana,Pakistan,PAK,31.5661,72.6461,373841.0,10.0,72,130.93289995065058,SE,0.615422800402773,0.08952051826312113,-0.5571854491735573,0.15093192058230231,133.43947363397325,-0.23931878229288372,0.5565075862003148,rich core
1608615113,Lipa City,Philippines,PHL,13.9411,121.1622,372931.0,10.0,52,296.00255323288934,WNW,0.8175246167523729,0.16466191996432533,-0.6554035354009449,0.18462255392364924,290.76719258520757,-1.2868627601813927,0.6470234625999858,rich core
1608000722,Butuan,Philippines,PHL,8.948,125.543,372910.0,10.0,54,24.18188636999096,NNE,0.44080022888907083,0.047743263923257895,-1.2149098054492016,0.35714597383676305,306.65408835201447,1.656443514555983,0.3414964431998726,rich core
1586718612,Malakwal,Pakistan,PAK,32.5531,73.2067,371869.0,10.0,73,161.60540767189514,SSE,0.7852271220840717,0.15511729935876062,-0.6467941214649544,0.3090542776156102,174.58425499341095,0.8614454404515719,0.5843318369998904,rich core
1716688236,Chitungwiza,Zimbabwe,ZWE,-17.9939,31.0481,371244.0,10.0,55,357.098958672557,N,1.006494906835448,0.23665710517176253,-0.6766718617584319,0.2881804498167846,7.321971868107999,-0.6651748085257232,-0.21948968840018956,rich core
1524780273,Bharatpur,Nepal,NPL,27.6833,84.4333,369377.0,10.0,55,210.84337593008354,SSW,0.49699675705329427,0.05574282954155141,-0.9197068374716186,0.25319676126913115,69.63380222899583,-2.4357611443997094,-1.0073553856000146,rich core
1076905338,Bauru,Brazil,BRA,-22.315,-49.0608,366992.0,10.0,49,221.48020049827448,SW,0.5310216288638351,0.07220438882861147,-1.0549694496945552,0.2883831452490946,342.3909039472235,-0.7904200539448052,-1.995122068799967,rich core
1608164766,Baguio City,Philippines,PHL,16.4119,120.5933,366358.0,10.0,58,62.698997203952885,ENE,0.1814171276994458,0.008311885132234242,-1.484468558510513,0.5305759539961733,37.8973552305959,-0.4380696762472933,-0.4805438449997226,rich core
1356470898,Kolga,India,IND,22.35,82.68,365253.0,10.0,62,44.24421466204452,NE,1.0281902925026267,0.2637484136345587,-0.07331951260904525,0.31453767805073274,44.98573870929421,-0.2943104589563976,-1.358472065200008,rich core
1076391263,Rio Branco,Brazil,BRA,-9.9747,-67.81,364756.0,10.0,50,249.39818107341765,WSW,1.0754086473593851,0.25348268092247894,-1.07321048713065,0.5829890473979056,247.6581135836579,0.38441486381769785,0.7725581247999429,rich core
1566325734,Warri,Nigeria,NGA,5.5167,5.75,363382.0,10.0,47,44.49922491060719,NE,1.140673734193479,0.25799213409039146,-1.0939157778764756,0.560544567845944,37.163654002060845,0.788142581259855,0.3413176086000007,rich core
1608000268,Iligan,Philippines,PHL,8.23,124.25,363115.0,10.0,41,288.31324740357746,WNW,1.7882122381587997,0.48694470327382766,-0.42125739801423917,0.6892792597172064,285.7111819638545,2.6717467859348076,-0.5588542679999886,rich core
1218041020,Cuenca,Ecuador,ECU,-2.8974,-79.0045,361524.0,10.0,52,43.95454865855748,NE,0.3968623735906647,0.04102807749285686,-1.4695184283401785,0.53516825114857,21.57451193463344,-0.005622691235267041,-0.18624008660000158,rich core
1076618665,Blumenau,Brazil,BRA,-26.9333,-49.05,361261.0,10.0,63,316.49020990616043,NW,0.8790669977431305,0.18052758957187764,-0.43359618398826083,0.2133595785789486,323.1113986116585,-1.5541975694615093,-0.0026983040001553604,rich core
1356163729,Sikar,India,IND,27.62,75.15,359293.0,10.0,67,258.44469715369723,WSW,0.7198203732039803,0.12526691235307985,-0.9957840437701666,0.32492631866595534,254.41201989075142,-0.3789938595543809,-0.6223660574000824,rich core
1566217980,Umuahia,Nigeria,NGA,5.5333,7.4833,359230.0,10.0,50,287.3292248551172,WNW,0.241111399449401,0.014028095173102773,-1.1411165111968438,0.3102123120430099,296.14002735760886,-0.35039119079760184,-0.4942107913999454,rich core
1170969619,Palmira,Colombia,COL,3.5833,-76.25,358895.0,10.0,51,254.6057994104135,WSW,0.8852236055783609,0.17961414343849647,-0.4521929250932759,0.2050294736165864,261.3268745915895,1.551863801800545,-0.4393329151999925,rich core
1356837900,Karur,India,IND,10.9601,78.0766,358468.0,10.0,55,196.29214682303675,SSW,0.21865257691009077,0.011568368810682572,-1.1581497349439176,0.30513159984845606,181.5900686164666,-0.6900758875117479,0.445082166399855,rich core
1076716439,Ponta Grossa,Brazil,BRA,-25.0994,-50.1583,358367.0,10.0,48,273.6187113314838,W,0.08328166026558587,0.0012108156629352385,-1.4386864086456654,0.5068004565999045,351.4668341974905,0.2712321286347805,-0.8722320414001175,rich core
1356061200,Sasaram,India,IND,24.95,84.03,358283.0,10.0,59,240.67736169211375,WSW,0.2131975561945334,0.011118759977663761,-1.0060909319532234,0.27604483010388314,210.5496635160514,-0.8679489443899833,1.369438492999958,rich core
1398626276,Taraz,Kazakhstan,KAZ,42.9,71.3667,357795.0,10.0,94,95.85910943153081,E,0.7070861310240916,0.12467505818511881,-1.216268557625597,0.542564043269625,90.88791045704471,-1.249353990734818,-0.39233896520015143,rich core
1024580158,Cubal,Angola,AGO,-13.0333,14.25,357618.0,10.0,49,244.7354508283184,WSW,0.4411806319306449,0.04933092592387156,-0.45399177641408667,0.1166396348818437,258.5593365640861,-0.04695883558554925,-1.3388302904000042,rich core
1356145204,Karnal,India,IND,29.686,76.989,357334.0,10.0,72,160.3760771347472,SSE,0.22270449160754396,0.01269300698199849,-1.0490528347240207,0.25614261874369526,164.30902402908134,0.3079283899167695,0.22480961719983839,rich core
1356569354,Brahmapur,India,IND,19.315,84.7941,355823.0,10.0,56,68.04454532646679,ENE,0.6782467134979397,0.1096192604254147,-1.1089368433623734,0.3907035488291887,68.13183885594721,-0.6939801276220461,0.04656241300000197,rich core
1356592607,Chanda,India,IND,19.95,79.3,355739.0,10.0,48,351.1431246368772,N,0.875117596616727,0.18742373718905814,-0.5581039879328162,0.4005724983528357,18.502121248739453,-2.564372673713283,-0.1969013363998542,rich core
1024939858,Cuito,Angola,AGO,-12.3833,16.9333,355423.0,10.0,54,209.7274697924712,SSW,0.411096088628565,0.04475894206766662,-1.0519290983582348,0.3588864926525963,260.6095182840795,1.6438932449148869,-0.7634714549999604,rich core
1608862124,San Fernando,Philippines,PHL,15.03,120.68,354666.0,10.0,54,17.24150277961234,NNE,0.146859616277438,0.005253085385251044,-0.7568393481138304,0.16685667039568985,28.340283830684715,-0.3718139832854188,-0.7489199166000091,rich core
1524416084,Pokhara,Nepal,NPL,28.2083,83.9889,353841.0,10.0,69,103.16318448393099,ESE,0.14063778066399252,0.004733315330517351,-1.2418494387427552,0.3679142729482635,41.18486710081997,0.08960418186879515,-0.2152306732002689,rich core
1484460894,Villahermosa,Mexico,MEX,17.9892,-92.9281,353577.0,10.0,54,275.09538046639346,W,0.8586023978239139,0.16600165046673543,-1.3270975468817483,0.5625279803846525,306.128735239189,-1.2954209091509554,-0.7474694809999107,rich core
1417797596,Osh,Kyrgyzstan,KGZ,40.53,72.8,353080.0,10.0,87,100.10280126070411,E,0.2387657601601026,0.014054621831554814,-1.2157121798820552,0.40005591751703085,135.35004923142796,-1.1957137652708223,2.240863045800017,rich core
1032173097,Corrientes,Argentina,ARG,-27.4833,-58.8167,352646.0,10.0,45,322.2255003553533,NW,0.10565011226767637,0.002350975827961399,-1.3538804410870489,0.5002824060505852,315.3380117094564,1.5537874291340188,-0.6472581809999216,rich core
1076740256,Franca,Brazil,BRA,-20.5389,-47.4008,352537.0,10.0,45,46.84844487949042,NE,0.44847824064277286,0.03961167852750924,-1.255314733168183,0.3950585269030794,324.8359334206611,0.8602972225936529,0.5298794508002231,rich core
1586971248,Thari Mir Wah,Pakistan,PAK,27.0683,68.6023,352491.0,10.0,57,324.6270273031165,NW,1.1223523881209496,0.27304827594726877,-0.19347109139351087,0.24375520002972362,332.22270509639407,-1.4332507371877679,-0.08957629579993487,rich core
1704906277,Nam Dinh,Vietnam,VNM,20.42,106.1683,352108.0,10.0,59,224.257735648789,SW,0.46085412188614067,0.051776139945379995,-0.7438793404731092,0.17298208904056356,257.37208699439793,0.6242770385770982,0.026605722199780857,rich core
1608417616,Batangas,Philippines,PHL,13.83,121.0,351437.0,10.0,51,149.82338117374235,SSE,0.6124639793750942,0.08299741244872372,0.4491152128762718,0.10221507551705866,151.9975263422738,-0.39010475660175103,1.135274016999956,rich suburbs
1356972679,Ahmadnagar,India,IND,19.08,74.73,350859.0,10.0,56,19.979907653290173,NNE,0.703408193937126,0.1153970696682255,-1.0135562792226769,0.3959096879787244,29.731634464638983,-0.6405454083594222,-1.219170939999648,rich core
1586338206,Sarai Alamgir,Pakistan,PAK,32.9,73.75,350288.0,10.0,69,340.45329668187514,NNW,0.8034980165423676,0.14077660949792148,-0.6381781908171311,0.23090163864480684,328.72845457958397,0.45355548550020863,1.140459937600454,rich core
1398405657,Semey,Kazakhstan,KAZ,50.4333,80.2667,350201.0,10.0,87,221.79945777228406,SW,0.2885756805377247,0.011904550897679722,-1.0300439441104878,0.28359755968019285,262.38505543551355,-1.053121860816935,-2.437652190400142,rich core
1076509946,Cascavel,Brazil,BRA,-24.9556,-53.4553,348051.0,10.0,43,283.54293263039307,WNW,0.4334659991016534,0.03419394238396001,-1.41833014561366,0.5376377255783864,2.232391601550984,-0.6279903226925843,-1.3722587268000161,rich core
1356415439,Shahjanpur,India,IND,27.88,79.91,346103.0,10.0,68,121.10952387205387,ESE,0.38509171877999787,0.037069374885459916,-1.010098075231209,0.34942481631920796,80.10571269905053,-0.7194008881848184,-1.3973902807998222,rich core
1566419265,Gwagwalada,Nigeria,NGA,8.9392,7.0758,346000.0,10.0,55,34.723629709827634,NE,0.34348181078077733,0.029292811650091233,-1.1951877883930901,0.33224349350688365,111.9173951564304,0.033618715968302126,0.9139639884000328,rich core
1356772159,Khanapur,India,IND,15.6394,74.5083,345839.0,10.0,55,71.88241531553646,ENE,1.0104115436713157,0.24170506191978747,-0.8064020093688186,0.35094518952859177,70.7196570340593,0.41527295362945793,-0.1597263576000998,rich core
1356829362,Hosur,India,IND,12.7409,77.8253,345000.0,10.0,55,244.4450317550112,WSW,0.6846804487536552,0.11713766338479525,-1.2010640881944052,0.4916383800532319,227.35249807861786,0.40511788883534017,0.9363182187999506,rich core
1356360140,Cuddapah,India,IND,14.47,78.82,344893.0,10.0,52,124.89926486636308,SE,0.898164508838315,0.1769945070501726,-1.214952292566528,0.5364761614077833,122.12651721705187,-1.1709147176602155,0.7115472239998475,rich core
1426977668,Maseru,Lesotho,LSO,-29.31,27.48,343541.0,10.0,45,128.7785856878141,SE,0.831109659324638,0.07384148408062985,-0.7152213113249812,0.1727584752696627,117.38239059120406,1.954945857542464,-2.5391259501999954,rich core
1398790087,Pavlodar,Kazakhstan,KAZ,52.3,76.95,343091.0,10.0,83,219.6243817354755,SW,1.3673764805117752,0.22545331727230855,-1.0329187563460955,0.5429346590350252,243.50555796371248,3.180948172659825,-1.2277163939996907,rich core
1764202077,Chon Buri,Thailand,THA,13.3611,100.985,342959.0,10.0,47,266.8134822548577,W,0.4869750311468349,0.04798621793053315,-0.3740802999400583,0.1182041719760859,278.33335734724693,2.3694297974073955,-1.349257418600077,rich core
1608775993,Naga City,Philippines,PHL,13.6244,123.1864,342769.0,10.0,58,93.01904622598519,E,0.8713163966255617,0.2063919644328429,-1.2282438410209768,0.5474083902639633,97.07743670630744,0.40937893496771416,0.2601582088000125,rich core
1484092318,Gomez Palacio,Mexico,MEX,25.5611,-103.4983,342286.0,10.0,56,104.23020496179356,ESE,1.0146867429769628,0.23906520812876508,-0.8240168576043356,0.3380417648829567,96.204090931211,-0.6559939684014857,-0.04469622539994056,rich core
1356831716,Rajahmundry,India,IND,16.98,81.78,341831.0,10.0,56,49.12588713724868,NE,0.5756476962799923,0.0841691745677754,-0.964584928737566,0.3794255500478274,41.98138834024411,-0.39744461276150034,-1.4375084442000325,rich core
1356570855,Alwar,India,IND,27.5498,76.6355,341422.0,10.0,62,272.3657173732198,W,0.27278586881547323,0.016364034297919106,-1.1864872905061046,0.3772341903898391,294.1240659147869,0.3089363278324413,-0.32484651180028656,rich core
1076812020,Vitoria da Conquista,Brazil,BRA,-14.8658,-40.8389,341128.0,10.0,50,325.2977777998977,NW,0.5067540857202287,0.059395707834232536,-1.3860866697257859,0.5152296671255198,306.2681238771056,0.3973790094135534,0.5926691166000939,rich core
1704542086,Buon Ma Thuot,Vietnam,VNM,12.6667,108.05,340000.0,10.0,55,27.631387195872428,NNE,0.3032363443401634,0.021234542099469955,-0.632174520160149,0.17595483829458014,355.06159181097144,0.07605398948200204,-0.3423595172000411,rich core
1484926471,Cuernavaca,Mexico,MEX,18.9186,-99.2342,338650.0,10.0,50,87.69544025819107,E,1.0036819462372522,0.20817722723874243,-0.8289654843894094,0.38796296819132137,76.79804323496572,0.7519785830538233,-0.7584513954002219,rich core
1356772339,Sambalpur,India,IND,21.47,83.97,335761.0,10.0,61,23.34158176584233,NNE,0.13843702500007146,0.004519077840000718,-0.8745334637435511,0.19559890834241955,64.64043788634332,0.30219707171983856,0.7113924204002,rich core
1218148017,Santo Domingo de los Colorados,Ecuador,ECU,-0.2542,-79.1719,334826.0,10.0,50,201.77404851283734,SSW,0.5772123796825825,0.08176339742167593,-1.1650160517101185,0.4342064906112362,188.06090550359963,-0.5148553937150755,-0.05074079080000082,rich core
1484051478,Uruapan,Mexico,MEX,19.4208,-102.0628,334749.0,10.0,52,114.35108651282782,ESE,0.7897884575435763,0.13364409502258123,-1.1719226530893108,0.47102957757330954,93.00635257974494,-0.5394138282700833,-1.1861737422001593,rich core
1356897425,Muzaffarpur,India,IND,26.1225,85.3906,333200.0,10.0,65,282.08171788522753,WNW,0.3819428426109899,0.03594177721246539,-0.9794810373990565,0.24314994322103922,326.11403040350547,-0.6172914402529894,-0.8580232823998504,rich core
1484433877,Tepic,Mexico,MEX,21.5083,-104.8931,332863.0,10.0,50,170.43383408524673,S,0.6972992316440235,0.12600262122317574,-1.1521210468546512,0.501316347774295,187.67897924547916,1.13991402572203,1.0005323730003184,rich core
1586003885,Khipro,Pakistan,PAK,25.823,69.377,332833.0,10.0,64,60.69231985699028,ENE,0.9067873397279613,0.2008236463763925,-0.481224389275814,0.25121353234780497,56.9112814154416,-1.0825399954620707,-0.5249743944000453,rich core
1360153292,Dumai,Indonesia,IDN,1.6667,101.45,331832.0,10.0,42,223.28871761720544,SW,0.634551740707028,0.10198890929357374,-0.8335526040586315,0.2132278135173219,315.8944952245279,-2.2482736586415797,-1.6700585397999994,rich core
1360992102,Kendari,Indonesia,IDN,-3.9907,122.5086,331013.0,10.0,48,67.35700599391512,ENE,0.5870196476809392,0.0830599642842097,-0.9362022020091229,0.35638425373771565,56.980573298155974,-0.20092939805839727,-1.544311870800053,rich core
1566042542,Lafia,Nigeria,NGA,8.4917,8.5167,330712.0,10.0,53,57.754467436855535,ENE,0.9935609561468572,0.25764660983892784,-1.0879451416894297,0.4871552922376323,39.910471856835244,1.6370633068322675,0.35468792140003735,rich core
1704613715,Thai Nguyen,Vietnam,VNM,21.6,105.85,330000.0,10.0,53,195.50287535755675,SSW,1.0284152041418682,0.2769120826612439,-0.6373880884601818,0.3975859089344914,198.50371995517784,-1.1996139496495264,0.1656948405999792,rich core
1484887986,Ciudad Obregon,Mexico,MEX,27.4939,-109.9389,329404.0,10.0,55,69.46680316976752,ENE,0.3275421097444041,0.02450138830219739,-1.2260481295748265,0.40435307623141814,92.41569118530842,-1.2469163444625444,0.38803703980006254,rich core
1356103973,Campiernagar,India,IND,27.029,83.2668,329104.0,10.0,68,78.67502297725754,ENE,0.2732147006115787,0.01926057005374915,0.11922851756643335,0.02255041289398796,87.09205498843781,-1.2967236600645453,-1.0747151501999,rich suburbs
1586000335,Mirpur Mathelo,Pakistan,PAK,28.0167,69.5333,327821.0,10.0,66,139.34136999885382,SE,0.2912715843595762,0.019846120445733417,-0.49056610544344226,0.10531779718877388,97.97301785450023,-1.1604739852849502,-0.3302093508001036,rich core
1356499139,Bijapur,India,IND,16.83,75.71,327427.0,10.0,56,59.8263922615633,ENE,0.5728717935071138,0.08032961568581976,-1.2701283096775002,0.49356431257666133,64.81944912083436,-0.14220291373368532,-0.13056607759968308,rich core
1608247694,Cabanatuan City,Philippines,PHL,15.4908,120.9678,327325.0,10.0,56,133.45537155981785,SE,0.3862712317817427,0.03676782600216033,-1.0471145999209797,0.2978193693654181,165.869562422698,0.4179578907635477,0.8825681973999693,rich core
1356055796,Tharad,India,IND,24.3926,71.6248,327289.0,10.0,64,83.43007613548045,E,0.502160634606511,0.06319554862671806,-0.5759898263203255,0.17309915610451243,76.72345521398773,-0.8470881698549988,-0.8522181474003645,rich core
1484741627,Salamanca,Mexico,MEX,20.5703,-101.1972,327169.0,10.0,58,356.32036905412446,N,0.4617803745477766,0.04725233547054253,-0.6315394193139066,0.13487971211493832,326.67380114589196,0.6218852957343621,0.6231394785999846,rich core
1604478712,Pucallpa,Peru,PER,-8.3833,-74.55,326040.0,10.0,40,248.71071713692805,WSW,0.8115512025100622,0.14990591059226588,-1.2312911419207537,0.48599648539775075,238.0656581174953,-2.265293040503595,-0.14749495699991755,rich core
1076815692,Pelotas,Brazil,BRA,-31.7719,-52.3425,325689.0,10.0,41,109.97910823146947,ESE,0.6743565220280218,0.09709917172248705,-0.6942783393482272,0.23688178067722288,134.8353727012552,-0.4533835184221324,4.040705383599749,rich core
1356666569,Rampur,India,IND,28.8,79.0,325248.0,10.0,68,106.92200442870623,ESE,0.9525205006466189,0.22159774064583393,-0.5533109726057285,0.39626005202987125,108.51763328180132,0.24390401835540487,-0.4016824682001321,rich core
1458462262,Kuching,Malaysia,MYS,1.5575,110.3439,325132.0,10.0,46,186.0068400335179,S,0.5652205736351469,0.06129400134898533,-1.155491766112789,0.36542508953257924,132.2196407929513,-0.6932254254431136,-1.7390124862000178,rich core
1608753128,Cotabato,Philippines,PHL,7.22,124.25,325079.0,10.0,50,245.20072499397693,WSW,0.5222634784100811,0.06748199017670842,-0.8593749551980923,0.2583319214131037,262.79563924309343,0.6530049097212096,-0.643124629599976,rich core
1231826873,Nazret,Ethiopia,ETH,8.5414,39.2689,324000.0,10.0,54,226.86997698525104,SW,0.4607220574602255,0.05619193666513744,-1.35734882295195,0.4450629209781086,227.38112108086165,-0.3208086184921388,-0.3342544429999972,rich core
1458692921,Kluang,Malaysia,MYS,2.0336,103.3194,323762.0,10.0,40,120.16681909385717,ESE,0.5237846568719451,0.05316022235379769,-1.1840597811559557,0.4084936374755248,145.3087212281619,0.5630041447312486,-0.9563697141999796,rich core
1231468531,Mekele,Ethiopia,ETH,13.4969,39.4769,323700.0,10.0,54,79.95979927337987,E,0.6980610912423441,0.12302642827831212,-1.4105459427389628,0.5724195492840889,81.88183452947345,-0.2750617557524908,0.18265689220001313,rich core
1356016156,Shimoga,India,IND,13.9333,75.5667,322650.0,10.0,55,121.64729320721011,ESE,0.6447489910436571,0.10575049368677536,-1.182151189151784,0.40433413444969657,127.10336719122101,-0.04695477029962625,0.15062552060010503,rich core
1032815808,San Salvador de Jujuy,Argentina,ARG,-24.1833,-65.3,321789.0,10.0,41,178.17237771885732,S,0.6998673606669902,0.09647094882006912,-0.8955952341298584,0.26215178704659636,125.68885308942396,-0.5331538254955674,-1.6471918365999318,rich core
1356044207,Kashipur,India,IND,29.22,78.95,321623.0,10.0,67,195.673370485082,SSW,0.5215727620327505,0.0650014944258428,-0.5256921567911294,0.16250255907535704,188.66264954526233,-0.258738566223359,-0.062220288200020235,rich core
1360447543,Sukabumi,Indonesia,IDN,-6.9181,106.9315,320970.0,10.0,54,225.6840169489353,SW,0.7866264960149703,0.1506526812782022,-1.1767521756403445,0.531652172434482,226.64439162112035,0.68017964784997,0.13840709360001746,rich core
1024725650,Menongue,Angola,AGO,-14.6556,17.6842,320914.0,10.0,40,155.21054386129572,SSE,0.47237796715968006,0.04516925045125464,-1.1309562947505007,0.4755827530734117,169.6636301826527,-0.32168471181723746,-0.16535074179994602,rich core
1566909987,Okene,Nigeria,NGA,7.55,6.2333,320260.0,10.0,43,314.2326295494898,NW,0.9060079123551972,0.21346456245024226,-0.9151623507031034,0.32655572151443246,317.73781499611613,-1.1697776922576626,1.605573102400042,rich core
1356057451,Junagadh,India,IND,21.5222,70.4579,320250.0,10.0,52,44.92706564366054,NE,0.18515369577360807,0.007966858409397592,-1.221913248341839,0.41645370502392853,99.80356674791557,-1.805967036980812,0.7251459097998207,rich core
1484662260,Guasavito,Mexico,MEX,25.5744,-108.4706,320000.0,10.0,56,114.86240815355686,ESE,0.5838271480254188,0.07026285930034004,-0.8869136969193344,0.32830948143746974,83.8251944893289,-2.0086882368708174,-1.5153304254000481,rich core
1860620079,Nukus,Uzbekistan,UZB,42.4667,59.6,319583.0,10.0,66,99.84063660148902,E,1.2317215329587314,0.24540255220432827,-1.063220371498414,0.5251695316875101,97.9268317275345,-0.3935227220071429,-0.7668199310001604,rich core
1484817336,Tehuacan,Mexico,MEX,18.4617,-97.3928,319375.0,10.0,41,272.2006994310698,W,0.4778935529850276,0.06337106192028918,-1.1716301330157433,0.46194334862845743,153.93969920246263,-1.8230303007472095,1.1079420403999691,rich core
1646187395,Muhanga,Rwanda,RWA,-2.0845,29.7527,319141.0,10.0,52,282.89222263033446,WNW,0.1097002768817555,0.0029059476629076375,-0.8299091735913843,0.14895250203872545,156.07896750258362,-0.18842610303724072,-0.26764466540004683,rich core
1566777297,Katsina,Nigeria,NGA,12.9889,7.6008,318459.0,10.0,55,143.49954841234268,SE,0.7109480578753867,0.12788357325604738,-1.4471051727326616,0.5832033634029852,143.124255405471,0.401339630794336,-0.42355400539998733,rich core
1076146252,Taubate,Brazil,BRA,-23.025,-45.5556,317915.0,10.0,57,311.0894686315521,NW,0.14138780992126987,0.004462408236685533,-1.3216272197841399,0.43376684482330197,42.311423929281645,-1.9227712740707954,-0.904197068600034,rich core
1704548208,An Nhon,Vietnam,VNM,13.917,109.083,317620.0,10.0,56,123.18906903723084,ESE,0.39753709917521857,0.04088217278032036,-0.5459081857282728,0.12892294068628496,106.58437523378822,0.09390325486714168,-0.04701827939997116,rich core
1356820012,Hapur,India,IND,28.7309,77.7757,317004.0,10.0,68,177.96055886298856,S,0.22804625212891258,0.013052286376746935,-0.9009323492839992,0.2050921273328309,159.38115764354043,-0.35968666006314187,-0.2870484861996516,rich core
1586349856,Kot Radha Kishan,Pakistan,PAK,31.1725,74.0997,317000.0,10.0,69,99.10507430760637,E,0.913399090554121,0.19646493895237582,-0.35091490446115603,0.23839111506968647,112.97172469084714,0.47649660486274925,0.48131726620001913,rich core
1222647454,San Salvador,El Salvador,SLV,13.6989,-89.1914,316090.0,10.0,56,321.30512396318477,NW,0.1562439794335353,0.006169360942479107,-0.967041453142314,0.23065291892685846,300.27135009945255,0.7097094443480287,0.1073800291999234,rich core
1356589298,Trichur,India,IND,10.5276,76.2144,315596.0,10.0,56,158.85959316890197,SSE,0.4485235573024194,0.04881236649310794,-1.0093065742425482,0.3086993345365533,147.30384238905975,-0.29853735598199194,0.5167341184000485,rich core
1704320474,Ca Mau,Vietnam,VNM,9.1833,105.15,315270.0,10.0,54,181.29166168921975,S,0.4863592873875654,0.05558972121112693,-1.02704344482931,0.31274582563500253,180.8713014677741,-0.07786109905983984,0.7204998856000913,rich core
1586858135,Kasur,Pakistan,PAK,31.1167,74.45,314617.0,10.0,73,211.05923630280387,SSW,0.677766469186146,0.11906030780764798,-0.8685496311057522,0.35494521444631266,226.49942824761163,1.5912867689732657,1.4083273687999025,rich core
1170556074,Usme,Colombia,COL,4.4464,-74.1522,314431.0,10.0,46,51.91299183588685,NE,1.3191089125249116,0.4064565402140762,0.1183913670986876,0.4861364023853214,53.41080190036919,0.41401910452830215,2.6551323692000537,rich suburbs
1356062166,Barddhaman,India,IND,23.2333,87.8667,314265.0,10.0,61,315.2186487045718,NW,0.49919254834965615,0.060194565765393504,-1.0858811612678467,0.3647288343678793,346.42811085466985,-0.3482311259848281,-1.6597732415999982,rich core
1458548800,Pasir Gudang,Malaysia,MYS,1.5028,103.9356,312499.0,10.0,45,215.7542837666363,SW,1.1904392014465377,0.3131765594471835,-0.9103613790148023,0.4979589522516604,226.46977967936633,-0.5462856848056781,-1.548252137599997,rich core
1356242168,Nizamabad,India,IND,18.672,78.094,311152.0,10.0,53,57.59944585349829,ENE,0.5614980830303177,0.05965587419826701,-1.2219598398945846,0.4163709024918518,37.34137540663069,0.11086932440843,-0.10392880099991686,rich core
1600265252,Ciudad del Este,Paraguay,PRY,-25.5167,-54.6167,308983.0,10.0,70,108.71171705243947,ESE,0.5892576783878288,0.0862345954343069,-0.5487239125580785,0.12822146093771902,79.65732160268435,0.09503691079900456,-1.8255366412000829,rich core
1360007357,Karawang,Indonesia,IDN,-6.3125,107.295,307880.0,10.0,52,72.48301704299847,ENE,0.6411453769415618,0.09819240073796198,-0.8512985324564195,0.247850795467495,74.48685278313486,-0.22896066382097047,-0.2608222496000163,rich core
1704908796,Nghi Son,Vietnam,VNM,19.417,105.75,307304.0,10.0,46,126.12835649109343,SE,1.1686961787911931,0.2308589351265279,-0.3354373256759727,0.23194644080130056,110.92926241695875,-1.3530970894842902,-1.7659925422003528,rich core
1356632842,Parbhani,India,IND,19.27,76.78,307170.0,10.0,58,42.146288882977906,NE,0.15229660643217077,0.005576117550837534,-0.9359375251264227,0.20494663402414148,27.9193339432955,-0.31411492202321334,-0.5660305205997833,rich core
1356004790,Hisar,India,IND,29.15,75.7,307024.0,10.0,67,140.25508994238132,SE,0.40059344270381836,0.03922246451420841,-0.9067471231158806,0.26057950739341285,107.14491249386631,0.667873565503216,-0.8133826423998229,rich core
1356931375,Fatehpur,India,IND,27.98,74.95,305638.0,10.0,68,53.12655330597961,NE,0.4368827101592388,0.05012160091806328,-0.43714391948198233,0.14472835355893388,53.24137887690135,-1.2792217685275027,-0.5654997653998652,rich core
1566285237,Minna,Nigeria,NGA,9.6139,6.5569,304113.0,10.0,51,238.7087542339429,WSW,0.20930088839950536,0.01034264839633714,-1.3022311784051663,0.4181215226252468,275.29524047716666,-0.8706535155349613,-0.3395269065998967,rich core
1834684278,Sumbawanga,Tanzania,TZA,-7.9667,31.6167,303986.0,10.0,47,159.85614435036493,SSE,0.28657978252986094,0.020483370377030186,-0.8647140999178122,0.20316014947080263,81.1837188269881,-0.7077556898558672,-0.5285329610000478,rich core
1032795766,Bahia Blanca,Argentina,ARG,-38.7167,-62.2667,301572.0,10.0,64,197.2207020675826,SSW,0.16495566428387293,0.004798393964748238,-1.4317068266446171,0.4977705318206277,271.46167538614236,1.6408527329372777,-0.3688972771996255,rich core
1484890205,San Juan del Rio,Mexico,MEX,20.3833,-99.9833,301237.0,10.0,53,22.723944801628186,NNE,0.6379026240794072,0.08984761041083467,-1.162002897651401,0.4142721330660657,42.631248366114676,-0.9490572328599871,0.8063274244001644,rich core
1170398459,Armenia,Colombia,COL,4.53,-75.68,301226.0,10.0,51,323.3479001426571,NW,0.39044660052756136,0.03585445276036181,-0.9600280644051359,0.27014545509046894,338.0890948328452,-0.296731987224069,0.10091145019995196,rich core
1170764265,Popayan,Colombia,COL,2.4542,-76.6092,300837.0,10.0,51,10.803029334286363,N,0.40316093787470175,0.037930603989785094,-0.9913177962370073,0.3199805407416214,2.528715763948903,-0.04003624765509173,-0.3346654830000304,rich core
1356242623,Oulgaret,India,IND,11.957,79.7737,300104.0,10.0,54,116.77227654380097,ESE,1.07359427356132,0.2812295161145103,-0.5426476624895435,0.4439341319487453,117.16353672932854,-0.22082510689523183,-0.22406745200006384,rich core
1231663122,Awasa,Ethiopia,ETH,7.05,38.4667,300100.0,10.0,42,165.51521130042335,SSE,0.5799498918917324,0.08899543189717729,-1.145718945820459,0.48943517486954125,247.06253271290902,3.875052826249398,-0.13465923180002193,rich core
1356142829,Ingraj Bazar,India,IND,25.0119,88.1433,300088.0,10.0,68,225.5758054724976,SW,0.5726301811069624,0.07954045625039685,-1.0867383919158158,0.3393652338514176,300.2821501206589,0.6940299957748195,-2.86416013940007,rich core
1484301467,Oaxaca,Mexico,MEX,17.0606,-96.7253,300050.0,10.0,50,27.198628102005447,NNE,0.15433425218810148,0.005269221891289644,-1.1169934303662061,0.3391040897863403,77.5993670813367,-1.4531776510778567,-0.05309793320026657,rich core
1360884608,Binjai,Indonesia,IDN,3.5986,98.4803,300009.0,10.0,52,57.61822214169163,ENE,0.8142126966555664,0.1596644247974961,-0.9317649254107668,0.35526367614297005,50.67825431626245,0.1395415319600417,0.29392750840003856,rich core
1068823873,Sucre,Bolivia,BOL,-19.0475,-65.26,300000.0,10.0,53,299.47316024241877,WNW,0.07197866742416117,0.0012224813669747814,-1.3516175641430963,0.4242645297518137,113.69878028209591,-0.41146587526301204,0.8481171713999132,rich core
1356293872,Bada Barabil,India,IND,22.12,85.4,300000.0,10.0,60,178.44954045393092,S,0.7275770579467093,0.13158381209481096,-0.4939527031222027,0.23882553209715074,200.94813025915224,1.161769333537153,1.0712997329999965,rich core
1586275896,Khairpur Tamewah,Pakistan,PAK,29.58,72.2328,300000.0,10.0,64,338.15834156053484,NNW,0.46837103084386794,0.047429962632661415,-0.5106187441646783,0.08830477760232214,359.30045306687003,-0.7299022967156574,1.3782291260001553,rich core
