city,source,kind,tags,y0,y1,span_real,segments,v0,v1,ratio,direction,era,city_peak,lat,lon
Funza,populstat,terminal,frozen23y,2001,2003,2.0,2,4530000,49900,90.782,down,1900+,4530000,4.7177,-74.2119
Izmaïl,buringh,step,flat188/0,1807,1815,7.9,3,33599,2000,16.8,down,1400-1900,92300,45.3502,28.8502
Vorst,buringh,step,flat62/0,1896,1901,4.9,2,172999,10600,16.321,down,1900+,173000,50.8203,4.3258
Aurangâbâd,populstat,seam,,1990,1992,2.0,2,61140,956000,15.636,up,1900+,1570000,19.8758,75.3393
Ciledug,populstat,terminal,frozen23y,2001,2003,2.0,2,1220000,87499,13.943,down,1900+,1220000,-6.2417,106.7023
Mashhad,populstat,step,flat270/0,1788,1796,7.9,2,249999,18000,13.889,down,1400-1900,5400000,36.2972,59.6067
Wuwei,populstat,seam,,1993,1995,2.0,2,903025,66900,13.498,down,1900+,916000,37.9282,102.638
Gonder,populstat,step,flat825/0,1827,1835,7.9,2,71999,6500,11.077,down,1400-1900,393000,12.5986,37.451
Gulbarga,populstat,fade,,1366,1391,25.0,1,90000,8217,10.952,down,AD1-1400,754000,17.3297,76.8343
Pâtan,populstat,seam,,2001,2003,2.0,2,161999,1717076,10.599,up,1900+,3230000,27.6588,85.3247
Sagaing,populstat,step,flat1159/251,1930,1932,2.0,2,150000,14200,10.563,down,1900+,158000,21.916,95.9621
Yuanlang,populstat,seam,,1986,1988,2.0,2,75700,756889,9.999,up,1900+,1070000,22.4445,114.0222
Potosí,populstat,step,flat62/0,1817,1825,7.9,2,74200,8000,9.275,down,1400-1900,244000,-19.5723,-65.755
Tabora,populstat,seam,,1995,1997,2.0,2,959999,105503,9.099,down,1900+,960000,-5.0425,32.8197
Iznik,populstat,step,flat314/277,1850,1858,7.9,2,124999,13899,8.993,down,1400-1900,125000,40.4295,29.7197
Graville-Sainte-Honorine,buringh,step,flat62/0,1896,1901,4.9,2,106000,12000,8.833,down,1900+,177000,49.4986,0.149
Zhongxiang,populstat,seam,,1994,1996,2.0,2,1020000,117820,8.657,down,1900+,1020000,31.168,112.5882
Esfahân,populstat,step,flat566/0,1736,1744,7.9,2,359999,45000,8.0,down,1400-1900,1840000,32.6539,51.666
Delhi,populstat,other,,1375,1400,25.0,3,200000,25342,7.892,down,1400-1900,30200000,28.7041,77.1025
Sagaing,populstat,step,flat0/188,1755,1763,7.9,2,8000,61999,7.75,up,1400-1900,158000,21.916,95.9621
Vijayanagara (Hospet),populstat,fade,,1550,1558,7.9,1,480000,62294,7.705,down,1400-1900,480000,15.2689,76.3909
Vijayanagara (Hospet),populstat,fade,,1566,1574,7.9,1,7705,1000,7.705,down,1400-1900,480000,15.2689,76.3909
Chicago,populstat,other,,1842,1850,7.9,1,7639,58599,7.67,up,1400-1900,3730000,41.8781,-87.6298
Pingdu,chandler_modelski,seam,,2000,2002,2.0,2,1300000,178722,7.274,down,1900+,1300000,36.7833,119.9556
Kottayam,populstat,seam,,1990,1992,2.0,2,153242,1100000,7.178,up,1900+,1170000,9.5916,76.5222
Handan,populstat,fade,,1955,1957,2.0,1,53277,379999,7.132,up,1900+,1790000,36.6256,114.5392
Shenzhen,populstat,seam,,2000,2002,2.0,2,1254664,8910000,7.102,up,1900+,13900000,22.5429,114.0596
Danzhou,chandler_modelski,seam,,2000,2002,2.0,2,1389999,196651,7.068,down,1900+,1390000,19.5,109.5833
Baharampur,populstat,other,,1821,1829,7.9,2,162374,23000,7.06,down,1400-1900,1110000,24.0983,88.2684
Ulm,buringh,other,,1648,1656,7.9,2,14064,2000,7.032,down,1400-1900,120000,48.4011,9.9876
Baharampur,populstat,step,flat0/283,1763,1771,7.9,2,30000,209601,6.987,up,1400-1900,1110000,24.0983,88.2684
Yuzhou,populstat,fade,,250,275,25.0,2,6972,1000,6.973,down,AD1-1400,339000,34.1405,113.4879
Yuzhou,populstat,fade,,200,225,25.0,2,339000,48618,6.973,down,AD1-1400,339000,34.1405,113.4879
Shuicheng,populstat,seam,,1994,1996,2.0,2,2215170,323999,6.837,down,1900+,2220000,26.5466,104.9576
Lianyuan,chandler_modelski,seam,,2000,2002,2.0,2,1009999,148331,6.809,down,1900+,1010000,27.692,111.664
Johannesburg,populstat,other,,1889,1897,7.9,3,15000,102000,6.8,up,1400-1900,7080000,-26.2056,28.0337
Taxila,populstat,fade,,0,25,25.5,3,150000,22216,6.752,down,AD1-1400,757000,33.7463,72.8397
Xiaguan,populstat,fade,,1377,1401,23.6,1,24999,3731,6.699,down,1400-1900,275000,25.5824,100.2256
Chorzów,buringh,step,flat151/0,1919,1921,2.0,2,499999,74799,6.684,down,1900+,500000,50.294,18.9545
Lahore,populstat,step,flat314/0,1699,1707,7.9,2,359999,53999,6.667,down,1400-1900,15200000,31.5204,74.3587
Aurangâbâd,populstat,step,flat755/352,1817,1825,7.9,2,200000,30000,6.667,down,1400-1900,1570000,19.8758,75.3393
Pâtan,populstat,fade,,1392,1405,13.4,1,60000,9050,6.63,down,1400-1900,224000,23.85,72.121
Samarra,populstat,fade,,889,914,25.0,1,280000,42799,6.542,down,AD1-1400,280000,34.166,43.9055
Samarra,populstat,fade,,939,964,25.0,1,6542,1000,6.542,down,AD1-1400,280000,34.166,43.9055
Ni`'znij Novgorod,buringh,fade,,1300,1325,25.0,1,1000,6324,6.325,up,AD1-1400,1540000,56.3269,44.0059
Ni`'znij Novgorod,buringh,fade,,1325,1350,25.0,1,6324,40000,6.325,up,AD1-1400,1540000,56.3269,44.0059
Macheng,chandler_modelski,seam,,2000,2002,2.0,2,1060000,170740,6.208,down,1900+,1060000,31.3167,115.1
Yogyakarta,populstat,seam,,2002,2004,2.0,2,418000,2593383,6.204,up,1900+,2870000,-7.8014,110.3648
Colombo,populstat,seam,,2001,2003,2.0,2,642000,3962612,6.172,up,1900+,5220000,6.9271,79.8612
Miami,populstat,seam,,2000,2002,2.0,2,362999,2237051,6.163,up,1900+,2910000,25.7617,-80.1918
Rânîbennur,populstat,step,flat850/447,1790,1798,7.9,1,78000,12743,6.121,down,1400-1900,129000,14.6154,75.6288
Xinghua,chandler_modelski,seam,,2000,2002,2.0,2,1500000,245372,6.113,down,1900+,1500000,32.93,119.83
Qandahâr,populstat,step,flat100/0,1785,1793,7.9,2,150000,24999,6.0,down,1400-1900,799000,31.6205,65.7158
Ayutthaya,populstat,step,flat522/0,1847,1855,7.9,2,180000,30000,6.0,down,1400-1900,272000,14.3692,100.5877
Amarapura,populstat,step,flat214/0,1819,1827,7.9,2,180000,30000,6.0,down,1400-1900,180000,21.9039,96.0494
Fort Lauderdale,populstat,seam,,2000,2002,2.0,2,152000,908886,5.98,up,1900+,1370000,26.1224,-80.1373
Zaoyang,populstat,seam,,1994,1996,2.0,2,1040000,173999,5.977,down,1900+,1040000,32.1284,112.774
Baharampur,populstat,other,,1755,1763,7.9,3,178826,30000,5.961,down,1400-1900,1110000,24.0983,88.2684
Krishnanagar,populstat,seam,,1990,1992,2.0,2,118618,702999,5.927,up,1900+,949000,23.4013,88.5021
Tianmen,populstat,seam,,1999,2001,2.0,2,1628061,276999,5.877,down,1900+,1630000,30.6634,113.1661
Onitsha,populstat,seam,,1995,1997,2.0,2,362999,2127869,5.862,up,1900+,5630000,6.1329,6.7924
Banhâ,populstat,seam,,2002,2004,2.0,2,167000,977043,5.851,up,1900+,2090000,30.466,31.1848
Ephesus (Selçuk),populstat,fade,,1,26,25.0,1,200000,34199,5.848,down,AD1-1400,200000,37.9508,27.37
Ephesus (Selçuk),populstat,fade,,51,76,25.0,1,5848,1000,5.848,down,AD1-1400,200000,37.9508,27.37
Nara,populstat,fade,,709,734,25.0,1,200000,34199,5.848,down,AD1-1400,1230000,34.6851,135.8048
Nara,populstat,fade,,759,784,25.0,2,5848,1000,5.848,down,AD1-1400,1230000,34.6851,135.8048
Yiyang,populstat,fade,,-300,-250,50.0,1,200000,34199,5.848,down,pre-AD1,1190000,28.5539,112.3552
Yiyang,populstat,fade,,-200,-150,50.0,1,5848,1000,5.848,down,pre-AD1,1190000,28.5539,112.3552
Kaifeng,populstat,fade,,-400,-350,50.0,1,200000,34199,5.848,down,pre-AD1,1090000,34.7973,114.3073
Kaifeng,populstat,fade,,-300,-250,50.0,1,5848,1000,5.848,down,pre-AD1,1090000,34.7973,114.3073
Mary,populstat,fade,,1150,1175,25.0,1,200000,34199,5.848,down,AD1-1400,280000,37.6092,61.8643
Mary,populstat,fade,,1200,1225,25.0,1,5848,1000,5.848,down,AD1-1400,280000,37.6092,61.8643
Kamakura,populstat,fade,,1250,1275,25.0,2,200000,34199,5.848,down,AD1-1400,200000,35.3192,139.5467
Kamakura,populstat,fade,,1300,1325,25.0,2,5848,1000,5.848,down,AD1-1400,200000,35.3192,139.5467
Siracusa,buringh,fade,,-300,-250,50.0,1,200000,34199,5.848,down,pre-AD1,200000,37.0754,15.2867
Siracusa,buringh,fade,,-200,-150,50.0,1,5848,1000,5.848,down,pre-AD1,200000,37.0754,15.2867
Lingling,populstat,seam,,1995,1997,2.0,2,1020000,175227,5.821,down,1900+,1020000,26.2225,111.6311
Feodosia,chandler_modelski,step,flat503/0,1820,1828,7.9,1,26999,4678,5.771,down,1400-1900,75400,45.0489,35.3792
Wuxi,populstat,fade,,1923,1925,2.0,1,34672,200000,5.768,up,1900+,2630000,31.491,120.3124
Stif,populstat,seam,,2000,2002,2.0,2,1310000,227658,5.754,down,1900+,1310000,36.1898,5.4108
Zhengzhou,populstat,fade,,1934,1936,2.0,1,34323,197000,5.739,up,1900+,6390000,34.7472,113.6249
Liling,populstat,seam,,1993,1995,2.0,2,972622,170000,5.721,down,1900+,988000,27.6462,113.497
Thessaloniki,buringh,step,flat574/0,1422,1430,7.9,2,40028,7000,5.718,down,1400-1900,799000,40.6401,22.9444
Shenyang,populstat,other,,1873,1881,7.9,2,170771,30000,5.692,down,1400-1900,6890000,41.8048,123.433
Lagos,populstat,seam,,1999,2001,2.0,2,1429999,8102626,5.666,up,1900+,12800000,6.5244,3.3792
Bagan,chandler_modelski,fade,,1250,1275,25.0,2,180000,31879,5.646,down,AD1-1400,180000,21.1721,94.8602
Bagan,chandler_modelski,fade,,1300,1325,25.0,2,5646,1000,5.646,down,AD1-1400,180000,21.1721,94.8602
Capua (S.M. Capua Vetere),buringh,fade,,100,125,25.0,1,171999,30928,5.561,down,AD1-1400,172000,41.0821,14.2543
Capua (S.M. Capua Vetere),buringh,fade,,150,175,25.0,1,5561,1000,5.561,down,AD1-1400,172000,41.0821,14.2543
Qufu,chandler_modelski,fade,,1,26,25.0,1,170000,30687,5.54,down,AD1-1400,250000,35.6,117.0333
Qufu,chandler_modelski,fade,,51,76,25.0,1,5539,1000,5.54,down,AD1-1400,250000,35.6,117.0333
Xintai,populstat,seam,,1994,1996,2.0,2,1305068,235999,5.53,down,1900+,1310000,35.6792,117.5931
Pergamon (Bergama),populstat,fade,,100,125,25.0,1,165000,30083,5.485,down,AD1-1400,165000,39.1214,27.1799
Pergamon (Bergama),populstat,fade,,150,175,25.0,1,5484,1000,5.485,down,AD1-1400,165000,39.1214,27.1799
Oruro,populstat,step,flat642/371,1780,1788,7.9,2,38000,7000,5.429,down,1400-1900,348000,-17.9717,-67.0931
Baharampur,populstat,step,flat0/207,1829,1837,7.9,1,23000,123364,5.364,up,1400-1900,1110000,24.0983,88.2684
Basrah,populstat,step,flat453/75,1830,1838,7.9,1,65000,12158,5.346,down,1400-1900,2030000,30.526,47.7738
Patna,populstat,fade,,361,386,25.0,1,150000,28231,5.313,down,AD1-1400,3310000,25.5941,85.1376
Patna,populstat,fade,,411,436,25.0,1,5313,1000,5.313,down,AD1-1400,3310000,25.5941,85.1376
Linqu,populstat,seam,,1990,1992,2.0,2,872000,164131,5.313,down,1900+,872000,36.5123,118.543
Shaoxing,populstat,fade,,1842,1850,7.9,1,28854,152000,5.268,up,1400-1900,500000,29.9958,120.5861
Handan,populstat,fade,,400,425,25.0,2,142000,27218,5.217,down,AD1-1400,1790000,36.6256,114.5392
Handan,populstat,fade,,450,475,25.0,2,5217,1000,5.217,down,AD1-1400,1790000,36.6256,114.5392
Yarîm,populstat,fade,,-100,-50,50.0,1,60000,11817,5.077,down,pre-AD1,304000,14.2965,44.3757
Yarîm,populstat,fade,,-49,1,50.0,1,11439,2253,5.077,down,AD1-1400,304000,14.2965,44.3757
Qinzhou,populstat,seam,,1999,2001,2.0,2,1069039,213000,5.019,down,1900+,1070000,21.9797,108.6543
Adana,populstat,step,flat62/0,1807,1815,7.9,3,30000,5999,5.0,down,1400-1900,1090000,36.9914,35.3308
Kalyân,populstat,fade,,1143,1168,25.0,1,124999,24999,5.0,down,AD1-1400,3160000,19.2403,73.1305
Kalyân,populstat,fade,,1193,1218,25.0,1,4999,1000,5.0,down,AD1-1400,3160000,19.2403,73.1305
Meknès,populstat,step,flat270/0,1767,1775,7.9,2,200000,40000,5.0,down,1400-1900,723000,33.8675,-5.5382
Pi-Ramesses (Faqus),populstat,fade,,-1100,-1050,50.0,1,120000,24328,4.932,down,pre-AD1,470000,30.7293,31.7978
Pi-Ramesses (Faqus),populstat,fade,,-1000,-950,50.0,1,4932,1000,4.932,down,pre-AD1,470000,30.7293,31.7978
Islâmâbâd,populstat,seam,,1998,2000,2.0,2,525000,2588438,4.93,up,1900+,4860000,33.6996,73.0362
Karima,populstat,fade,,1350,1375,25.0,1,40000,8156,4.904,down,AD1-1400,50000,18.53,31.8278
Karima,populstat,fade,,1375,1400,25.0,1,8156,1663,4.904,down,1400-1900,50000,18.53,31.8278
Sukhothai,populstat,fade,,1350,1375,25.0,1,40000,8156,4.904,down,AD1-1400,40000,17.0076,99.8264
Sukhothai,populstat,fade,,1375,1400,25.0,1,8156,1663,4.904,down,1400-1900,40000,17.0076,99.8264
Izmir,populstat,fade,,0,25,25.5,2,107000,21847,4.898,down,AD1-1400,2680000,38.4237,27.1428
Dingzhou,chandler_modelski,seam,,2000,2002,2.0,2,1020000,209417,4.871,down,1900+,1020000,38.5167,114.9833
Bûr Sa'îd,populstat,fade,,1150,1175,25.0,1,4848,1000,4.849,down,AD1-1400,850000,31.2653,32.3019
Bûr Sa'îd,populstat,fade,,1100,1125,25.0,1,114000,23510,4.849,down,AD1-1400,850000,31.2653,32.3019
Carthage (La Marsa),populstat,other,,-430,-380,50.0,2,49999,240224,4.804,up,pre-AD1,500000,36.8891,10.3223
Hufûf,populstat,fade,,1051,1076,25.0,1,110000,22957,4.791,down,AD1-1400,753000,25.38,49.5888
Hufûf,populstat,fade,,1101,1126,25.0,1,4791,1000,4.791,down,AD1-1400,753000,25.38,49.5888
Kufa,populstat,fade,,754,779,25.0,1,110000,22957,4.791,down,AD1-1400,200000,32.0472,44.3709
Kufa,populstat,fade,,804,829,25.0,1,4791,1000,4.791,down,AD1-1400,200000,32.0472,44.3709
Izmir,populstat,fade,,50,75,25.0,2,4747,1000,4.747,down,AD1-1400,2680000,38.4237,27.1428
Roma,buringh,other,,-430,-380,50.0,2,35000,166134,4.747,up,pre-AD1,2840000,41.8967,12.4822
Augsburg,buringh,other,,1632,1640,7.9,2,90000,19062,4.721,down,1400-1900,344000,48.3705,10.8978
Srirangapatna,chandler_modelski,step,flat447/0,1863,1871,7.9,2,49999,10600,4.717,down,1400-1900,108000,12.418,76.6947
Yixing,populstat,seam,,1999,2001,2.0,2,1089685,231999,4.697,down,1900+,1090000,31.3404,119.8235
Benin City,populstat,seam,,1994,1996,2.0,2,218624,1020000,4.666,up,1900+,1850000,6.335,5.6037
Taxila,populstat,fade,,51,76,25.0,1,4641,1000,4.642,down,AD1-1400,757000,33.7463,72.8397
Linzi,chandler_modelski,fade,,-200,-150,50.0,1,100000,21544,4.642,down,pre-AD1,350000,36.8167,118.3
Linzi,chandler_modelski,fade,,-100,-50,50.0,1,4641,1000,4.642,down,pre-AD1,350000,36.8167,118.3
Peshâwar Cantonment,populstat,fade,,1,26,25.0,1,100000,21544,4.642,down,AD1-1400,100000,33.9999,71.5309
Peshâwar Cantonment,populstat,fade,,51,76,25.0,1,4641,1000,4.642,down,AD1-1400,100000,33.9999,71.5309
Tula de Allende,populstat,fade,,100,125,25.0,1,100000,21544,4.642,down,AD1-1400,100000,20.0558,-99.3424
Tula de Allende,populstat,fade,,150,175,25.0,1,4641,1000,4.642,down,AD1-1400,100000,20.0558,-99.3424
Wuxi,populstat,fade,,600,625,25.0,1,100000,21544,4.642,down,AD1-1400,2630000,31.491,120.3124
Wuxi,populstat,fade,,650,675,25.0,1,4641,1000,4.642,down,AD1-1400,2630000,31.491,120.3124
Datong,populstat,fade,,400,425,25.0,2,100000,21544,4.642,down,AD1-1400,1570000,40.0764,113.3
Datong,populstat,fade,,450,475,25.0,2,4641,1000,4.642,down,AD1-1400,1570000,40.0764,113.3
Babylon (Hillah),populstat,fade,,-300,-250,50.0,1,100000,21544,4.642,down,pre-AD1,1060000,32.4736,44.4252
Babylon (Hillah),populstat,fade,,-200,-150,50.0,1,4641,1000,4.642,down,pre-AD1,1060000,32.4736,44.4252
Xianyang,populstat,fade,,-300,-250,50.0,1,100000,21544,4.642,down,pre-AD1,806000,34.3293,108.7093
Xianyang,populstat,fade,,-200,-150,50.0,1,4641,1000,4.642,down,pre-AD1,806000,34.3293,108.7093
Izmit,populstat,fade,,300,325,25.0,1,100000,21544,4.642,down,AD1-1400,737000,40.7654,29.9408
Izmit,populstat,fade,,350,375,25.0,1,4641,1000,4.642,down,AD1-1400,737000,40.7654,29.9408
Hamadân,populstat,fade,,-400,-350,50.0,1,100000,21544,4.642,down,pre-AD1,498000,34.7983,48.5148
Hamadân,populstat,fade,,-300,-250,50.0,1,4641,1000,4.642,down,pre-AD1,498000,34.7983,48.5148
Thanjâvûr,populstat,fade,,900,925,25.0,2,100000,21544,4.642,down,AD1-1400,444000,10.7877,79.1384
Thanjâvûr,populstat,fade,,950,975,25.0,1,4641,1000,4.642,down,AD1-1400,444000,10.7877,79.1384
Lhasa,populstat,fade,,765,790,25.0,1,100000,21544,4.642,down,AD1-1400,216000,29.6526,91.1377
Lhasa,populstat,fade,,815,840,25.0,1,4641,1000,4.642,down,AD1-1400,216000,29.6526,91.1377
Prome,populstat,fade,,600,625,25.0,1,100000,21544,4.642,down,AD1-1400,190000,18.8406,95.258
Prome,populstat,fade,,650,675,25.0,1,4641,1000,4.642,down,AD1-1400,190000,18.8406,95.258
Mérida,buringh,fade,,300,325,25.0,1,100000,21544,4.642,down,AD1-1400,100000,38.9191,-6.3408
Mérida,buringh,fade,,350,375,25.0,1,4641,1000,4.642,down,AD1-1400,100000,38.9191,-6.3408
Memphis,populstat,fade,,-300,-250,50.0,1,100000,21544,4.642,down,pre-AD1,100000,29.8107,31.2512
Memphis,populstat,fade,,-200,-150,50.0,1,4641,1000,4.642,down,pre-AD1,100000,29.8107,31.2512
Thebes (Luxor),populstat,fade,,-1000,-950,50.0,1,4641,1000,4.642,down,pre-AD1,4190000,25.6872,32.6396
Anyi,chandler_modelski,fade,,-400,-350,50.0,1,4641,1000,4.642,down,pre-AD1,100000,28.8389,115.599
Rajagriha,chandler_modelski,fade,,-400,-350,50.0,1,4641,1000,4.642,down,pre-AD1,100000,25.03,85.42
Thebes (Luxor),populstat,fade,,-1100,-1050,50.0,1,100000,21544,4.642,down,pre-AD1,4190000,25.6872,32.6396
Anyi,chandler_modelski,fade,,-500,-450,50.0,1,100000,21544,4.642,down,pre-AD1,100000,28.8389,115.599
Rajagriha,chandler_modelski,fade,,-500,-450,50.0,1,100000,21544,4.642,down,pre-AD1,100000,25.03,85.42
Amarapura,populstat,step,flat314/1366,1883,1891,7.9,2,50699,11000,4.609,down,1400-1900,180000,21.9039,96.0494
Patna,populstat,fade,,1624,1632,7.9,1,21803,100000,4.586,up,1400-1900,3310000,25.5941,85.1376
Jaunpur,populstat,fade,,1450,1458,7.9,1,100000,21803,4.586,down,1400-1900,677000,25.7464,82.6837
Kannauj,populstat,fade,,1150,1175,25.0,1,92000,20379,4.514,down,AD1-1400,382000,27.0514,79.9137
Kannauj,populstat,fade,,1200,1225,25.0,1,4514,1000,4.514,down,AD1-1400,382000,27.0514,79.9137
Anuradhapura,populstat,fade,,800,825,25.0,1,91599,20320,4.508,down,AD1-1400,150000,8.3114,80.4037
Anuradhapura,populstat,fade,,850,875,25.0,1,4507,1000,4.508,down,AD1-1400,150000,8.3114,80.4037
Qidong,chandler_modelski,seam,,2000,2002,2.0,2,1140000,255490,4.462,down,1900+,1140000,31.87,121.703
Kayseri,populstat,fade,,1807,1815,7.9,3,11274,49999,4.435,up,1400-1900,882000,38.7205,35.4826
Tianshui,populstat,fade,,1000,1025,25.0,1,85000,19332,4.397,down,AD1-1400,517000,34.5808,105.7249
Tianshui,populstat,fade,,1050,1075,25.0,1,4396,1000,4.397,down,AD1-1400,517000,34.5808,105.7249
T'bilisi,populstat,fade,,1250,1275,25.0,2,4353,1000,4.353,down,AD1-1400,1380000,41.6938,44.8015
T'bilisi,populstat,fade,,1200,1225,25.0,1,82500,18951,4.353,down,AD1-1400,1380000,41.6938,44.8015
Changchun,populstat,fade,,1600,1608,7.9,1,85000,19556,4.346,down,1400-1900,7060000,43.816,125.3236
Changzhou,populstat,fade,,1500,1508,7.9,1,84600,19494,4.34,down,1400-1900,2650000,31.8107,119.9737
Ujjain,populstat,fade,,361,386,25.0,1,80000,18566,4.309,down,AD1-1400,583000,23.1765,75.7885
Ujjain,populstat,fade,,411,436,25.0,1,4308,1000,4.309,down,AD1-1400,583000,23.1765,75.7885
Rey,populstat,fade,,1150,1175,25.0,1,80000,18566,4.309,down,AD1-1400,141000,35.6073,51.4386
Rey,populstat,fade,,1200,1225,25.0,1,4308,1000,4.309,down,AD1-1400,141000,35.6073,51.4386
Karaman,populstat,fade,,1450,1458,7.9,1,80000,18778,4.26,down,1400-1900,131000,37.181,33.2222
Izmir,populstat,fade,,1642,1650,7.9,1,17984,75000,4.17,up,1400-1900,2680000,38.4237,27.1428
Gao,populstat,fade,,1550,1558,7.9,1,75000,17984,4.17,down,1400-1900,167000,16.2703,-0.0398
Tianjin,populstat,step,flat0/384,1871,1879,7.9,3,223995,929999,4.152,up,1400-1900,9140000,39.0851,117.1994
Wafangdian,chandler_modelski,seam,,2000,2002,2.0,2,1000000,242493,4.124,down,1900+,1000000,39.631,121.974
Angkor,chandler_modelski,fade,,1400,1408,7.9,2,90000,21837,4.121,down,1400-1900,353000,13.4124,103.8671
Phnom Penh,populstat,fade,,622,647,25.0,1,70000,16984,4.121,down,AD1-1400,2260000,11.5564,104.9282
Phnom Penh,populstat,fade,,672,697,25.0,1,4121,1000,4.121,down,AD1-1400,2260000,11.5564,104.9282
Neyshâbûr,populstat,fade,,1220,1245,25.0,1,70000,16984,4.121,down,AD1-1400,240000,36.2132,58.7943
Neyshâbûr,populstat,fade,,1270,1295,25.0,1,4121,1000,4.121,down,AD1-1400,240000,36.2132,58.7943
Badami,chandler_modelski,fade,,622,647,25.0,1,70000,16984,4.121,down,AD1-1400,70000,15.9149,75.6768
Badami,chandler_modelski,fade,,672,697,25.0,1,4121,1000,4.121,down,AD1-1400,70000,15.9149,75.6768
Shûsh,populstat,fade,,-430,-380,50.0,1,70000,16984,4.121,down,pre-AD1,74600,32.1958,48.2543
Shûsh,populstat,fade,,-330,-280,50.0,2,4121,1000,4.121,down,pre-AD1,74600,32.1958,48.2543
Chanderi,chandler_modelski,fade,,1527,1535,7.9,1,71999,17499,4.114,down,1400-1900,72000,24.7151,78.1376
Echeng,populstat,seam,,1993,1995,2.0,2,977974,238000,4.109,down,1900+,983000,30.4006,114.8917
Cádiz,buringh,fade,,0,25,25.5,2,63500,15482,4.102,down,AD1-1400,157000,36.521,-6.2805
Xiangfan,populstat,fade,,1882,1890,7.9,1,17107,69599,4.068,up,1400-1900,1140000,32.009,112.1226
Burhânpur,populstat,step,flat692/0,1723,1731,7.9,2,130000,32000,4.062,down,1400-1900,346000,21.3145,76.218
Quanzhou,populstat,seam,,1994,1996,2.0,2,513000,2082400,4.059,up,1900+,3310000,24.874,118.6758
Ankara,populstat,fade,,-100,-50,50.0,1,34000,8389,4.053,down,pre-AD1,3610000,39.9334,32.8597
Ankara,populstat,fade,,-49,1,50.0,1,8158,2013,4.053,down,AD1-1400,3610000,39.9334,32.8597
Oxyrhyncus,chandler_modelski,fade,,-100,-50,50.0,1,34000,8389,4.053,down,pre-AD1,59500,28.5356,30.6599
Oxyrhyncus,chandler_modelski,fade,,-49,1,50.0,1,8158,2013,4.053,down,AD1-1400,59500,28.5356,30.6599
Wuhan,populstat,step,flat0/409,1871,1879,7.9,3,197456,800000,4.052,up,1400-1900,7580000,30.5928,114.3053
Ghazni,populstat,fade,,1068,1093,25.0,1,4041,1000,4.041,down,AD1-1400,201000,33.5471,68.4221
Ghazni,populstat,fade,,1018,1043,25.0,1,65999,16331,4.041,down,AD1-1400,201000,33.5471,68.4221
Vârânasi,populstat,fade,,622,647,25.0,1,65000,16166,4.021,down,AD1-1400,3860000,25.3176,82.9739
Vârânasi,populstat,fade,,672,697,25.0,1,4020,1000,4.021,down,AD1-1400,3860000,25.3176,82.9739
Mansura,chandler_modelski,fade,,968,993,25.0,1,65000,16166,4.021,down,AD1-1400,680000,25.5903,68.7769
Mansura,chandler_modelski,fade,,1018,1043,25.0,1,4020,1000,4.021,down,AD1-1400,680000,25.5903,68.7769
Huzhou,populstat,seam,,1976,1978,2.0,2,527999,131572,4.013,down,1900+,528000,30.893,120.088
Cádiz,buringh,fade,,50,75,25.0,2,3989,1000,3.99,down,AD1-1400,157000,36.521,-6.2805
Matsumae,chandler_modelski,other,,1865,1873,7.9,2,65000,16300,3.988,down,1400-1900,65000,41.4333,140.1167
Haining,chandler_modelski,fade,,1200,1225,25.0,1,60000,15326,3.915,down,AD1-1400,234000,30.5333,120.6833
Paithan,chandler_modelski,fade,,-200,-150,50.0,1,60000,15326,3.915,down,pre-AD1,65100,19.4751,75.3856
Paithan,chandler_modelski,fade,,-100,-50,50.0,1,3914,1000,3.915,down,pre-AD1,65100,19.4751,75.3856
Anyang (Yin),populstat,fade,,-1200,-1150,50.0,1,60000,15326,3.915,down,pre-AD1,1500000,36.0975,114.3931
Anyang (Yin),populstat,fade,,-1100,-1050,50.0,1,3914,1000,3.915,down,pre-AD1,1500000,36.0975,114.3931
Teotihuacán,populstat,fade,,622,647,25.0,1,60000,15326,3.915,down,AD1-1400,103000,19.6861,-98.8716
Teotihuacán,populstat,fade,,672,697,25.0,1,3914,1000,3.915,down,AD1-1400,103000,19.6861,-98.8716
Mari (Abu Kamal),populstat,fade,,-1800,-1750,50.0,1,60000,15326,3.915,down,pre-AD1,80600,34.4678,40.9141
Mari (Abu Kamal),populstat,fade,,-1700,-1650,50.0,1,3914,1000,3.915,down,pre-AD1,80600,34.4678,40.9141
Caracas,populstat,other,,1807,1815,7.9,3,31199,8000,3.9,down,1400-1900,3050000,10.4806,-66.9036
Lille,devries,fade,,1740,1748,7.9,1,60699,15610,3.888,down,1400-1900,60700,51.2418,4.8232
Shaki,populstat,fade,,1510,1518,7.9,1,60000,15489,3.874,down,1400-1900,401000,8.6726,3.3943
Bîdar,populstat,fade,,1450,1458,7.9,1,60000,15489,3.874,down,1400-1900,313000,17.9104,77.5199
Bhîmavaram,populstat,fade,,1422,1430,7.9,1,60000,15489,3.874,down,1400-1900,267000,16.5449,81.5212
Turpan,populstat,fade,,1473,1481,7.9,1,60000,15489,3.874,down,1400-1900,232000,42.9513,89.1895
Yamaguchi,populstat,fade,,1550,1558,7.9,1,60000,15489,3.874,down,1400-1900,140000,34.1783,131.4738
Pandua,chandler_modelski,fade,,1400,1408,7.9,1,60000,15489,3.874,down,1400-1900,107000,23.0749,88.2864
Ujjain,populstat,fade,,1542,1550,7.9,1,15489,60000,3.874,up,1400-1900,583000,23.1765,75.7885
Nanning,populstat,fade,,1126,1151,25.0,1,3870,1000,3.871,down,AD1-1400,3290000,22.8167,108.3669
Nanning,populstat,fade,,1076,1101,25.0,1,57999,14983,3.871,down,AD1-1400,3290000,22.8167,108.3669
Fiumicino,populstat,fade,,-100,-50,50.0,1,30000,7779,3.856,down,pre-AD1,80900,41.7735,12.2397
Fiumicino,populstat,fade,,-49,1,50.0,1,7572,1963,3.856,down,AD1-1400,80900,41.7735,12.2397
Wâdî Moosa,populstat,fade,,-100,-50,50.0,1,30000,7779,3.856,down,pre-AD1,30000,30.3216,35.4801
Wâdî Moosa,populstat,fade,,-49,1,50.0,1,7572,1963,3.856,down,AD1-1400,30000,30.3216,35.4801
Gortyn,populstat,fade,,-100,-50,50.0,1,30000,7779,3.856,down,pre-AD1,30000,35.0515,24.873
Gortyn,populstat,fade,,-49,1,50.0,1,7572,1963,3.856,down,AD1-1400,30000,35.0515,24.873
Kuala Lumpur,populstat,seam,,2000,2002,2.0,2,1150000,4422037,3.845,up,1900+,8440000,3.1319,101.6841
Khartoum,populstat,seam,,1993,1995,2.0,2,924999,3547453,3.835,up,1900+,6810000,15.5974,32.5356
Yazd,populstat,fade,,1396,1407,10.7,1,30000,7825,3.834,down,1400-1900,485000,31.8974,54.3569
Bojonegoro,populstat,seam,,2000,2002,2.0,2,1050000,275000,3.818,down,1900+,1050000,-7.1525,111.8869
Qujing,populstat,seam,,1993,1995,2.0,2,885295,232999,3.8,down,1900+,902000,25.49,103.7963
Kano,populstat,seam,,1995,1997,2.0,2,657000,2490613,3.791,up,1900+,4840000,12.0022,8.592
Verâval,populstat,fade,,1000,1025,25.0,1,53999,14286,3.78,down,AD1-1400,239000,20.9159,70.3629
Verâval,populstat,fade,,1050,1075,25.0,1,3779,1000,3.78,down,AD1-1400,239000,20.9159,70.3629
Brussel,devries,step,flat0/75,1925,1927,2.0,1,800999,214203,3.739,down,1900+,1410000,50.8477,4.3572
Indramayu,populstat,seam,,2000,2002,2.0,2,1179999,315999,3.734,down,1900+,1180000,-6.3282,108.3265
Peshâwar Cantonment,populstat,fade,,1845,1853,7.9,1,14309,53300,3.725,up,1400-1900,100000,33.9999,71.5309
Mumbaî,populstat,step,flat226/0,1710,1718,7.9,1,60000,16165,3.712,down,1400-1900,20200000,18.9582,72.8321
Medellín,populstat,step,flat0/207,1845,1853,7.9,2,10085,37199,3.688,up,1400-1900,3350000,6.2476,-75.5658
San Francisco,populstat,seam,,1999,2001,2.0,2,773333,2850000,3.685,up,1900+,3160000,37.7749,-122.4194
Kalinjar,chandler_modelski,fade,,1200,1225,25.0,1,49999,13572,3.684,down,AD1-1400,50000,25.0116,80.473
Luoyang,populstat,fade,,1161,1186,25.0,1,49999,13572,3.684,down,AD1-1400,1850000,34.6181,112.454
Vijayawâda,populstat,fade,,622,647,25.0,1,49999,13572,3.684,down,AD1-1400,1370000,16.5062,80.648
Vijayawâda,populstat,fade,,672,697,25.0,1,3684,1000,3.684,down,AD1-1400,1370000,16.5062,80.648
Kaifeng,populstat,fade,,667,692,25.0,2,1000,3684,3.684,up,AD1-1400,1090000,34.7973,114.3073
Kaifeng,populstat,fade,,717,742,25.0,2,13572,49999,3.684,up,AD1-1400,1090000,34.7973,114.3073
Kayseri,populstat,fade,,1150,1175,25.0,1,49999,13572,3.684,down,AD1-1400,882000,38.7205,35.4826
Kayseri,populstat,fade,,1200,1225,25.0,1,3684,1000,3.684,down,AD1-1400,882000,38.7205,35.4826
Carthage (La Marsa),populstat,fade,,622,647,25.0,1,49999,13572,3.684,down,AD1-1400,500000,36.8891,10.3223
Carthage (La Marsa),populstat,fade,,672,697,25.0,1,3684,1000,3.684,down,AD1-1400,500000,36.8891,10.3223
Kânchipuram,populstat,fade,,1150,1175,25.0,1,49999,13572,3.684,down,AD1-1400,395000,12.8372,79.7042
Kânchipuram,populstat,fade,,1200,1225,25.0,1,3684,1000,3.684,down,AD1-1400,395000,12.8372,79.7042
Leptis Magna (Al Khums),populstat,fade,,361,386,25.0,1,49999,13572,3.684,down,AD1-1400,150000,32.651,14.2679
Leptis Magna (Al Khums),populstat,fade,,411,436,25.0,1,3684,1000,3.684,down,AD1-1400,150000,32.651,14.2679
Tiruchendûr,populstat,fade,,1300,1325,25.0,1,49999,13572,3.684,down,AD1-1400,75300,8.4977,78.1194
Kórinthos,buringh,fade,,400,425,25.0,2,49999,13572,3.684,down,AD1-1400,70000,37.9386,22.9322
Kórinthos,buringh,fade,,450,475,25.0,2,3684,1000,3.684,down,AD1-1400,70000,37.9386,22.9322
Ichinoseki,populstat,fade,,1100,1125,25.0,1,49999,13572,3.684,down,AD1-1400,63500,38.9347,141.1269
Ichinoseki,populstat,fade,,1150,1175,25.0,1,3684,1000,3.684,down,AD1-1400,63500,38.9347,141.1269
Rohri,populstat,fade,,622,647,25.0,1,49999,13572,3.684,down,AD1-1400,50000,27.6687,68.8943
Rohri,populstat,fade,,672,697,25.0,1,3684,1000,3.684,down,AD1-1400,50000,27.6687,68.8943
Polonaruwa,populstat,fade,,1150,1175,25.0,1,49999,13572,3.684,down,AD1-1400,50000,7.9147,81.0001
Polonaruwa,populstat,fade,,1200,1225,25.0,1,3684,1000,3.684,down,AD1-1400,50000,7.9147,81.0001
Marv Dasht,populstat,fade,,-430,-380,50.0,1,49999,13572,3.684,down,pre-AD1,117000,29.8788,52.8067
Marv Dasht,populstat,fade,,-330,-280,50.0,2,3684,1000,3.684,down,pre-AD1,117000,29.8788,52.8067
Lucheng,chandler_modelski,fade,,-430,-380,50.0,1,49999,13572,3.684,down,pre-AD1,100000,36.3167,113.2167
Lucheng,chandler_modelski,fade,,-330,-280,50.0,2,3684,1000,3.684,down,pre-AD1,100000,36.3167,113.2167
Taluqan,populstat,fade,,500,525,25.0,2,49999,13572,3.684,down,AD1-1400,290000,36.7339,69.5394
Taluqan,populstat,fade,,550,575,25.0,1,3684,1000,3.684,down,AD1-1400,290000,36.7339,69.5394
Bandung,populstat,other,,1890,1898,7.9,1,18000,66021,3.668,up,1400-1900,8910000,-6.9175,107.6191
M'Banza Congo,populstat,fade,,1543,1551,7.9,1,49999,13710,3.647,down,1400-1900,334000,-6.2694,14.2338
Xiaguan,populstat,fade,,1865,1873,7.9,1,13710,49999,3.647,up,1400-1900,275000,25.5824,100.2256
Vârânasi,populstat,fade,,1632,1640,7.9,1,13710,49999,3.647,up,1400-1900,3860000,25.3176,82.9739
Pandegelang,populstat,fade,,1600,1608,7.9,1,49999,13710,3.647,down,1400-1900,324000,-6.3087,106.1063
Bansberia,populstat,fade,,1500,1508,7.9,1,49999,13710,3.647,down,1400-1900,93500,22.9665,88.3893
Louang Phabang,populstat,fade,,1400,1408,7.9,1,49999,13710,3.647,down,1400-1900,67000,19.8833,102.1387
Mathura,populstat,fade,,1840,1848,7.9,1,13655,49700,3.64,up,1400-1900,566000,27.4924,77.6737
Basyûn,populstat,fade,,-650,-600,50.0,1,48000,13207,3.634,down,pre-AD1,96900,30.9399,30.8176
Basyûn,populstat,fade,,-550,-500,50.0,1,3634,1000,3.634,down,pre-AD1,96900,30.9399,30.8176
Tarsus,populstat,fade,,850,875,25.0,1,48000,13207,3.634,down,AD1-1400,227000,36.9166,34.8952
Tarsus,populstat,fade,,900,925,25.0,1,3634,1000,3.634,down,AD1-1400,227000,36.9166,34.8952
Zhucheng,chandler_modelski,seam,,2000,2002,2.0,2,1040000,287109,3.622,down,1900+,1040000,36.01,119.4167
Xiangfan,populstat,fade,,1250,1275,25.0,2,46999,13023,3.609,down,AD1-1400,1140000,32.009,112.1226
Sanliurfa,populstat,fade,,1144,1169,25.0,1,46999,13023,3.609,down,AD1-1400,740000,37.1674,38.7955
Sanliurfa,populstat,fade,,1194,1219,25.0,1,3608,1000,3.609,down,AD1-1400,740000,37.1674,38.7955
Neyshâbûr,populstat,step,flat100/0,1183,1208,25.0,2,90000,24999,3.6,down,AD1-1400,240000,36.2132,58.7943
Ikkeri,chandler_modelski,fade,,1600,1608,7.9,1,48000,13340,3.598,down,1400-1900,80000,14.135,75.0226
Ma'rib,populstat,fade,,-650,-600,50.0,1,45000,12651,3.557,down,pre-AD1,91900,15.5159,45.4498
Ma'rib,populstat,fade,,-550,-500,50.0,1,3556,1000,3.557,down,pre-AD1,91900,15.5159,45.4498
Nineveh (Mosul),populstat,fade,,1250,1275,25.0,2,45000,12651,3.557,down,AD1-1400,1670000,36.3489,43.1577
Vienne,buringh,fade,,361,386,25.0,1,45000,12651,3.557,down,AD1-1400,45000,45.5256,4.8743
Vienne,buringh,fade,,411,436,25.0,1,3556,1000,3.557,down,AD1-1400,45000,45.5256,4.8743
Yichun,populstat,seam,,1994,1996,2.0,2,874999,247218,3.539,down,1900+,875000,27.8144,114.4161
Rajendranagar,populstat,fade,,1585,1593,7.9,1,45000,12776,3.522,down,1400-1900,84500,17.322,78.4023
Oakland,populstat,seam,,1999,2001,2.0,2,396505,1389999,3.506,up,1900+,1500000,37.8044,-122.2712
Vijayanagara (Hospet),populstat,other,,1350,1375,25.0,1,100000,350000,3.5,up,AD1-1400,480000,15.2689,76.3909
Omaha,populstat,other,,1870,1878,7.9,1,16199,56578,3.493,up,1400-1900,390000,41.2565,-95.9345
Bauru,populstat,seam,,2000,2002,2.0,2,976000,280120,3.484,down,1900+,976000,-22.3155,-49.0708
Kôbe,populstat,other,,1883,1891,7.9,3,39389,136999,3.478,up,1400-1900,1490000,34.6901,135.1956
Ródos,populstat,fade,,-100,-50,50.0,1,3476,1000,3.476,down,pre-AD1,55100,36.4341,28.2176
Ródos,populstat,fade,,-200,-150,50.0,1,42000,12082,3.476,down,pre-AD1,55100,36.4341,28.2176
Lhasa,populstat,fade,,1846,1854,7.9,1,12200,42000,3.443,up,1400-1900,216000,29.6526,91.1377
Heze,populstat,seam,,1999,2001,2.0,2,1277868,373000,3.426,down,1900+,1280000,35.2336,115.4811
Xiantao,populstat,seam,,1999,2001,2.0,2,1478222,431999,3.422,down,1900+,1480000,30.3625,113.4545
Jember,populstat,fade,,1300,1325,25.0,1,40000,11696,3.42,down,AD1-1400,530000,-8.1733,113.7009
Pundravardhana,chandler_modelski,fade,,622,647,25.0,1,40000,11696,3.42,down,AD1-1400,78200,25.5,81.5
Pundravardhana,chandler_modelski,fade,,672,697,25.0,1,3419,1000,3.42,down,AD1-1400,78200,25.5,81.5
Kosambi,chandler_modelski,fade,,622,647,25.0,1,40000,11696,3.42,down,AD1-1400,69000,25.339,81.3929
Kosambi,chandler_modelski,fade,,672,697,25.0,1,3419,1000,3.42,down,AD1-1400,69000,25.339,81.3929
Qala Bist,populstat,fade,,1100,1125,25.0,1,40000,11696,3.42,down,AD1-1400,58300,31.5158,64.3523
Qala Bist,populstat,fade,,1150,1175,25.0,1,3419,1000,3.42,down,AD1-1400,58300,31.5158,64.3523
Dur-Kurigalzu,chandler_modelski,fade,,-1200,-1150,50.0,1,40000,11696,3.42,down,pre-AD1,56400,33.3536,44.2024
Dur-Kurigalzu,chandler_modelski,fade,,-1100,-1050,50.0,1,3419,1000,3.42,down,pre-AD1,56400,33.3536,44.2024
Pandu,populstat,fade,,622,647,25.0,1,40000,11696,3.42,down,AD1-1400,48000,26.1606,91.6853
Pandu,populstat,fade,,672,697,25.0,1,3419,1000,3.42,down,AD1-1400,48000,26.1606,91.6853
Erlitou,chandler_modelski,fade,,-1700,-1650,50.0,1,40000,11696,3.42,down,pre-AD1,344000,34.7018,112.6971
Erlitou,chandler_modelski,fade,,-1600,-1550,50.0,1,3419,1000,3.42,down,pre-AD1,344000,34.7018,112.6971
Taranto,buringh,fade,,-430,-380,50.0,1,40000,11696,3.42,down,pre-AD1,242000,40.4622,17.2689
Taranto,buringh,fade,,-330,-280,50.0,2,3419,1000,3.42,down,pre-AD1,242000,40.4622,17.2689
Agrigento,buringh,fade,,-430,-380,50.0,1,40000,11696,3.42,down,pre-AD1,55000,37.3088,13.5858
Agrigento,buringh,fade,,-330,-280,50.0,2,3419,1000,3.42,down,pre-AD1,55000,37.3088,13.5858
Argos,buringh,fade,,-430,-380,50.0,1,40000,11696,3.42,down,pre-AD1,40000,37.6352,22.7289
Argos,buringh,fade,,-330,-280,50.0,2,3419,1000,3.42,down,pre-AD1,40000,37.6352,22.7289
Weinan,populstat,seam,,1993,1995,2.0,2,808842,236999,3.413,down,1900+,823000,34.5,109.5101
Melbourne,populstat,other,,1846,1854,7.9,2,20876,71199,3.411,up,1400-1900,3640000,-37.8136,144.9631
Teotihuacán,populstat,other,,-200,-150,50.0,1,800,2724,3.406,up,pre-AD1,103000,19.6861,-98.8716
Teotihuacán,populstat,other,,-150,-100,50.0,1,2724,9279,3.406,up,pre-AD1,103000,19.6861,-98.8716
Chiang Mai,populstat,fade,,1832,1840,7.9,1,11926,40599,3.404,up,1400-1900,630000,18.7883,98.9853
Patna,populstat,step,flat566/0,1753,1761,7.9,2,170000,49999,3.4,down,1400-1900,3310000,25.5941,85.1376
Kamtapur,chandler_modelski,fade,,1498,1506,7.9,1,40000,11808,3.387,down,1400-1900,205000,26.1583,89.3708
Nineveh (Mosul),populstat,fade,,1829,1837,7.9,1,11808,40000,3.387,up,1400-1900,1670000,36.3489,43.1577
Chittoor,populstat,fade,,1568,1576,7.9,1,40000,11808,3.387,down,1400-1900,191000,13.2172,79.1003
Thatta,populstat,fade,,1555,1563,7.9,1,40000,11808,3.387,down,1400-1900,155000,24.7475,67.9106
Sinnar,populstat,fade,,1600,1608,7.9,1,40000,11808,3.387,down,1400-1900,149000,13.5675,33.5672
Allada,populstat,fade,,1682,1690,7.9,1,40000,11808,3.387,down,1400-1900,68800,6.6645,2.1598
Chosica,populstat,fade,,1400,1408,7.9,1,40000,11808,3.387,down,1400-1900,65100,-12.0097,-76.9054
Nara,populstat,seam,,1999,2001,2.0,2,364069,1230000,3.378,up,1900+,1230000,34.6851,135.8048
Jining,populstat,other,,1982,1984,2.0,2,183000,615373,3.363,up,1900+,928000,35.4146,116.5872
Tapachula,populstat,fade,,0,25,25.5,2,35000,10449,3.35,down,AD1-1400,307000,14.9056,-92.2634
Chiang Mai,populstat,fade,,1400,1408,7.9,1,38600,11530,3.348,down,1400-1900,630000,18.7883,98.9853
Enshi,populstat,seam,,1993,1995,2.0,2,734904,220000,3.34,down,1900+,742000,30.2722,109.4882
Herât,populstat,other,,1837,1845,7.9,2,70000,21000,3.333,down,1400-1900,1260000,34.3529,62.204
Babylon (Hillah),populstat,other,,-650,-600,50.0,1,60000,200000,3.333,up,pre-AD1,1060000,32.4736,44.4252
Saydâ,populstat,fade,,-430,-380,50.0,1,35999,10902,3.302,down,pre-AD1,234000,33.5572,35.3733
Saydâ,populstat,fade,,-330,-280,50.0,2,3301,1000,3.302,down,pre-AD1,234000,33.5572,35.3733
Jiujiang,populstat,fade,,1412,1420,7.9,1,37000,11208,3.301,down,1400-1900,600000,29.6606,115.9541
Hamâh,populstat,fade,,1150,1175,25.0,1,35000,10699,3.271,down,AD1-1400,405000,35.1408,36.7553
Tapachula,populstat,fade,,50,75,25.0,2,3271,1000,3.271,down,AD1-1400,307000,14.9056,-92.2634
Sanxingdui,chandler_modelski,fade,,-1200,-1150,50.0,1,35000,10699,3.271,down,pre-AD1,243000,30.993,104.2
Sanxingdui,chandler_modelski,fade,,-1100,-1050,50.0,1,3271,1000,3.271,down,pre-AD1,243000,30.993,104.2
Tanis,chandler_modelski,fade,,-1000,-950,50.0,1,35000,10699,3.271,down,pre-AD1,138000,30.9769,31.88
Tanis,chandler_modelski,fade,,-900,-850,50.0,1,3271,1000,3.271,down,pre-AD1,138000,30.9769,31.88
Sardis (Salihli),populstat,fade,,-430,-380,50.0,1,35000,10699,3.271,down,pre-AD1,122000,38.4871,28.1381
Tyre (Sur),populstat,fade,,-430,-380,50.0,1,35000,10699,3.271,down,pre-AD1,95700,33.2673,35.2166
Gela,buringh,fade,,-430,-380,50.0,1,35000,10699,3.271,down,pre-AD1,79100,37.0738,14.2411
Crotone,populstat,fade,,-430,-380,50.0,1,35000,10699,3.271,down,pre-AD1,61400,39.0808,17.1272
Kerkyra,buringh,fade,,-430,-380,50.0,1,35000,10699,3.271,down,pre-AD1,41500,39.6243,19.9217
Sardis (Salihli),populstat,fade,,-330,-280,50.0,2,3271,1000,3.271,down,pre-AD1,122000,38.4871,28.1381
Tyre (Sur),populstat,fade,,-330,-280,50.0,2,3271,1000,3.271,down,pre-AD1,95700,33.2673,35.2166
Gela,buringh,fade,,-330,-280,50.0,2,3271,1000,3.271,down,pre-AD1,79100,37.0738,14.2411
Crotone,populstat,fade,,-330,-280,50.0,2,3271,1000,3.271,down,pre-AD1,61400,39.0808,17.1272
Kerkyra,buringh,fade,,-330,-280,50.0,2,3271,1000,3.271,down,pre-AD1,41500,39.6243,19.9217
Laiwu,populstat,seam,,1999,2001,2.0,2,1168877,358000,3.265,down,1900+,1170000,36.2032,117.6599
Daqing,populstat,seam,,1999,2001,2.0,2,1026691,315000,3.259,down,1900+,1030000,46.5876,125.1031
Calcutta,populstat,other,,1813,1821,7.9,2,584000,180000,3.244,down,1400-1900,22500000,22.5744,88.3629
Quilon,populstat,fade,,1520,1528,7.9,1,35000,10798,3.241,down,1400-1900,363000,8.8932,76.6141
Warangal,populstat,fade,,1422,1430,7.9,1,35000,10798,3.241,down,1400-1900,838000,17.9693,79.5926
Pliska (Kaspichan),populstat,fade,,800,825,25.0,1,34000,10495,3.24,down,AD1-1400,34000,43.3112,27.1576
Pliska (Kaspichan),populstat,fade,,850,875,25.0,1,3239,1000,3.24,down,AD1-1400,34000,43.3112,27.1576
Wenzhou,populstat,seam,,1993,1995,2.0,2,961871,3110000,3.233,up,1900+,4170000,27.9949,120.6994
Leiyang,chandler_modelski,seam,,2000,2002,2.0,2,1110000,345344,3.214,down,1900+,1110000,26.4,112.929
Boyang,populstat,terminal,frozen35y,1988,1990,2.0,1,357823,1150000,3.214,up,1900+,1150000,28.9928,116.6843
São Paulo,populstat,other,,1884,1892,7.9,2,40000,127303,3.183,up,1400-1900,18900000,-23.5558,-46.6396
Zhengzhou,populstat,fade,,-1360,-1310,50.0,1,32000,10079,3.175,down,pre-AD1,6390000,34.7472,113.6249
Zhengzhou,populstat,fade,,-1260,-1210,50.0,1,3174,1000,3.175,down,pre-AD1,6390000,34.7472,113.6249
Shaoxing,populstat,fade,,1077,1102,25.0,1,32000,10079,3.175,down,AD1-1400,500000,29.9958,120.5861
Shaoxing,populstat,fade,,1127,1152,25.0,1,3174,1000,3.175,down,AD1-1400,500000,29.9958,120.5861
Ur,chandler_modelski,step,flat99/0,-2000,-1950,50.0,1,100000,31622,3.162,down,pre-AD1,100000,30.9627,46.1032
Ur,chandler_modelski,other,,-1950,-1900,50.0,1,31622,10000,3.162,down,pre-AD1,100000,30.9627,46.1032
Naha,populstat,seam,,2000,2002,2.0,2,300999,950639,3.158,up,1900+,1060000,26.213,127.6785
Samarqand,populstat,other,,1196,1221,25.0,2,81925,26000,3.151,down,AD1-1400,932000,39.6508,66.9654
Veracruz,populstat,step,flat0/529,1888,1896,7.9,2,28274,88999,3.148,up,1400-1900,683000,19.1738,-96.1342
Zhanjiang,populstat,seam,,1977,1979,2.0,2,464999,147955,3.143,down,1900+,465000,21.2713,110.3589
Delhi,populstat,other,,1327,1352,25.0,3,40000,124999,3.125,up,AD1-1400,30200000,28.7041,77.1025
Potosí,populstat,step,flat321/69,1770,1778,7.9,1,82000,26312,3.116,down,1400-1900,244000,-19.5723,-65.755
Râjahmundry,populstat,fade,,1000,1025,25.0,1,30000,9654,3.107,down,AD1-1400,584000,17.0005,81.804
Râjahmundry,populstat,fade,,1050,1075,25.0,1,3107,1000,3.107,down,AD1-1400,584000,17.0005,81.804
Dunqulah,populstat,fade,,1090,1115,25.0,1,30000,9654,3.107,down,AD1-1400,81700,19.1461,30.4703
Dunqulah,populstat,fade,,1140,1165,25.0,2,3107,1000,3.107,down,AD1-1400,81700,19.1461,30.4703
Nadiya,chandler_modelski,fade,,1200,1225,25.0,1,30000,9654,3.107,down,AD1-1400,30000,23.5014,73.961
Olbia,populstat,fade,,-200,-150,50.0,1,30000,9654,3.107,down,pre-AD1,40700,40.9236,9.4964
Olbia,populstat,fade,,-100,-50,50.0,1,3107,1000,3.107,down,pre-AD1,40700,40.9236,9.4964
Shahat,populstat,fade,,-200,-150,50.0,1,30000,9654,3.107,down,pre-AD1,35000,32.8036,21.8622
Shahat,populstat,fade,,-100,-50,50.0,1,3107,1000,3.107,down,pre-AD1,35000,32.8036,21.8622
"Ashmûnein, Al-",populstat,fade,,-1300,-1250,50.0,1,30000,9654,3.107,down,pre-AD1,30000,27.7757,30.8003
"Ashmûnein, Al-",populstat,fade,,-1200,-1150,50.0,1,3107,1000,3.107,down,pre-AD1,30000,27.7757,30.8003
Mallawî,populstat,fade,,-1360,-1310,50.0,1,30000,9654,3.107,down,pre-AD1,401000,27.7359,30.8448
Mallawî,populstat,fade,,-1260,-1210,50.0,1,3107,1000,3.107,down,pre-AD1,401000,27.7359,30.8448
Dhâr,populstat,fade,,1251,1276,25.0,1,30000,9654,3.107,down,AD1-1400,121000,22.5981,75.304
Balkh,populstat,fade,,968,993,25.0,1,30000,9654,3.107,down,AD1-1400,75000,36.7551,66.8975
Balkh,populstat,fade,,1018,1043,25.0,1,3107,1000,3.107,down,AD1-1400,75000,36.7551,66.8975
Santa Cruz Xoxocotlán,populstat,fade,,800,825,25.0,1,30000,9654,3.107,down,AD1-1400,52800,17.0194,-96.7494
Santa Cruz Xoxocotlán,populstat,fade,,850,875,25.0,1,3107,1000,3.107,down,AD1-1400,52800,17.0194,-96.7494
Knossos,populstat,fade,,-1360,-1310,50.0,1,30000,9654,3.107,down,pre-AD1,50000,35.3373,25.16
Knossos,populstat,fade,,-1260,-1210,50.0,1,3107,1000,3.107,down,pre-AD1,50000,35.3373,25.16
Mussayab,populstat,fade,,-2200,-2150,50.0,1,30000,9654,3.107,down,pre-AD1,30000,32.7649,44.2811
Mussayab,populstat,fade,,-2100,-2050,50.0,1,3107,1000,3.107,down,pre-AD1,30000,32.7649,44.2811
Sudak,chandler_modelski,fade,,1300,1325,25.0,1,30000,9654,3.107,down,AD1-1400,30000,44.8492,34.9747
Larnaca,buringh,fade,,-1400,-1350,50.0,2,30000,9654,3.107,down,pre-AD1,78500,34.9182,33.6201
Larnaca,buringh,fade,,-1300,-1250,50.0,1,3107,1000,3.107,down,pre-AD1,78500,34.9182,33.6201
Amaliada,populstat,fade,,-430,-380,50.0,1,30000,9654,3.107,down,pre-AD1,31500,37.7962,21.3522
Amaliada,populstat,fade,,-330,-280,50.0,2,3107,1000,3.107,down,pre-AD1,31500,37.7962,21.3522
Liaocheng,populstat,seam,,1993,1995,2.0,2,876194,283000,3.096,down,1900+,896000,36.457,115.9855
Guangzhou,populstat,seam,,2000,2002,2.0,2,6576235,20299999,3.087,up,1900+,27600000,23.1291,113.2644
Tilimsen,populstat,fade,,1520,1528,7.9,1,30000,9740,3.08,down,1400-1900,302000,34.8829,-1.3167
Phnom Penh,populstat,fade,,1836,1844,7.9,1,9740,30000,3.08,up,1400-1900,2260000,11.5564,104.9282
Ceuta,populstat,fade,,1415,1423,7.9,1,30000,9740,3.08,down,1400-1900,84400,35.8894,-5.3213
Sololá,populstat,fade,,1400,1408,7.9,1,30000,9740,3.08,down,1400-1900,69700,14.7666,-91.1785
Thanjâvûr,populstat,fade,,1823,1831,7.9,1,9740,30000,3.08,up,1400-1900,444000,10.7877,79.1384
Hamâh,populstat,fade,,1801,1809,7.9,2,9740,30000,3.08,up,1400-1900,405000,35.1408,36.7553
Tarsus,populstat,fade,,1800,1808,7.9,1,9740,30000,3.08,up,1400-1900,227000,36.9166,34.8952
Mandvi,chandler_modelski,fade,,1800,1808,7.9,2,30000,9740,3.08,down,1400-1900,61500,22.8328,69.3524
Bonga,populstat,fade,,1800,1808,7.9,2,30000,9740,3.08,down,1400-1900,30000,7.2672,36.2468
Mariana,populstat,step,flat314/220,1800,1808,7.9,3,20000,6500,3.077,down,1400-1900,46700,-20.3739,-43.4163
T'aipei,populstat,seam,,2001,2003,2.0,2,2630000,8091398,3.077,up,1900+,9230000,25.033,121.5654
Ruse,buringh,step,flat0/825,1650,1658,7.9,1,7000,21512,3.073,up,1400-1900,193000,43.8356,25.9657
Guangyuan,populstat,seam,,1993,1995,2.0,2,833551,272000,3.065,down,1900+,837000,32.4355,105.8436
Liaoyang,populstat,fade,,1330,1355,25.0,1,24999,8176,3.058,down,AD1-1400,669000,41.2681,123.2374
Los Angeles,populstat,seam,,1999,2001,2.0,2,3666904,11200000,3.054,up,1900+,12700000,34.0549,-118.2426
Kaduna,populstat,seam,,1995,1997,2.0,2,334000,1019082,3.051,up,1900+,1890000,10.5036,7.4337
Leshan,populstat,seam,,1979,1981,2.0,2,563000,186418,3.02,down,1900+,617000,29.5522,103.7654
Changshou,populstat,terminal,frozen35y,1988,1990,2.0,1,276022,828999,3.003,up,1900+,829000,31.6538,120.7522
Srînagar,populstat,step,flat598/0,1825,1833,7.9,2,120000,40000,3.0,down,1400-1900,1130000,34.0837,74.7973
Tûlkarm,populstat,fade,,-800,-750,50.0,1,26999,9000,3.0,down,pre-AD1,92000,32.3075,35.1049
Tûlkarm,populstat,fade,,-700,-650,50.0,2,2999,1000,3.0,down,pre-AD1,92000,32.3075,35.1049
Mumbaî,populstat,step,flat0/226,1661,1669,7.9,1,10000,29863,2.986,up,1400-1900,20200000,18.9582,72.8321
Udaipur,populstat,step,flat491/0,1810,1818,7.9,1,53999,18154,2.974,down,1400-1900,808000,24.5854,73.7125
Luoyang,populstat,fade,,1805,1813,7.9,2,9077,26999,2.974,up,1400-1900,1850000,34.6181,112.454
Lucca,buringh,step,flat18/125,1858,1866,7.9,2,22500,66767,2.967,up,1400-1900,91400,43.843,10.5157
Asyut,populstat,fade,,1200,1225,25.0,1,26000,8776,2.962,down,AD1-1400,1410000,27.1783,31.1859
Surakarta,populstat,seam,,2002,2004,2.0,2,533999,1579999,2.959,up,1900+,1580000,-7.5755,110.8243
Ha nôi,populstat,step,flat157/0,1883,1891,7.9,2,150000,51000,2.941,down,1400-1900,5070000,21.0278,105.8342
Zagreb (town),buringh,other,,1853,1861,7.9,2,14000,41005,2.929,up,1400-1900,771000,45.815,15.9819
Këneurgench,populstat,fade,,1200,1225,25.0,1,24999,8549,2.924,down,AD1-1400,63400,42.3242,59.1819
Narasapur,populstat,fade,,1200,1225,25.0,1,24999,8549,2.924,down,AD1-1400,56400,15.4504,75.6607
Denpasar,populstat,seam,,2002,2004,2.0,2,491000,1433594,2.92,up,1900+,2350000,-8.6705,115.2126
Makkah,populstat,step,flat377/0,1799,1807,7.9,2,49499,17000,2.912,down,1400-1900,1690000,21.4241,39.8173
Minneapolis,populstat,other,,1870,1878,7.9,1,24700,71777,2.906,up,1400-1900,1110000,44.9778,-93.265
Luanda,populstat,seam,,2000,2002,2.0,2,2692804,927000,2.905,down,1900+,11400000,-8.8147,13.2302
Kagoshima,populstat,step,flat277/0,1865,1873,7.9,2,72311,24900,2.904,down,1400-1900,570000,31.5969,130.5571
Asansol,populstat,seam,,1990,1992,2.0,2,712991,2069999,2.903,up,1900+,2920000,23.6889,86.9661
Changsha,populstat,step,flat0/75,1994,1996,2.0,1,1470000,4264246,2.901,up,1900+,5870000,28.2278,112.9389
Azemmour,populstat,fade,,1513,1521,7.9,1,24999,8621,2.9,down,1400-1900,70100,33.2867,-8.3472
Sihara,populstat,fade,,1782,1790,7.9,1,8621,24999,2.9,up,1400-1900,40000,27.7005,85.3356
Lanzhou,populstat,fade,,1732,1740,7.9,1,8598,24900,2.896,up,1400-1900,2970000,36.0614,103.8342
Queimados,populstat,terminal,frozen25y,1999,2001,2.0,2,1190000,411000,2.895,down,1900+,1190000,-22.7111,-43.5691
Zefat,populstat,fade,,-1360,-1310,50.0,1,24000,8320,2.884,down,pre-AD1,25400,32.9646,35.496
Zefat,populstat,fade,,-1260,-1210,50.0,1,2884,1000,2.884,down,pre-AD1,25400,32.9646,35.496
Montpellier,buringh,fade,,1090,1115,25.0,2,1000,2877,2.878,up,AD1-1400,324000,43.6109,3.8761
Kumasi,populstat,seam,,2002,2004,2.0,2,628000,1806987,2.877,up,1900+,4300000,6.6666,-1.6163
Beijing,populstat,step,flat0/260,1245,1270,25.0,3,139476,400999,2.875,up,AD1-1400,17000000,39.9042,116.4074
T'bilisi,populstat,fade,,1767,1775,7.9,1,8389,24000,2.861,up,1400-1900,1380000,41.6938,44.8015
Yazd,populstat,fade,,1805,1813,7.9,2,8389,24000,2.861,up,1400-1900,485000,31.8974,54.3569
Luoyang,populstat,step,flat0/99,-650,-600,50.0,1,70000,200000,2.857,up,pre-AD1,1850000,34.6181,112.454
Granada,buringh,step,flat94/0,1491,1499,7.9,2,200000,70000,2.857,down,1400-1900,381000,37.1825,-3.6012
Nahe,populstat,terminal,frozen35y,1988,1990,2.0,1,243948,694999,2.849,up,1900+,695000,53.7936,10.1357
Morón,populstat,terminal,frozen24y,2000,2002,2.0,2,878000,309000,2.841,down,1900+,878000,-34.6559,-58.6167
Meerut,populstat,step,flat0/113,1847,1855,7.9,2,29000,81935,2.825,up,1400-1900,2210000,28.9845,77.7064
Kaohsiung,populstat,step,flat516/0,1919,1921,2.0,2,100000,35399,2.825,down,1900+,2280000,22.6273,120.3014
Cherson,buringh,fade,,900,925,25.0,2,22500,7969,2.823,down,AD1-1400,365000,46.6354,32.6169
Cherson,buringh,fade,,950,975,25.0,1,2823,1000,2.823,down,AD1-1400,365000,46.6354,32.6169
Balkh,populstat,fade,,1785,1793,7.9,1,8153,23000,2.821,up,1400-1900,75000,36.7551,66.8975
Kaifeng,populstat,step,flat0/100,1125,1150,25.0,2,420894,150000,2.806,down,AD1-1400,1090000,34.7973,114.3073
Phoenix,populstat,other,,1950,1952,2.0,2,107000,300023,2.804,up,1900+,1970000,33.4482,-112.0777
Lucca,buringh,other,,1850,1858,7.9,2,63100,22516,2.802,down,1400-1900,91400,43.843,10.5157
Sihara,populstat,fade,,630,655,25.0,1,22000,7851,2.802,down,AD1-1400,40000,27.7005,85.3356
Sihara,populstat,fade,,680,705,25.0,1,2802,1000,2.802,down,AD1-1400,40000,27.7005,85.3356
Smolensk,buringh,step,flat566/409,1740,1748,7.9,2,42000,15000,2.8,down,1400-1900,356000,54.7903,32.0504
Baoshan,populstat,seam,,1993,1995,2.0,2,764307,273000,2.8,down,1900+,774000,25.112,99.1618
Esfahân,populstat,other,,1598,1606,7.9,2,40000,111875,2.797,up,1400-1900,1840000,32.6539,51.666
Taiyuan,populstat,other,,1642,1650,7.9,2,76289,27300,2.795,down,1400-1900,4010000,37.8706,112.5507
Belford Roxo,populstat,terminal,frozen25y,1999,2001,2.0,2,1209999,433000,2.794,down,1900+,1210000,-22.7606,-43.4037
San Antonio,populstat,seam,,1999,2001,2.0,2,1119523,400999,2.792,down,1900+,1690000,29.4252,-98.4946
Sanliurfa,populstat,fade,,1792,1800,7.9,1,7914,22000,2.78,up,1400-1900,740000,37.1674,38.7955
Cape Town,populstat,other,,1889,1897,7.9,3,41700,115685,2.774,up,1400-1900,4510000,-33.9221,18.4231
Lucca,buringh,other,,1834,1842,7.9,2,22799,63100,2.768,up,1400-1900,91400,43.843,10.5157
Hangzhou,populstat,step,flat0/251,1982,1984,2.0,2,1160460,3210000,2.766,up,1900+,7500000,30.2741,120.1552
Zhuhai,populstat,seam,,1994,1996,2.0,2,331000,912538,2.757,up,1900+,2200000,22.2709,113.5767
Putian,populstat,seam,,1994,1996,2.0,2,328000,902624,2.752,up,1900+,1880000,25.454,119.0077
Tombouctou,chandler_modelski,fade,,1500,1508,7.9,1,21300,7745,2.75,down,1400-1900,114000,16.7735,-3.0074
Juancheng,populstat,terminal,frozen35y,1988,1990,2.0,1,250325,686000,2.74,up,1900+,686000,35.5337,115.5446
Kochi,populstat,seam,,1990,1992,2.0,2,1085433,2969999,2.736,up,1900+,5080000,9.9312,76.2673
Ravenna,buringh,other,,1853,1861,7.9,2,20980,57299,2.731,up,1400-1900,138000,44.4184,12.2035
Delhi,populstat,step,flat0/163,1666,1674,7.9,1,400000,146575,2.729,down,1400-1900,30200000,28.7041,77.1025
Tôkyô,populstat,other,,1604,1612,7.9,2,60000,163514,2.725,up,1400-1900,33700000,35.6764,139.65
Haicheng,chandler_modelski,seam,,2000,2002,2.0,2,1040000,382359,2.72,down,1900+,1040000,40.8833,122.6833
Kish,buringh,fade,,-2400,-2350,50.0,1,2714,1000,2.714,down,pre-AD1,57600,32.5522,44.5856
Pyrgos,populstat,fade,,-1400,-1350,50.0,1,2714,1000,2.714,down,pre-AD1,35600,36.383,25.4478
Nippur,chandler_modelski,fade,,-1200,-1150,50.0,1,20000,7368,2.714,down,pre-AD1,98600,32.1269,45.2308
Nippur,chandler_modelski,fade,,-1100,-1050,50.0,1,2714,1000,2.714,down,pre-AD1,98600,32.1269,45.2308
Soba,chandler_modelski,fade,,1300,1325,25.0,1,20000,7368,2.714,down,AD1-1400,74300,15.5239,32.6808
Balad,populstat,fade,,-2400,-2350,50.0,1,20000,7368,2.714,down,pre-AD1,71400,34.0076,44.1483
Balad,populstat,fade,,-2300,-2250,50.0,1,2714,1000,2.714,down,pre-AD1,71400,34.0076,44.1483
Mohenjodaro,chandler_modelski,fade,,-2100,-2050,50.0,1,20000,7368,2.714,down,pre-AD1,61800,27.3253,68.1329
Mohenjodaro,chandler_modelski,fade,,-2000,-1950,50.0,1,2714,1000,2.714,down,pre-AD1,61800,27.3253,68.1329
Dienne,chandler_modelski,fade,,1324,1349,25.0,1,20000,7368,2.714,down,AD1-1400,20000,15.0334,-16.3501
Kish,buringh,fade,,-2500,-2450,50.0,1,20000,7368,2.714,down,pre-AD1,57600,32.5522,44.5856
Bahtîm,populstat,fade,,-1100,-1050,50.0,1,20000,7368,2.714,down,pre-AD1,276000,30.1372,31.2712
Bahtîm,populstat,fade,,-1000,-950,50.0,1,2714,1000,2.714,down,pre-AD1,276000,30.1372,31.2712
Pyrgos,populstat,fade,,-1500,-1450,50.0,1,20000,7368,2.714,down,pre-AD1,35600,36.383,25.4478
Qixia,populstat,terminal,frozen35y,1988,1990,2.0,1,246969,669999,2.713,up,1900+,670000,32.0964,118.9091
Caracol,chandler_modelski,other,,-50,0,50.0,1,15908,43099,2.709,up,pre-AD1,120000,20.6792,-88.5707
Tula de Allende,populstat,other,,-50,0,50.0,1,15908,43099,2.709,up,pre-AD1,100000,20.0558,-99.3424
Tiahuanaco,chandler_modelski,other,,-50,0,50.0,1,15908,43099,2.709,up,pre-AD1,100000,-16.5523,-68.6795
Tikal,chandler_modelski,other,,-50,0,50.0,1,15908,43099,2.709,up,pre-AD1,100000,17.2221,-89.6236
Caracol,chandler_modelski,other,,-200,-150,50.0,1,800,2167,2.709,up,pre-AD1,120000,20.6792,-88.5707
Tula de Allende,populstat,other,,-200,-150,50.0,1,800,2167,2.709,up,pre-AD1,100000,20.0558,-99.3424
Tiahuanaco,chandler_modelski,other,,-200,-150,50.0,1,800,2167,2.709,up,pre-AD1,100000,-16.5523,-68.6795
Tikal,chandler_modelski,other,,-200,-150,50.0,1,800,2167,2.709,up,pre-AD1,100000,17.2221,-89.6236
Baharampur,populstat,step,flat207/113,1870,1878,7.9,2,124999,46199,2.706,down,1400-1900,1110000,24.0983,88.2684
Jiangling,populstat,terminal,frozen35y,1988,1990,2.0,1,352516,951999,2.701,up,1900+,952000,30.0418,112.4247
Edinburgh,buringh,fade,,1360,1385,25.0,2,3706,10000,2.698,up,AD1-1400,537000,55.9533,-3.1883
Champotón,populstat,fade,,1528,1536,7.9,1,20000,7425,2.693,down,1400-1900,70500,19.3472,-90.72
Taza,populstat,fade,,1515,1523,7.9,1,20000,7425,2.693,down,1400-1900,188000,34.2106,-3.998
Zaanstad,populstat,fade,,1690,1698,7.9,1,20000,7425,2.693,down,1400-1900,135000,52.458,4.751
Pondicherry,populstat,step,flat157/781,1890,1898,7.9,2,127000,47199,2.691,down,1400-1900,998000,11.9416,79.8083
Toledo,chandler_modelski,seam,,1975,1977,2.0,2,563000,209493,2.687,down,1900+,563000,41.571,-83.9669
Chifeng,populstat,other,,1982,1984,2.0,2,268999,722232,2.685,up,1900+,1040000,42.2586,118.8889
Shijiazhuang,populstat,step,flat604/0,1993,1995,2.0,2,1430309,3839999,2.685,up,1900+,3840000,38.0428,114.5143
Ujjain,populstat,step,flat566/0,1873,1881,7.9,2,88199,32899,2.681,down,1400-1900,583000,23.1765,75.7885
Guanajuato,populstat,step,flat113/0,1814,1822,7.9,2,56000,20900,2.679,down,1400-1900,141000,21.019,-101.2574
Shenyang,populstat,other,,1881,1889,7.9,1,30000,80293,2.676,up,1400-1900,6890000,41.8048,123.433
Reggio nell'Emilia,buringh,step,flat0/125,1853,1861,7.9,1,18699,50012,2.674,up,1400-1900,141000,44.7031,10.6346
Brisbane,populstat,seam,,2000,2002,2.0,2,1600000,599684,2.668,down,1900+,1600000,-27.4705,153.026
Ciudad de México,populstat,step,flat125/0,1516,1524,7.9,2,80000,30000,2.667,down,1400-1900,19000000,19.4326,-99.1332
Nanjing,populstat,step,flat106/18,1350,1375,25.0,1,94999,252817,2.661,up,AD1-1400,6800000,32.0584,118.7965
Ruse,buringh,other,,1640,1648,7.9,1,24000,9025,2.659,down,1400-1900,193000,43.8356,25.9657
Hefei,populstat,step,flat251/75,1994,1996,2.0,1,1200000,3185523,2.655,up,1900+,4870000,31.8206,117.229
Szczecin,buringh,fade,,1125,1150,25.0,1,2645,7000,2.646,up,AD1-1400,416000,53.4285,14.5528
Yibin,populstat,seam,,1993,1995,2.0,2,761179,287999,2.643,down,1900+,762000,28.7513,104.6417
Jakarta,populstat,seam,,2001,2003,2.0,2,10475076,27599999,2.635,up,1900+,41900000,-6.1944,106.8229
Bucuresti,buringh,step,flat0/850,1650,1658,7.9,2,18999,49999,2.632,up,1400-1900,2210000,44.4268,26.1025
Delhi,populstat,seam,,2000,2002,2.0,2,7209999,18963818,2.63,up,1900+,30200000,28.7041,77.1025
Motherwell,populstat,other,,1900,1902,2.0,2,82000,31263,2.623,down,1900+,138000,55.7832,-3.9811
Hamadân,populstat,fade,,1295,1320,25.0,1,6868,18000,2.621,up,AD1-1400,498000,34.7983,48.5148
Hakodate,populstat,other,,1877,1885,7.9,4,112000,42781,2.618,down,1400-1900,319000,41.7687,140.7291
Kyõngju,populstat,fade,,1430,1438,7.9,1,18000,6919,2.601,down,1400-1900,276000,35.8447,129.207
Nanjing,populstat,step,flat283/346,1780,1788,7.9,2,130000,49999,2.6,down,1400-1900,6800000,32.0584,118.7965
Probolinggo,populstat,seam,,2000,2002,2.0,2,1009999,389000,2.596,down,1900+,1010000,-7.7764,113.2037
Yichuan,populstat,terminal,frozen35y,1988,1990,2.0,1,250167,647999,2.59,up,1900+,648000,36.0503,110.169
Cochabamba,populstat,other,,1858,1866,7.9,3,40700,15762,2.582,down,1400-1900,1350000,-17.382,-66.1596
Philadelphia,populstat,other,,1840,1848,7.9,1,100999,260372,2.578,up,1400-1900,2230000,39.9526,-75.1652
Bratislava,buringh,step,flat0/308,1550,1558,7.9,2,7000,18000,2.571,up,1400-1900,450000,48.1486,17.1077
"Iskandarîyah, Al-",populstat,other,,1828,1836,7.9,1,12499,32046,2.564,up,1400-1900,7270000,31.2001,29.9187
"Iskandarîyah, Al-",populstat,other,,1840,1848,7.9,1,52267,133999,2.564,up,1400-1900,7270000,31.2001,29.9187
Belém,populstat,other,,1864,1872,7.9,3,24238,61999,2.558,up,1400-1900,2180000,-1.4563,-48.5013
Taranto,buringh,fade,,1542,1550,7.9,1,6686,17100,2.557,up,1400-1900,242000,40.4622,17.2689
Perugia,buringh,other,,1858,1866,7.9,2,18300,46688,2.551,up,1400-1900,154000,43.1107,12.3908
Foshan,populstat,step,flat888/0,1930,1932,2.0,2,400000,157062,2.547,down,1900+,468000,23.0218,113.1219
Montevideo,populstat,other,,1881,1889,7.9,4,84745,214999,2.537,up,1400-1900,1450000,-34.9055,-56.1851
Linqu,populstat,other,,1988,1990,2.0,1,344820,872000,2.529,up,1900+,872000,36.5123,118.543
Changyi,populstat,other,,1988,1990,2.0,1,263671,666000,2.526,up,1900+,666000,36.8588,119.3986
Écija,buringh,step,flat188/0,1814,1822,7.9,2,25199,10000,2.52,down,1400-1900,41700,37.5438,-5.0838
Aswân,populstat,fade,,-1900,-1850,50.0,1,16000,6349,2.52,down,pre-AD1,494000,24.0889,32.8998
Aswân,populstat,fade,,-1800,-1750,50.0,1,2519,1000,2.52,down,pre-AD1,494000,24.0889,32.8998
Porto,buringh,other,,1959,1961,2.0,2,300999,756628,2.514,up,1900+,1260000,41.1579,-8.6291
Cusco,populstat,step,flat277/18,1869,1877,7.9,2,46099,18400,2.505,down,1400-1900,491000,-13.532,-71.9675
"Iskandarîyah, Al-",populstat,step,flat99/0,-49,1,50.0,2,1000000,400000,2.5,down,AD1-1400,7270000,31.2001,29.9187
Beijing,populstat,other,,1126,1151,25.0,2,52078,130000,2.496,up,AD1-1400,17000000,39.9042,116.4074
Bucuresti,buringh,other,,1640,1648,7.9,1,60000,24084,2.491,down,1400-1900,2210000,44.4268,26.1025
"Mansûrah, Al-",populstat,seam,,2002,2004,2.0,2,422999,1049589,2.481,up,1900+,1710000,31.0409,31.3785
Kozhikode,populstat,other,,1865,1873,7.9,2,20000,49624,2.481,up,1400-1900,6120000,11.2488,75.7839
Kebumen,populstat,seam,,2001,2003,2.0,2,1079999,435554,2.48,down,1900+,1080000,-7.6681,109.6525
Denver,populstat,other,,1870,1878,7.9,1,20199,50078,2.479,up,1400-1900,2270000,39.7392,-104.9903
Madrid,buringh,other,,1530,1538,7.9,1,3000,7432,2.477,up,1400-1900,5580000,40.4167,-3.7033
Madrid,buringh,other,,1542,1550,7.9,1,11907,29500,2.477,up,1400-1900,5580000,40.4167,-3.7033
Mathura,populstat,fade,,630,655,25.0,1,15000,6082,2.466,down,AD1-1400,566000,27.4924,77.6737
Mathura,populstat,fade,,680,705,25.0,1,2466,1000,2.466,down,AD1-1400,566000,27.4924,77.6737
Tall 'Afar,populstat,fade,,-2300,-2250,50.0,1,15000,6082,2.466,down,pre-AD1,237000,36.3624,42.4037
Tall 'Afar,populstat,fade,,-2200,-2150,50.0,1,2466,1000,2.466,down,pre-AD1,237000,36.3624,42.4037
Chandannagar,populstat,step,flat359/113,1810,1818,7.9,2,102000,41399,2.464,down,1400-1900,120000,22.8671,88.3674
Charlottenburg,buringh,other,,1885,1893,7.9,1,42400,104439,2.463,up,1400-1900,323000,52.5166,13.3041
San Salvador,populstat,seam,,2000,2002,2.0,2,666000,1640000,2.462,up,1900+,1640000,13.6929,-89.2182
Maracay,populstat,seam,,1990,1992,2.0,2,353999,870984,2.46,up,1900+,1000000,10.2442,-67.6066
Thebes (Luxor),populstat,step,flat200/0,-1600,-1550,50.0,1,10000,24494,2.449,up,pre-AD1,4190000,25.6872,32.6396
Thebes (Luxor),populstat,other,,-1550,-1500,50.0,2,24494,60000,2.449,up,pre-AD1,4190000,25.6872,32.6396
Brussel,devries,other,,1911,1913,2.0,1,176999,433248,2.448,up,1900+,1410000,50.8477,4.3572
Zhengzhou,populstat,other,,1994,1996,2.0,1,1869999,4567903,2.443,up,1900+,6390000,34.7472,113.6249
Ankara,populstat,fade,,1517,1525,7.9,1,6070,14800,2.438,up,1400-1900,3610000,39.9334,32.8597
Athínai,populstat,other,,1664,1672,7.9,2,22000,9034,2.435,down,1400-1900,3380000,37.9838,23.7275
Saint Paul,populstat,other,,1870,1878,7.9,1,26000,63197,2.431,up,1400-1900,312000,44.9537,-93.09
Chicago,populstat,other,,1850,1858,7.9,1,58599,142181,2.426,up,1400-1900,3730000,41.8781,-87.6298
Lanzhou,populstat,fade,,750,775,25.0,1,14200,5863,2.422,down,AD1-1400,2970000,36.0614,103.8342
Lanzhou,populstat,fade,,800,825,25.0,2,2421,1000,2.422,down,AD1-1400,2970000,36.0614,103.8342
Jersey City,populstat,other,,1850,1858,7.9,1,16199,39189,2.419,up,1400-1900,299000,40.7195,-74.043
Tûnis,populstat,seam,,1994,1996,2.0,2,674000,1625086,2.411,up,1900+,2470000,36.8065,10.1815
Dalian,populstat,seam,,2001,2003,2.0,2,5550000,2304858,2.408,down,1900+,5550000,38.914,121.6147
Lódz,buringh,other,,1888,1896,7.9,2,130575,314000,2.405,up,1400-1900,849000,51.7593,19.4559
Nîmes,buringh,fade,,1320,1345,25.0,1,16000,6653,2.405,down,AD1-1400,144000,43.8339,4.36
Kayseri,populstat,step,flat94/62,1830,1838,7.9,1,49999,20803,2.403,down,1400-1900,882000,38.7205,35.4826
Oyo,populstat,step,flat144/0,1848,1856,7.9,2,60000,24999,2.4,down,1400-1900,250000,8.1574,3.6147
Durg,populstat,seam,,1990,1992,2.0,2,307999,737722,2.395,up,1900+,1390000,21.1904,81.2849
Qandahâr,populstat,other,,1738,1746,7.9,1,24000,57403,2.392,up,1400-1900,799000,31.6205,65.7158
Malang,populstat,seam,,2002,2004,2.0,2,742999,1771848,2.385,up,1900+,1910000,-7.9666,112.6326
Kastamonu,populstat,step,flat409/0,1876,1884,7.9,2,49999,21000,2.381,down,1400-1900,100000,41.3766,33.7765
Xiaogan,populstat,seam,,2000,2002,2.0,2,1300000,546981,2.377,down,1900+,1300000,30.9248,113.9164
Dnipropetrovs'k,buringh,other,,1891,1899,7.9,2,49700,117130,2.357,up,1400-1900,1180000,48.4647,35.0462
Sofija,populstat,step,flat503/0,1863,1871,7.9,2,44751,18999,2.355,down,1400-1900,1140000,42.6977,23.3219
Qingdao,populstat,seam,,2001,2003,2.0,2,7100000,3015435,2.355,down,1900+,7100000,36.0662,120.383
Sûrat,populstat,seam,,2000,2002,2.0,2,1510000,3555172,2.354,up,1900+,6910000,21.1702,72.8311
Daulatabad,chandler_modelski,fade,,1192,1217,25.0,2,13000,5528,2.351,down,AD1-1400,208000,19.9427,75.2132
Vârânasi,populstat,seam,,1990,1992,2.0,2,1001367,2349999,2.347,up,1900+,3860000,25.3176,82.9739
Los Angeles,populstat,other,,1890,1898,7.9,1,65700,153906,2.343,up,1400-1900,12700000,34.0549,-118.2426
Chengdu,populstat,step,flat251/75,1994,1996,2.0,1,3260000,7628977,2.34,up,1900+,10200000,30.5723,104.0665
Salvador,populstat,other,,1805,1813,7.9,3,45600,106580,2.337,up,1400-1900,3140000,-12.9777,-38.5016
Changchun,populstat,seam,,2001,2003,2.0,2,7059999,3027536,2.332,down,1900+,7060000,43.816,125.3236
Tellicherry,populstat,seam,,1990,1992,2.0,2,402865,935000,2.321,up,1900+,1080000,11.7491,75.489
Monrovia,populstat,seam,,2002,2004,2.0,2,543000,1256214,2.313,up,1900+,1880000,6.3156,-10.8074
Katowice,buringh,other,,1919,1921,2.0,1,45200,104313,2.308,up,1900+,1030000,50.2649,19.0238
Changchun,populstat,other,,1922,1924,2.0,1,56000,129196,2.307,up,1900+,7060000,43.816,125.3236
Changchun,populstat,other,,1924,1926,2.0,1,130901,302000,2.307,up,1900+,7060000,43.816,125.3236
Zürich,buringh,other,,1861,1869,7.9,1,19799,45641,2.305,up,1400-1900,690000,47.3769,8.5417
Weifang,populstat,step,flat0/125,1982,1984,2.0,2,377999,871102,2.305,up,1900+,1170000,36.7069,119.1618
Cianjur,populstat,seam,,2001,2003,2.0,2,1369999,595313,2.301,down,1900+,1370000,-6.8193,107.1425
Nagasaki,populstat,other,,1890,1898,7.9,3,52660,120999,2.298,up,1400-1900,449000,32.7503,129.8779
Asunción,populstat,seam,,1992,1994,2.0,2,502000,1153368,2.298,up,1900+,1760000,-25.2637,-57.5759
Tehrân,populstat,other,,1796,1804,7.9,2,15000,34461,2.297,up,1400-1900,9170000,35.7219,51.3347
Mbuji-Mayi,populstat,seam,,1993,1995,2.0,2,748685,1719999,2.297,up,1900+,3610000,-6.1307,23.5967
Edinburgh,buringh,other,,1821,1829,7.9,2,65000,149317,2.297,up,1400-1900,537000,55.9533,-3.1883
Alîgarh,populstat,seam,,1990,1992,2.0,2,461979,1060000,2.294,up,1900+,1730000,27.8974,78.088
Leshan,populstat,other,,1977,1979,2.0,1,245429,563000,2.294,up,1900+,617000,29.5522,103.7654
Assur,chandler_modelski,fade,,-1000,-950,50.0,1,12000,5241,2.289,down,pre-AD1,88700,35.4567,43.2625
Assur,chandler_modelski,fade,,-900,-850,50.0,1,2289,1000,2.289,down,pre-AD1,88700,35.4567,43.2625
Nampo,populstat,step,flat0/100,1980,1982,2.0,1,233999,535512,2.289,up,1900+,704000,38.7523,125.3247
Liège,buringh,step,flat0/370,978,1003,25.0,1,4999,11430,2.286,up,AD1-1400,375000,50.6402,5.5689
Jiangyou,populstat,seam,,1994,1996,2.0,2,843000,370336,2.276,down,1900+,843000,31.7569,104.7246
Ottawa,populstat,seam,,2000,2002,2.0,2,1051053,461999,2.275,down,1900+,1060000,45.4201,-75.7003
Baki,populstat,other,,1883,1891,7.9,2,40817,92600,2.269,up,1400-1900,1980000,40.4093,49.8671
Yiyang,populstat,seam,,1994,1996,2.0,2,1160078,511999,2.266,down,1900+,1190000,28.5539,112.3552
Haarlem,buringh,step,flat629/94,1790,1798,7.9,2,48000,21200,2.264,down,1400-1900,215000,52.3874,4.6462
Minneapolis,populstat,seam,,2000,2002,2.0,2,383000,866424,2.262,up,1900+,1110000,44.9778,-93.265
Ningbo,populstat,other,,1993,1995,2.0,2,1119578,2529999,2.26,up,1900+,3090000,29.8683,121.544
Peshâwar,populstat,seam,,1980,1982,2.0,2,465940,1050000,2.254,up,1900+,3550000,34.0083,71.5189
Yarîm,populstat,fade,,1,26,25.0,1,2253,1000,2.253,down,AD1-1400,304000,14.2965,44.3757
Montpellier,buringh,step,flat144/0,1500,1508,7.9,1,13513,5999,2.252,down,1400-1900,324000,43.6109,3.8761
Thon Buri,populstat,step,flat377/0,1983,1985,2.0,2,615999,274000,2.248,down,1900+,616000,13.7149,100.4892
Seattle,populstat,other,,1890,1898,7.9,1,52400,117546,2.243,up,1400-1900,1400000,47.6061,-122.3328
Agrigento,buringh,fade,,1542,1550,7.9,1,5097,11400,2.236,up,1400-1900,55000,37.3088,13.5858
Varna,buringh,other,,1648,1656,7.9,2,8956,20000,2.233,up,1400-1900,314000,43.2141,27.9147
Jombang,populstat,seam,,2000,2002,2.0,2,1000000,448000,2.232,down,1900+,1000000,-7.5741,112.2861
Adelaide,populstat,other,,1881,1889,7.9,1,38500,85869,2.23,up,1400-1900,1090000,-34.9285,138.6007
Croydon,buringh,other,,1861,1869,7.9,1,20299,45232,2.228,up,1400-1900,335000,51.377,-0.0957
Novokuzneck,populstat,other,,1934,1936,2.0,1,98827,220000,2.226,up,1900+,565000,53.7596,87.1216
Praha,buringh,other,,1620,1628,7.9,2,96793,43499,2.225,down,1400-1900,1210000,50.0755,14.4378
Surabaya,populstat,seam,,2002,2004,2.0,2,2730000,6074464,2.225,up,1900+,6840000,-7.2575,112.7521
Narbonne,buringh,fade,,1300,1325,25.0,1,12099,5441,2.224,down,AD1-1400,47000,43.1843,3.0031
Yantai,populstat,step,flat384/176,1909,1911,2.0,2,120000,53999,2.222,down,1900+,1320000,37.4635,121.448
Guadalajara,populstat,seam,,2000,2002,2.0,2,1650000,3666189,2.222,up,1900+,4180000,20.6752,-103.3473
Provins,buringh,step,flat106/0,1300,1325,25.0,1,21000,9459,2.22,down,AD1-1400,21000,48.5602,3.2989
Provins,buringh,other,,1336,1361,25.0,1,6659,3000,2.22,down,AD1-1400,21000,48.5602,3.2989
Changchun,populstat,step,flat0/75,1994,1996,2.0,1,2400000,5326602,2.219,up,1900+,7060000,43.816,125.3236
Âgra,populstat,step,flat0/440,1638,1646,7.9,1,400000,180378,2.218,down,1400-1900,2790000,27.1767,78.0081
"Qâhirah, Al-",populstat,seam,,2002,2004,2.0,2,7759999,17155836,2.211,up,1900+,25600000,30.0444,31.2357
Pisa,buringh,step,flat113/94,1858,1866,7.9,2,23000,50835,2.21,up,1400-1900,104000,43.7228,10.4018
Ieper,buringh,other,,1404,1412,7.9,2,23602,10700,2.206,down,1400-1900,35300,50.8577,2.8712
Gresik,populstat,seam,,2000,2002,2.0,2,815999,370000,2.205,down,1900+,816000,-7.1652,112.652
Kansas City,populstat,other,,1870,1878,7.9,1,30099,66301,2.203,up,1400-1900,504000,39.0997,-94.5786
Himeji,populstat,other,,1945,1947,2.0,2,83199,183219,2.202,up,1900+,507000,34.8154,134.6856
Cilacap,populstat,seam,,2001,2003,2.0,2,1460000,663004,2.202,down,1900+,1460000,-7.6983,109.0235
Brasília,populstat,seam,,2000,2002,2.0,2,2029999,922495,2.201,down,1900+,2030000,-15.7975,-47.8919
Stoke-on-Trent,buringh,other,,1853,1861,7.9,1,45987,100999,2.196,up,1400-1900,333000,53.0033,-2.1827
Essen,buringh,other,,1861,1869,7.9,3,20800,45615,2.193,up,1400-1900,728000,51.4576,7.0225
Yueyang,populstat,seam,,1995,1997,2.0,2,1140000,519890,2.193,down,1900+,1140000,29.3573,113.1292
Kaohsiung,populstat,step,flat62/516,1890,1898,7.9,1,220000,100615,2.187,down,1400-1900,2280000,22.6273,120.3014
Nanjing,populstat,other,,1102,1127,25.0,1,66999,145752,2.175,up,AD1-1400,6800000,32.0584,118.7965
Roma,buringh,step,flat400/0,300,325,25.0,1,998999,459278,2.175,down,AD1-1400,2840000,41.8967,12.4822
Roma,buringh,other,,336,361,25.0,1,326272,150000,2.175,down,AD1-1400,2840000,41.8967,12.4822
Tai'an,populstat,other,,1980,1982,2.0,1,524621,1140000,2.173,up,1900+,1440000,36.1999,117.0884
Qûqon,populstat,step,flat188/0,1865,1873,7.9,2,76000,35000,2.171,down,1400-1900,308000,40.5341,70.9309
Kagoshima,populstat,other,,1873,1881,7.9,1,24900,53971,2.168,up,1400-1900,570000,31.5969,130.5571
Lomé,populstat,seam,,2002,2004,2.0,2,657999,1425766,2.167,up,1900+,2420000,6.1296,1.2197
Zanzibar,populstat,step,flat125/0,1877,1885,7.9,2,65000,30000,2.167,down,1400-1900,967000,-6.1652,39.1989
San Francisco,populstat,other,,1850,1858,7.9,1,34799,75351,2.165,up,1400-1900,3160000,37.7749,-122.4194
Stuttgart,buringh,step,flat0/138,1808,1816,7.9,1,22699,49102,2.163,up,1400-1900,899000,48.7758,9.1829
Monterrey,populstat,seam,,1999,2001,2.0,2,1539999,3330906,2.163,up,1900+,3940000,25.6866,-100.3161
Faizâbâd,populstat,other,,1865,1873,7.9,3,100000,46277,2.161,down,1400-1900,992000,26.773,82.1458
Siâlkot,populstat,seam,,1980,1982,2.0,2,249016,537999,2.16,up,1900+,1910000,32.4925,74.5312
Pondicherry,populstat,step,flat0/157,1851,1859,7.9,1,32700,70574,2.158,up,1400-1900,998000,11.9416,79.8083
Chittagong,populstat,seam,,2000,2002,2.0,2,1798312,3879999,2.158,up,1900+,4980000,22.3752,91.8349
Teotihuacán,populstat,other,,-100,-50,50.0,1,9279,19999,2.155,up,pre-AD1,103000,19.6861,-98.8716
Rifa,populstat,fade,,-1900,-1850,50.0,1,10000,4641,2.154,down,pre-AD1,80000,26.1333,50.5379
Rifa,populstat,fade,,-1800,-1750,50.0,1,2154,1000,2.154,down,pre-AD1,80000,26.1333,50.5379
Badtibira,chandler_modelski,fade,,-1800,-1750,50.0,1,10000,4641,2.154,down,pre-AD1,95100,31.7667,46.0044
Badtibira,chandler_modelski,fade,,-1700,-1650,50.0,1,2154,1000,2.154,down,pre-AD1,95100,31.7667,46.0044
Adab,chandler_modelski,fade,,-1800,-1750,50.0,1,10000,4641,2.154,down,pre-AD1,51900,31.947,45.9684
Adab,chandler_modelski,fade,,-1700,-1650,50.0,1,2154,1000,2.154,down,pre-AD1,51900,31.947,45.9684
Aliabad,populstat,fade,,-1800,-1750,50.0,1,10000,4641,2.154,down,pre-AD1,43800,29.9992,52.3201
Aliabad,populstat,fade,,-1700,-1650,50.0,1,2154,1000,2.154,down,pre-AD1,43800,29.9992,52.3201
Kaahka,populstat,fade,,-2100,-2050,50.0,1,10000,4641,2.154,down,pre-AD1,14600,37.3486,59.6151
Kaahka,populstat,fade,,-2000,-1950,50.0,1,2154,1000,2.154,down,pre-AD1,14600,37.3486,59.6151
Katowice,buringh,step,flat0/75,1967,1969,2.0,1,289000,621261,2.15,up,1900+,1030000,50.2649,19.0238
Trivandrum,populstat,seam,,1990,1992,2.0,2,791252,1700000,2.148,up,1900+,2950000,8.5241,76.9366
Poitiers,buringh,step,flat0/118,700,725,25.0,2,2000,4293,2.147,up,AD1-1400,115000,46.5798,0.3417
Kermân,populstat,step,flat200/340,1200,1225,25.0,1,100000,46599,2.146,down,AD1-1400,517000,30.2839,57.0834
Ferrara,buringh,step,flat0/62,1861,1869,7.9,1,27699,59386,2.144,up,1400-1900,156000,44.8392,11.6176
Cebu,populstat,seam,,1995,1997,2.0,2,662000,1417671,2.141,up,1900+,3040000,10.3157,123.8854
Bucuresti,buringh,other,,1550,1558,7.9,1,4999,10705,2.141,up,1400-1900,2210000,44.4268,26.1025
Bucuresti,buringh,other,,1567,1575,7.9,1,25686,55000,2.141,up,1400-1900,2210000,44.4268,26.1025
Teotihuacán,populstat,other,,-49,1,50.0,2,20308,43274,2.131,up,AD1-1400,103000,19.6861,-98.8716
Asyut,populstat,seam,,2002,2004,2.0,2,393000,837047,2.13,up,1900+,1410000,27.1783,31.1859
Pingxiang,populstat,seam,,1980,1982,2.0,2,787999,370036,2.13,down,1900+,788000,27.6229,113.8543
Yueyang,populstat,step,flat0/277,1980,1982,2.0,1,403607,857999,2.126,up,1900+,1140000,29.3573,113.1292
Bursa,populstat,step,flat0/554,1884,1892,7.9,1,35700,75850,2.125,up,1400-1900,2280000,40.1885,29.061
T'aichung,populstat,seam,,2000,2002,2.0,2,960774,2039999,2.123,up,1900+,2290000,24.163,120.6746
Tzintzuntzan,chandler_modelski,fade,,1600,1608,7.9,1,40000,18879,2.119,down,1400-1900,40000,19.629,-101.5786
Kashi,populstat,other,,1512,1520,7.9,2,30000,63517,2.117,up,1400-1900,506000,39.4704,75.9898
Roma,buringh,other,,-500,-450,50.0,1,100000,47242,2.117,down,pre-AD1,2840000,41.8967,12.4822
Pingxiang,populstat,other,,1978,1980,2.0,1,373363,787999,2.111,up,1900+,788000,27.6229,113.8543
Hamhúng,populstat,seam,,2002,2004,2.0,2,820999,389569,2.107,down,1900+,821000,39.9838,127.6125
Jilin,populstat,terminal,frozen25y,1999,2001,2.0,2,2779999,1319999,2.106,down,1900+,2780000,43.8962,125.3268
San José (cantón),populstat,step,flat352/50,1993,1995,2.0,1,444000,933544,2.103,up,1900+,2170000,9.9281,-84.0907
Ciudad de Guatemala,populstat,seam,,2002,2004,2.0,2,1090000,2287444,2.099,up,1900+,2840000,14.6349,-90.5069
Kânpur,populstat,seam,,2000,2002,2.0,2,1879999,3931870,2.091,up,1900+,4390000,26.4499,80.3319
Luoyang,populstat,other,,-430,-380,50.0,2,100000,209127,2.091,up,pre-AD1,1850000,34.6181,112.454
St Petersburg,buringh,other,,1732,1740,7.9,1,39205,81899,2.089,up,1400-1900,4780000,59.9311,30.3609
Changsha,populstat,seam,,2001,2003,2.0,2,5870000,2810856,2.088,down,1900+,5870000,28.2278,112.9389
Tengxian,populstat,terminal,frozen31y,1992,1994,2.0,1,718647,1500000,2.087,up,1900+,1500000,23.375,110.915
Kufa,populstat,other,,700,725,25.0,3,200000,95873,2.086,down,AD1-1400,200000,32.0472,44.3709
Lucknow,populstat,seam,,2000,2002,2.0,2,1619999,3379062,2.086,up,1900+,5050000,26.8467,80.9462
Kozhikode,populstat,seam,,1991,1993,2.0,2,800999,1667900,2.082,up,1900+,6120000,11.2488,75.7839
Chandragiri,chandler_modelski,fade,,1128,1153,25.0,1,8999,4326,2.08,down,AD1-1400,9000,13.5833,79.3167
Pondicherry,populstat,step,flat245/0,1794,1802,7.9,2,52000,24999,2.08,down,1400-1900,998000,11.9416,79.8083
Jinan,populstat,seam,,2001,2003,2.0,2,5689999,2738165,2.078,down,1900+,5690000,36.6518,117.1201
Lorca,buringh,step,flat0/62,1884,1892,7.9,2,28400,58938,2.075,up,1400-1900,74500,37.6736,-1.6968
Wiesbaden,buringh,step,flat0/264,1810,1818,7.9,1,12529,26000,2.075,up,1400-1900,591000,50.0782,8.2398
Ugarit,chandler_modelski,other,,-1400,-1350,50.0,3,10000,20741,2.074,up,pre-AD1,24000,35.6023,35.7866
Ugarit,chandler_modelski,step,flat0/100,-1360,-1310,50.0,1,24000,11570,2.074,down,pre-AD1,24000,35.6023,35.7866
Khartoum,populstat,step,flat0/201,1972,1974,2.0,1,305000,631387,2.07,up,1900+,6810000,15.5974,32.5356
Shkodër,buringh,other,,1542,1550,7.9,1,8278,4000,2.07,down,1400-1900,94600,42.0647,19.509
Shkodër,buringh,other,,1530,1538,7.9,1,24999,12079,2.07,down,1400-1900,94600,42.0647,19.509
Bijâpur,populstat,step,flat94/0,1565,1573,7.9,1,60000,124172,2.07,up,1400-1900,474000,16.8302,75.71
Nairobi,populstat,seam,,2000,2002,2.0,2,1350000,2792186,2.068,up,1900+,6130000,-1.2921,36.8219
Edmonton,populstat,seam,,2000,2002,2.0,2,926586,449000,2.064,down,1900+,982000,53.5461,-113.4937
Zhengzhou,populstat,seam,,2001,2003,2.0,2,6389999,3098384,2.062,down,1900+,6390000,34.7472,113.6249
Beograd,buringh,other,,1642,1650,7.9,1,15981,7749,2.062,down,1400-1900,1190000,44.8125,20.4612
Beograd,buringh,other,,1632,1640,7.9,1,40000,19397,2.062,down,1400-1900,1190000,44.8125,20.4612
Rizhao,populstat,seam,,1999,2001,2.0,2,1079203,524000,2.06,down,1900+,1080000,35.4165,119.5272
Liepája,buringh,step,flat0/220,1889,1897,7.9,2,31402,64499,2.054,up,1400-1900,112000,56.5385,21.0538
Kyjiv,buringh,fade,,800,825,25.0,1,1000,2051,2.051,up,AD1-1400,2900000,50.4504,30.5245
Kyjiv,buringh,fade,,875,900,25.0,1,8629,17699,2.051,up,AD1-1400,2900000,50.4504,30.5245
Tangshan,populstat,other,,1948,1950,2.0,1,136999,280787,2.05,up,1900+,2290000,39.6304,118.1802
Tangshan,populstat,other,,1950,1952,2.0,1,283965,581999,2.05,up,1900+,2290000,39.6304,118.1802
Chandîgarh,populstat,seam,,1991,1993,2.0,2,575999,1180120,2.049,up,1900+,2440000,30.7333,76.7794
Murcia,buringh,other,,1849,1857,7.9,2,55100,26899,2.048,down,1400-1900,364000,37.9893,-1.132
Antioch,populstat,step,flat264/0,1400,1408,7.9,1,26999,13182,2.048,down,1400-1900,530000,36.2066,36.1572
Tapachula,populstat,other,,-200,-150,50.0,1,2000,4090,2.045,up,pre-AD1,307000,14.9056,-92.2634
Tapachula,populstat,other,,-50,0,50.0,1,17112,35000,2.045,up,pre-AD1,307000,14.9056,-92.2634
Bursa,populstat,step,flat176/0,1876,1884,7.9,2,73000,35700,2.045,down,1400-1900,2280000,40.1885,29.061
Rui'an,populstat,step,flat0/806,1991,1993,2.0,1,504562,1029999,2.041,up,1900+,1050000,27.7784,120.6552
Karaj,populstat,seam,,2001,2003,2.0,2,1044749,2130000,2.039,up,1900+,3600000,35.8439,50.9715
Xianyang,populstat,seam,,1993,1995,2.0,2,758236,371999,2.038,down,1900+,806000,34.3293,108.7093
Perth,populstat,seam,,2000,2002,2.0,2,1360000,668664,2.034,down,1900+,1360000,-31.9514,115.8617
Silistra,buringh,other,,1530,1538,7.9,1,23900,11756,2.033,down,1400-1900,56200,44.1147,27.2672
Silistra,buringh,other,,1542,1550,7.9,1,8131,4000,2.033,down,1400-1900,56200,44.1147,27.2672
Wuxi,populstat,seam,,2000,2002,2.0,2,1009999,2049059,2.029,up,1900+,2630000,31.491,120.3124
Xining,populstat,seam,,2001,2003,2.0,2,2000000,985879,2.029,down,1900+,2000000,36.6173,101.7778
Probolinggo,populstat,other,,1997,1999,2.0,1,497943,1009999,2.028,up,1900+,1010000,-7.7764,113.2037
Wroclaw,buringh,other,,1946,1948,2.0,2,171000,346822,2.028,up,1900+,642000,51.1093,17.0386
Fuyang,populstat,other,,1986,1988,2.0,1,380790,770999,2.025,up,1900+,873000,32.8896,115.8149
Rio de Janeiro,populstat,other,,1851,1859,7.9,2,165999,335497,2.021,up,1400-1900,9500000,-22.9068,-43.1729
Pisa,buringh,other,,1225,1250,25.0,2,24739,49999,2.021,up,AD1-1400,104000,43.7228,10.4018
Ningbo,populstat,seam,,1995,1997,2.0,2,2529999,1252312,2.02,down,1900+,3090000,29.8683,121.544
Basrah,populstat,other,,700,725,25.0,3,200000,98998,2.02,down,AD1-1400,2030000,30.526,47.7738
Yibin,populstat,step,flat327/0,1982,1984,2.0,2,267999,541396,2.02,up,1900+,762000,28.7513,104.6417
Cincinnati,populstat,other,,1830,1838,7.9,1,30000,60570,2.019,up,1400-1900,504000,39.1031,-84.512
Xiaoshan,populstat,step,flat0/806,1991,1993,2.0,1,530195,1070000,2.018,up,1900+,1120000,30.1853,120.2646
Ankara,populstat,fade,,1,26,25.0,1,2013,1000,2.013,down,AD1-1400,3610000,39.9334,32.8597
Oxyrhyncus,chandler_modelski,fade,,1,26,25.0,1,2013,1000,2.013,down,AD1-1400,59500,28.5356,30.6599
Tai'an,populstat,seam,,1999,2001,2.0,2,1439528,716999,2.008,down,1900+,1440000,36.1999,117.0884
Dhaka,populstat,seam,,2000,2002,2.0,2,9415364,18899999,2.007,up,1900+,36600000,23.8041,90.4152
Tokat,populstat,step,flat409/604,1880,1888,7.9,2,60000,29900,2.007,down,1400-1900,153000,40.3235,36.5522
Magelang,populstat,other,,1997,1999,2.0,1,503705,1009999,2.005,up,1900+,1010000,-7.4797,110.2177
Brussel,devries,step,flat604/0,1998,2000,2.0,1,556000,1113915,2.003,up,1900+,1410000,50.8477,4.3572
Sûrat,populstat,step,flat233/0,1697,1705,7.9,2,100000,49999,2.0,down,1400-1900,6910000,21.1702,72.8311
Kumasi,populstat,step,flat125/0,1817,1825,7.9,2,40000,20000,2.0,down,1400-1900,4300000,6.6666,-1.6163
Patna,populstat,other,,-400,-350,50.0,1,100000,200000,2.0,up,pre-AD1,3310000,25.5941,85.1376
Patna,populstat,other,,-350,-300,50.0,1,200000,400000,2.0,up,pre-AD1,3310000,25.5941,85.1376
Patna,populstat,step,flat99/198,0,25,25.5,3,200000,100000,2.0,down,AD1-1400,3310000,25.5941,85.1376
Âgra,populstat,step,flat440/579,1720,1728,7.9,2,120000,60000,2.0,down,1400-1900,2790000,27.1767,78.0081
Mandalay,populstat,step,flat0/94,1871,1879,7.9,2,100000,200000,2.0,up,1400-1900,1540000,21.9588,96.0891
Kaluga,buringh,step,flat220/0,1774,1782,7.9,2,34000,17000,2.0,down,1400-1900,357000,54.5136,36.2637
Cap Haitiën,populstat,other,,1794,1802,7.9,2,20000,10000,2.0,down,1400-1900,332000,19.737,-72.2068
Zacatecas,populstat,other,,1882,1890,7.9,2,30000,60000,2.0,up,1400-1900,272000,22.7728,-102.5766
Siracusa,buringh,fade,,1349,1374,25.0,2,4000,8000,2.0,up,AD1-1400,200000,37.0754,15.2867
Chanda,chandler_modelski,step,flat629/107,1800,1808,7.9,3,49999,24999,2.0,down,1400-1900,50000,26.0643,82.3153
Umma,chandler_modelski,step,flat199/0,-2300,-2250,50.0,1,40000,20000,2.0,down,pre-AD1,40000,31.6211,45.9334
Umma,chandler_modelski,other,,-2250,-2200,50.0,1,19999,10000,2.0,down,pre-AD1,40000,31.6211,45.9334
Phnom Penh,populstat,seam,,1998,2000,2.0,2,570000,1138542,1.997,up,1900+,2260000,11.5564,104.9282
Dublin,buringh,other,,1541,1549,7.9,1,12000,6011,1.996,down,1400-1900,1140000,53.3498,-6.2603
Kampala,populstat,seam,,1999,2001,2.0,2,891000,1773877,1.991,up,1900+,4880000,0.3152,32.5816
Yantai,populstat,seam,,1994,1996,2.0,2,1305147,656000,1.99,down,1900+,1320000,37.4635,121.448
Mérida,buringh,fade,,1542,1550,7.9,1,4021,8000,1.989,up,1400-1900,100000,38.9191,-6.3408
Thành Phô Hô' Chí Minh,populstat,step,flat62/0,1896,1901,4.9,2,100999,50899,1.984,down,1900+,14100000,10.8231,106.6297
Bangalore,populstat,seam,,2000,2002,2.0,2,3299999,6547038,1.984,up,1900+,13200000,12.9629,77.5775
Huludao,populstat,seam,,1994,1996,2.0,2,854000,430683,1.983,down,1900+,854000,40.711,120.837
Alessandria,buringh,other,,1848,1856,7.9,1,23000,45551,1.98,up,1400-1900,100000,44.9073,8.6117
Shaoxing,populstat,step,flat888/0,1930,1932,2.0,1,499999,252500,1.98,down,1900+,500000,29.9958,120.5861
Utrecht,buringh,other,,1549,1557,7.9,2,25732,13000,1.979,down,1400-1900,519000,52.0919,5.123
Bergamo,buringh,other,,1837,1845,7.9,2,17248,34099,1.977,up,1400-1900,398000,45.6942,9.6707
Wanxian,populstat,seam,,1995,1997,2.0,2,1570000,795334,1.974,down,1900+,1570000,30.8079,108.4087
Srirangapatna,chandler_modelski,step,flat125/447,1790,1798,7.9,1,107999,54757,1.972,down,1400-1900,108000,12.418,76.6947
Leipzig,buringh,step,flat62/0,1885,1893,7.9,1,170000,335293,1.972,up,1400-1900,714000,51.3397,12.3731
Konya,populstat,step,flat125/0,1807,1815,7.9,3,29526,15000,1.968,down,1400-1900,959000,37.8746,32.4932
Zaragoza,buringh,step,flat144/0,1814,1822,7.9,2,55000,28000,1.964,down,1400-1900,597000,41.6474,-0.8861
Fiumicino,populstat,fade,,1,26,25.0,1,1963,1000,1.964,down,AD1-1400,80900,41.7735,12.2397
Wâdî Moosa,populstat,fade,,1,26,25.0,1,1963,1000,1.964,down,AD1-1400,30000,30.3216,35.4801
Gortyn,populstat,fade,,1,26,25.0,1,1963,1000,1.964,down,AD1-1400,30000,35.0515,24.873
Vladimir,buringh,other,,1100,1125,25.0,1,2000,3914,1.957,up,AD1-1400,352000,56.1428,40.3896
Vladimir,buringh,step,flat0/1079,1150,1175,25.0,1,7663,15000,1.957,up,AD1-1400,352000,56.1428,40.3896
Texcoco de Mora,populstat,step,flat497/0,1600,1608,7.9,1,42000,21463,1.957,down,1400-1900,232000,19.506,-98.8832
Shashi,populstat,seam,,1994,1996,2.0,2,1429999,730908,1.956,down,1900+,1430000,30.311,112.2549
Tianjin,populstat,seam,,2000,2002,2.0,2,8945908,4580000,1.953,down,1900+,9140000,39.0851,117.1994
Yushu,populstat,other,,1992,1994,2.0,1,609401,1190000,1.953,up,1900+,1190000,33.0053,97.0065
Berlin,buringh,other,,1701,1709,7.9,1,28994,56599,1.952,up,1400-1900,4340000,52.52,13.405
Liverpool,buringh,other,,1821,1829,7.9,2,100000,195183,1.952,up,1400-1900,1230000,53.4084,-2.9916
Sacramento,populstat,seam,,2000,2002,2.0,2,407000,794334,1.952,up,1900+,1510000,38.5781,-121.4944
Fuzhou,populstat,seam,,1999,2001,2.0,2,1303170,2540000,1.949,up,1900+,2920000,26.0742,119.2965
Quito,populstat,step,flat157/0,1849,1857,7.9,2,70000,35999,1.944,down,1400-1900,2530000,-0.2233,-78.5141
La Paz,populstat,seam,,2002,2004,2.0,2,810999,1574066,1.941,up,1900+,2020000,-16.4944,-68.1212
Thành Phô Hô' Chí Minh,populstat,other,,1936,1938,2.0,1,111000,215308,1.94,up,1900+,14100000,10.8231,106.6297
Thành Phô Hô' Chí Minh,populstat,other,,1938,1940,2.0,1,217557,421999,1.94,up,1900+,14100000,10.8231,106.6297
Üsküdar,populstat,other,,1892,1900,7.9,1,39142,75815,1.937,up,1900+,256000,41.0322,29.0319
Alessandria,buringh,other,,1862,1870,7.9,2,26999,52269,1.936,up,1400-1900,100000,44.9073,8.6117
Brussel,devries,other,,1867,1875,7.9,3,169094,327000,1.934,up,1400-1900,1410000,50.8477,4.3572
Kraków,buringh,step,flat755/0,1764,1772,7.9,2,29000,15000,1.933,down,1400-1900,750000,50.0647,19.945
Porto Alegre,populstat,other,,1864,1872,7.9,3,22770,44000,1.932,up,1400-1900,2150000,-30.0368,-51.209
Dongguan,populstat,other,,1982,1984,2.0,1,564198,1090000,1.932,up,1900+,1740000,23.0207,113.7518
Indore,populstat,seam,,2000,2002,2.0,2,1090000,2104876,1.931,up,1900+,3480000,22.7196,75.8577
Changde,populstat,other,,1991,1993,2.0,1,559617,1079999,1.93,up,1900+,1230000,29.0316,111.6985
Chongqing,populstat,other,,1758,1766,7.9,2,16500,31820,1.929,up,1400-1900,7210000,29.5657,106.5512
Chengdu,populstat,step,flat447/0,1720,1728,7.9,1,120000,62319,1.926,down,1400-1900,10200000,30.5723,104.0665
Burgos,buringh,fade,,800,825,25.0,1,1000,1923,1.923,up,AD1-1400,163000,42.3505,-3.6894
Burgos,buringh,fade,,859,884,25.0,1,4679,8999,1.923,up,AD1-1400,163000,42.3505,-3.6894
Mykolajiv,buringh,other,,1858,1866,7.9,2,33500,64404,1.923,up,1400-1900,516000,46.9661,32.0032
Los Angeles,populstat,other,,1880,1888,7.9,1,28900,55464,1.919,up,1400-1900,12700000,34.0549,-118.2426
Dimashq,populstat,seam,,2000,2002,2.0,2,1389999,2663996,1.917,up,1900+,4290000,33.5132,36.2768
Shîrâz,populstat,step,flat440/0,1803,1811,7.9,3,36400,18999,1.916,down,1400-1900,1160000,29.5926,52.5836
Zibo,populstat,other,,1953,1955,2.0,1,184000,352442,1.915,up,1900+,2550000,36.8131,118.0548
Zibo,populstat,other,,1955,1957,2.0,1,356052,681999,1.915,up,1900+,2550000,36.8131,118.0548
Harbin,populstat,other,,1936,1938,2.0,1,247999,474800,1.915,up,1900+,4990000,45.7567,126.6424
Gorakhpur,populstat,seam,,1990,1992,2.0,2,482728,923999,1.914,up,1900+,1520000,26.7606,83.3732
Nanning,populstat,step,flat0/75,1994,1996,2.0,1,1186020,2269999,1.914,up,1900+,3290000,22.8167,108.3669
Kabul,populstat,step,flat302/0,1999,2001,2.0,1,1420000,2716153,1.913,up,1900+,5640000,34.5553,69.2075
Guangzhou,populstat,step,flat62/0,1887,1895,7.9,2,1050000,550000,1.909,down,1400-1900,27600000,23.1291,113.2644
San Bernardino,populstat,step,flat0/629,1972,1974,2.0,1,275062,525000,1.909,up,1900+,525000,34.1046,-117.2919
Bradford,buringh,other,,1833,1841,7.9,1,34960,66699,1.908,up,1400-1900,482000,53.7938,-1.7564
Riga,buringh,other,,1863,1871,7.9,3,74000,141062,1.906,up,1400-1900,908000,56.9677,24.1056
Seoul,populstat,seam,,2000,2002,2.0,2,10099999,19249424,1.906,up,1900+,22500000,37.5503,126.9971
Thành Phô Hô' Chí Minh,populstat,step,flat0/62,1882,1890,7.9,2,53054,100999,1.904,up,1400-1900,14100000,10.8231,106.6297
Braga,buringh,step,flat125/100,1856,1864,7.9,2,37100,19500,1.903,down,1400-1900,156000,41.5454,-8.4265
Astrachan',buringh,step,flat62/0,1795,1803,7.9,2,26999,14200,1.901,down,1400-1900,524000,46.3586,48.0569
Sahâranpur,populstat,seam,,1991,1993,2.0,2,375000,713021,1.901,up,1900+,1280000,29.968,77.5552
Novgorod,buringh,step,flat239/314,1546,1554,7.9,2,38000,20000,1.9,down,1400-1900,231000,58.5256,31.2742
Delhi,populstat,step,flat100/0,1300,1325,25.0,1,80000,42107,1.9,down,AD1-1400,30200000,28.7041,77.1025
Almería,buringh,fade,,800,825,25.0,1,1000,1898,1.899,up,AD1-1400,169000,36.8512,-2.4522
Almería,buringh,fade,,875,900,25.0,1,6846,13000,1.899,up,AD1-1400,169000,36.8512,-2.4522
Montpellier,buringh,other,,1347,1372,25.0,2,40000,21085,1.897,down,AD1-1400,324000,43.6109,3.8761
Portland,populstat,other,,1890,1898,7.9,1,59400,112631,1.896,up,1400-1900,1400000,45.5152,-122.6784
Morâdâbâd,populstat,seam,,1990,1992,2.0,2,433521,822000,1.896,up,1900+,1480000,28.8386,78.7733
Székesfehérvár,buringh,step,flat0/176,1564,1572,7.9,1,6185,11699,1.891,up,1400-1900,110000,47.186,18.4221
Barcelona,buringh,other,,950,975,25.0,2,2000,3782,1.891,up,AD1-1400,3980000,41.3874,2.1686
Barcelona,buringh,other,,984,1009,25.0,1,4758,8999,1.891,up,AD1-1400,3980000,41.3874,2.1686
Cleveland,populstat,other,,1850,1858,7.9,1,26799,50677,1.891,up,1400-1900,915000,41.4993,-81.6944
Fukuoka,populstat,other,,1570,1578,7.9,1,17000,32140,1.891,up,1400-1900,2270000,33.5902,130.4017
Chisinâu,populstat,other,,1850,1858,7.9,2,45260,85500,1.889,up,1400-1900,719000,47.0105,28.8638
Zhenjiang,populstat,step,flat661/0,1834,1842,7.9,2,85000,45000,1.889,down,1400-1900,782000,32.1896,119.425
Fushun,populstat,seam,,1999,2001,2.0,2,1403376,742999,1.889,down,1900+,1640000,41.8797,123.9572
Buenos Aires,populstat,other,,1879,1887,7.9,2,246729,465999,1.889,up,1400-1900,14000000,-34.6037,-58.3821
Sydney,populstat,other,,1871,1879,7.9,1,74000,139755,1.889,up,1400-1900,4150000,-33.8688,151.2093
Sydney,populstat,other,,1882,1890,7.9,1,179499,339000,1.889,up,1400-1900,4150000,-33.8688,151.2093
Yokohama,populstat,other,,1884,1892,7.9,3,71500,134996,1.888,up,1400-1900,3430000,35.4437,139.638
Wroclaw,buringh,step,flat277/0,1942,1944,2.0,1,615000,325910,1.887,down,1900+,642000,51.1093,17.0386
Wroclaw,buringh,other,,1944,1946,2.0,1,322681,171000,1.887,down,1900+,642000,51.1093,17.0386
Rosario,populstat,other,,1892,1900,7.9,2,55000,103746,1.886,up,1400-1900,1150000,-32.9587,-60.693
Nanchong,populstat,seam,,1988,1990,2.0,2,837000,443842,1.886,down,1900+,1010000,30.8379,106.1106
Makkah,populstat,other,,1807,1815,7.9,3,17000,32015,1.883,up,1400-1900,1690000,21.4241,39.8173
Murcia,buringh,other,,1857,1865,7.9,2,26899,50644,1.883,up,1400-1900,364000,37.9893,-1.132
Chengde,populstat,other,,1782,1790,7.9,1,20000,37613,1.881,up,1400-1900,449000,40.9515,117.9634
Potosí,populstat,other,,1547,1555,7.9,1,14000,26329,1.881,up,1400-1900,244000,-19.5723,-65.755
Potosí,populstat,step,flat0/163,1566,1574,7.9,1,63807,120000,1.881,up,1400-1900,244000,-19.5723,-65.755
Pi-Ramesses (Faqus),populstat,step,flat99/0,-1700,-1650,50.0,1,20000,37603,1.88,up,pre-AD1,470000,30.7293,31.7978
Pi-Ramesses (Faqus),populstat,other,,-1650,-1600,50.0,1,37603,70699,1.88,up,pre-AD1,470000,30.7293,31.7978
Hangzhou,populstat,step,flat154/80,1335,1360,25.0,2,431999,230000,1.878,down,AD1-1400,7500000,30.2741,120.1552
Harare,populstat,other,,1971,1973,2.0,1,235856,442999,1.878,up,1900+,2120000,-17.8263,31.0504
Mashhad,populstat,seam,,2001,2003,2.0,2,1986049,3730000,1.878,up,1900+,5400000,36.2972,59.6067
Chengdu,populstat,other,,-100,-50,50.0,1,70000,131456,1.878,up,pre-AD1,10200000,30.5723,104.0665
Chengdu,populstat,other,,-49,1,50.0,1,133123,249999,1.878,up,AD1-1400,10200000,30.5723,104.0665
Nanchong,populstat,other,,1986,1988,2.0,1,445699,837000,1.878,up,1900+,1010000,30.8379,106.1106
Moskva,buringh,other,,1570,1578,7.9,2,120000,63907,1.878,down,1400-1900,14500000,55.7569,37.6151
Cincinnati,populstat,other,,1820,1828,7.9,1,13600,25483,1.874,up,1400-1900,504000,39.1031,-84.512
Nanjing,populstat,other,,1375,1400,25.0,2,252817,473000,1.871,up,1400-1900,6800000,32.0584,118.7965
Linzi,chandler_modelski,other,,-300,-250,50.0,1,350000,187082,1.871,down,pre-AD1,350000,36.8167,118.3
Linzi,chandler_modelski,other,,-250,-200,50.0,1,187082,100000,1.871,down,pre-AD1,350000,36.8167,118.3
T'bilisi,populstat,other,,1858,1866,7.9,2,37899,70869,1.87,up,1400-1900,1380000,41.6938,44.8015
Brussel,devries,other,,1879,1887,7.9,2,327000,175000,1.869,down,1400-1900,1410000,50.8477,4.3572
Tallinn,buringh,step,flat0/113,1867,1875,7.9,2,27300,50964,1.867,up,1400-1900,480000,59.437,24.7536
Xingtai,populstat,seam,,2000,2002,2.0,2,1310000,701988,1.866,down,1900+,1310000,37.0705,114.5044
Dammâm,populstat,seam,,1993,1995,2.0,2,1220000,654701,1.863,down,1900+,2340000,26.4207,50.0888
Tel Aviv,populstat,seam,,1975,1977,2.0,2,1249999,671028,1.863,down,1900+,2640000,32.0853,34.7818
Béziers,buringh,step,flat88/258,1801,1809,7.9,2,13899,25873,1.861,up,1400-1900,84900,43.3442,3.2158
Nanchang,populstat,step,flat251/75,1994,1996,2.0,1,1769999,3293921,1.861,up,1900+,4400000,28.682,115.8579
Boston,populstat,seam,,1999,2001,2.0,2,790000,1468378,1.859,up,1900+,1640000,42.3555,-71.0565
Burhânpur,populstat,other,,1594,1602,7.9,2,35999,66862,1.857,up,1400-1900,346000,21.3145,76.218
Charkiv,buringh,step,flat69/0,1851,1859,7.9,2,24999,46403,1.856,up,1400-1900,1610000,50.002,36.3074
Ôsaka,populstat,other,,1896,1901,5.0,2,487000,903823,1.856,up,1900+,15100000,34.6937,135.5023
Linyi,populstat,seam,,1999,2001,2.0,2,1855466,1000000,1.855,down,1900+,1860000,35.1046,118.3565
Duisburg,buringh,other,,1892,1900,7.9,2,62652,116179,1.854,up,1900+,554000,51.4344,6.7623
Bergamo,buringh,other,,1542,1550,7.9,2,10470,19400,1.853,up,1400-1900,398000,45.6942,9.6707
Qingdao,populstat,step,flat327/251,1982,1984,2.0,1,1840000,3403548,1.85,up,1900+,7100000,36.0662,120.383
Rostov-na-Donu,populstat,other,,1889,1897,7.9,2,64971,120000,1.847,up,1400-1900,1090000,47.2357,39.7015
Pune,populstat,seam,,1999,2001,2.0,2,2419999,4469609,1.847,up,1900+,6820000,18.5246,73.8786
Lille,buringh,other,,1856,1864,7.9,2,78600,145064,1.846,up,1400-1900,996000,50.6244,3.0679
Shanghai,populstat,other,,1859,1867,7.9,3,300000,162660,1.844,down,1400-1900,29600000,31.2304,121.4737
Manchester,buringh,other,,1821,1829,7.9,2,111000,204525,1.843,up,1400-1900,2640000,53.4808,-2.2426
Jaipur,populstat,seam,,2000,2002,2.0,2,1460000,2682315,1.837,up,1900+,4070000,26.9124,75.7873
Xi'an,populstat,step,flat0/75,1994,1996,2.0,1,2920000,5364360,1.837,up,1900+,6950000,34.2658,108.9541
Conakry,populstat,other,,1969,1971,2.0,1,247256,453999,1.836,up,1900+,1090000,9.5091,-13.7119
Moskva,buringh,other,,1318,1343,25.0,2,19120,35000,1.831,up,AD1-1400,14500000,55.7569,37.6151
Lódz,buringh,other,,1872,1880,7.9,1,42000,76860,1.83,up,1400-1900,849000,51.7593,19.4559
Zhengzhou,populstat,other,,1948,1950,2.0,1,150000,274199,1.828,up,1900+,6390000,34.7472,113.6249
Zhengzhou,populstat,other,,1950,1952,2.0,1,276805,505999,1.828,up,1900+,6390000,34.7472,113.6249
Bratislava,buringh,other,,1801,1809,7.9,3,17000,31063,1.827,up,1400-1900,450000,48.1486,17.1077
Bilbao,buringh,other,,1884,1892,7.9,2,33500,61209,1.827,up,1400-1900,808000,43.2634,-2.9348
Knossos,populstat,step,flat100/0,-1600,-1550,50.0,1,15000,27386,1.826,up,pre-AD1,50000,35.3373,25.16
Knossos,populstat,other,,-1550,-1500,50.0,2,27386,49999,1.826,up,pre-AD1,50000,35.3373,25.16
Allahâbâd,populstat,seam,,1990,1992,2.0,2,821846,1500000,1.825,up,1900+,2350000,25.4683,81.8546
Diyarbakir,populstat,step,flat220/0,1848,1856,7.9,2,49999,27399,1.825,down,1400-1900,661000,37.925,40.211
Lanzhou,populstat,step,flat226/0,1920,1922,2.0,1,499999,274148,1.824,down,1900+,2970000,36.0614,103.8342
Lanzhou,populstat,other,,1923,1925,2.0,1,200621,110000,1.824,down,1900+,2970000,36.0614,103.8342
Haikou,populstat,seam,,2000,2002,2.0,2,581531,1060000,1.823,up,1900+,1460000,20.0442,110.1999
Marseille,buringh,step,flat75/0,1852,1860,7.9,2,142000,258623,1.821,up,1400-1900,1310000,43.3026,5.3691
Jinan,populstat,step,flat251/75,1994,1996,2.0,1,2450000,4459016,1.82,up,1900+,5690000,36.6518,117.1201
Ouro Prêto,populstat,step,flat125/151,1770,1778,7.9,2,40000,22000,1.818,down,1400-1900,66300,-20.4022,-43.5106
Daugavpils,buringh,step,flat201/0,1920,1922,2.0,1,111000,61087,1.817,down,1900+,127000,55.8826,26.5465
Istanbul,buringh,step,flat512/100,1200,1225,25.0,1,329999,181659,1.817,down,AD1-1400,15000000,41.0082,28.9784
Cilacap,populstat,other,,1977,1979,2.0,1,666228,1209999,1.816,up,1900+,1460000,-7.6983,109.0235
Wanxian,populstat,other,,1991,1993,2.0,1,498470,905000,1.816,up,1900+,1570000,30.8079,108.4087
Gent,buringh,other,,1778,1786,7.9,2,47519,26300,1.807,down,1400-1900,234000,51.05,3.7304
Ahmadâbâd,populstat,seam,,2000,2002,2.0,2,2950000,5329181,1.807,up,1900+,7630000,23.0225,72.5714
Changshu,populstat,seam,,1999,2001,2.0,2,1038587,575999,1.803,down,1900+,1040000,31.6538,120.7522
Cork,buringh,step,flat0/62,1821,1829,7.9,1,40000,72082,1.802,up,1400-1900,154000,51.8985,-8.4756
Hartlepool,buringh,other,,1890,1898,7.9,1,37799,68064,1.801,up,1400-1900,96700,54.6917,-1.2129
`Cernihiv,buringh,fade,,800,825,25.0,1,1000,1800,1.8,up,AD1-1400,311000,51.4982,31.2893
`Cernihiv,buringh,fade,,875,900,25.0,1,5832,10500,1.8,up,AD1-1400,311000,51.4982,31.2893
Qandahâr,populstat,step,flat50/283,1837,1845,7.9,2,53999,30000,1.8,down,1400-1900,799000,31.6205,65.7158
Toronto,populstat,other,,1881,1889,7.9,1,86399,155398,1.799,up,1400-1900,5490000,43.6532,-79.3832
Johannesburg,populstat,seam,,1989,1991,2.0,2,2800000,1559999,1.795,down,1900+,7080000,-26.2056,28.0337
Caen,buringh,other,,1542,1550,7.9,1,35999,20091,1.792,down,1400-1900,198000,49.1821,-0.3708
Lorca,buringh,other,,1876,1884,7.9,3,50853,28400,1.791,down,1400-1900,74500,37.6736,-1.6968
Leipzig,buringh,step,flat0/62,1867,1875,7.9,3,91032,163000,1.791,up,1400-1900,714000,51.3397,12.3731
Cardiff,buringh,other,,1871,1879,7.9,1,39700,71016,1.789,up,1400-1900,391000,51.4837,-3.1681
Chanda,chandler_modelski,step,flat107/0,1814,1822,7.9,2,24999,14000,1.786,down,1400-1900,50000,26.0643,82.3153
Lanzhou,populstat,other,,1890,1898,7.9,1,107999,192749,1.785,up,1400-1900,2970000,36.0614,103.8342
Kannauj,populstat,other,,600,625,25.0,2,200000,112069,1.785,down,AD1-1400,382000,27.0514,79.9137
La Paz,populstat,step,flat62/138,1850,1858,7.9,2,42850,76399,1.783,up,1400-1900,2020000,-16.4944,-68.1212
Buchoro,populstat,other,,1885,1893,7.9,3,49999,89119,1.782,up,1400-1900,268000,39.7672,64.4271
Carthage (La Marsa),populstat,step,flat200/0,300,325,25.0,1,268999,151240,1.779,down,AD1-1400,500000,36.8891,10.3223
Carthage (La Marsa),populstat,other,,336,361,25.0,1,117389,65999,1.779,down,AD1-1400,500000,36.8891,10.3223
Baghdád,populstat,other,,1150,1175,25.0,1,10000,17782,1.778,up,AD1-1400,6390000,33.3152,44.3661
Baghdád,populstat,other,,1225,1250,25.0,1,56234,100000,1.778,up,AD1-1400,6390000,33.3152,44.3661
Leiden,buringh,other,,1502,1510,7.9,1,5999,10657,1.776,up,1400-1900,279000,52.1636,4.4802
Praha,buringh,other,,1350,1375,25.0,1,49999,88686,1.774,up,AD1-1400,1210000,50.0755,14.4378
Khulnâ,populstat,seam,,2000,2002,2.0,2,767526,1360000,1.772,up,1900+,1360000,22.8373,89.54
Nanchang,populstat,seam,,2001,2003,2.0,2,4400000,2485074,1.771,down,1900+,4400000,28.682,115.8579
Modena,buringh,step,flat0/94,1853,1861,7.9,2,31367,55500,1.769,up,1400-1900,179000,44.6471,10.9252
West Ham,populstat,other,,1871,1879,7.9,1,62900,111239,1.769,up,1400-1900,301000,50.6118,-2.4696
Pune,populstat,step,flat188/0,1793,1801,7.9,2,106000,60000,1.767,down,1400-1900,6820000,18.5246,73.8786
Middlesbrough,buringh,other,,1873,1881,7.9,1,31314,55299,1.766,up,1400-1900,374000,54.5742,-1.235
Gujrânwâla,populstat,seam,,2000,2002,2.0,2,1130000,1995439,1.766,up,1900+,3120000,32.1877,74.1945
Fuyang,populstat,seam,,1988,1990,2.0,2,770999,436794,1.765,down,1900+,873000,32.8896,115.8149
Hamburg,buringh,step,flat62/0,1885,1893,7.9,1,305999,540093,1.765,up,1400-1900,2170000,53.5488,9.9872
Makkah,populstat,seam,,1993,1995,2.0,2,965999,548078,1.763,down,1900+,1690000,21.4241,39.8173
Tula,buringh,other,,1889,1897,7.9,2,65381,115000,1.759,up,1400-1900,562000,54.2048,37.6185
Jalandhar,populstat,seam,,1991,1993,2.0,2,510000,896133,1.757,up,1900+,1190000,31.326,75.5762
Belém,populstat,other,,1890,1898,7.9,1,61099,107293,1.756,up,1400-1900,2180000,-1.4563,-48.5013
Tlaxcala de Xicochténcatl,populstat,step,flat390/0,1600,1608,7.9,1,32999,18804,1.755,down,1400-1900,227000,19.3139,-98.2404
Tlaxcala de Xicochténcatl,populstat,step,flat0/1070,1612,1620,7.9,1,14039,8000,1.755,down,1400-1900,227000,19.3139,-98.2404
Patna,populstat,other,,1863,1871,7.9,3,278919,159000,1.754,down,1400-1900,3310000,25.5941,85.1376
Regensburg,buringh,other,,1544,1552,7.9,2,21041,12000,1.753,down,1400-1900,150000,49.0134,12.1016
Jixi,populstat,seam,,1990,1992,2.0,2,859999,490780,1.752,down,1900+,860000,45.2952,130.9695
Delft,buringh,step,flat692/94,1790,1798,7.9,2,24000,13699,1.752,down,1400-1900,99000,52.0116,4.3571
Milwaukee,populstat,other,,1850,1858,7.9,1,23399,40978,1.751,up,1400-1900,741000,43.041,-87.9097
Bharatpur,populstat,step,flat314/0,1835,1843,7.9,2,70000,40000,1.75,down,1400-1900,403000,27.2152,77.503
Taiyuan,populstat,other,,1948,1950,2.0,1,200000,349747,1.749,up,1900+,4010000,37.8706,112.5507
Taiyuan,populstat,other,,1950,1952,2.0,1,352825,617000,1.749,up,1900+,4010000,37.8706,112.5507
Jilin,populstat,step,flat25/377,1983,1985,2.0,2,1590000,2779999,1.748,up,1900+,2780000,43.8962,125.3268
New Orleans,populstat,other,,1820,1828,7.9,1,33599,58730,1.748,up,1400-1900,622000,29.9509,-90.0758
Kunming,populstat,step,flat251/75,1994,1996,2.0,1,1800000,3146196,1.748,up,1900+,4880000,24.8797,102.8332
Cartagena,buringh,step,flat1429/0,1500,1508,7.9,1,16500,9440,1.748,down,1400-1900,182000,37.6253,-0.9972
Düsseldorf,buringh,other,,1861,1869,7.9,3,37899,66238,1.748,up,1400-1900,1080000,51.223,6.7825
Âgra,populstat,seam,,1990,1992,2.0,2,927092,1619999,1.747,up,1900+,2790000,27.1767,78.0081
Ha nôi,populstat,other,,1891,1899,7.9,1,51000,89101,1.747,up,1400-1900,5070000,21.0278,105.8342
Milano,buringh,step,flat75/0,1967,1969,2.0,1,1670000,2917214,1.747,up,1900+,3760000,45.4685,9.1824
Lódz,buringh,fade,,1832,1840,7.9,1,19183,33500,1.746,up,1400-1900,849000,51.7593,19.4559
Brescia,buringh,other,,1876,1884,7.9,2,35500,61974,1.746,up,1400-1900,207000,45.5416,10.2118
Berdy`civv,populstat,other,,1891,1899,7.9,2,98800,56601,1.746,down,1400-1900,98800,49.898,28.5919
Huddersfield,buringh,other,,1861,1869,7.9,1,34899,60846,1.743,up,1400-1900,159000,53.6458,-1.785
Baghdád,populstat,step,flat94/25,1840,1848,7.9,1,105000,60261,1.742,down,1400-1900,6390000,33.3152,44.3661
Sunderland,buringh,other,,1793,1801,7.9,2,21599,12399,1.742,down,1400-1900,287000,54.9044,-1.3812
Leiden,buringh,step,flat365/94,1790,1798,7.9,2,53999,31000,1.742,down,1400-1900,279000,52.1636,4.4802
Tabrîz,populstat,step,flat799/0,1800,1808,7.9,2,75000,43080,1.741,down,1400-1900,1310000,38.0792,46.2887
Mulhouse,buringh,other,,1858,1866,7.9,1,33812,58799,1.739,up,1400-1900,229000,47.7508,7.3359
Essen,buringh,other,,1892,1900,7.9,2,85710,148993,1.738,up,1900+,728000,51.4576,7.0225
Zhangjiakou,populstat,seam,,1993,1995,2.0,2,945481,543999,1.738,down,1900+,948000,40.7687,114.8856
Zibo,populstat,seam,,1999,2001,2.0,2,2548895,1470000,1.734,down,1900+,2550000,36.8131,118.0548
Buffalo,populstat,other,,1840,1848,7.9,1,26999,46807,1.734,up,1400-1900,551000,42.8869,-78.8789
Köln,buringh,other,,1885,1893,7.9,1,161000,279110,1.734,up,1400-1900,1640000,50.9375,6.9603
Phoenix,populstat,seam,,1999,2001,2.0,2,1302794,751999,1.732,down,1900+,1970000,33.4482,-112.0777
Hamburg,buringh,other,,1861,1869,7.9,3,133999,232145,1.732,up,1400-1900,2170000,53.5488,9.9872
Adab,chandler_modelski,other,,-2200,-2150,50.0,1,30000,17320,1.732,down,pre-AD1,51900,31.947,45.9684
Adab,chandler_modelski,step,flat0/300,-2150,-2100,50.0,1,17320,10000,1.732,down,pre-AD1,51900,31.947,45.9684
Schwaz,buringh,fade,,1375,1400,25.0,1,5196,8999,1.732,up,1400-1900,12200,47.3484,11.7077
Adab,chandler_modelski,step,flat99/0,-2300,-2250,50.0,1,10000,17320,1.732,up,pre-AD1,51900,31.947,45.9684
Adab,chandler_modelski,other,,-2250,-2200,50.0,1,17320,30000,1.732,up,pre-AD1,51900,31.947,45.9684
Krasnodar,buringh,other,,1883,1891,7.9,2,38318,66299,1.73,up,1400-1900,788000,45.036,38.9746
Tarâbulus,populstat,seam,,2000,2002,2.0,2,1500000,867172,1.73,down,1900+,1500000,32.8877,13.1872
Harbin,populstat,step,flat125/0,1993,1995,2.0,2,2885972,4990000,1.729,up,1900+,4990000,45.7567,126.6424
Medan,populstat,seam,,2001,2003,2.0,2,2030022,3509999,1.729,up,1900+,4250000,3.5952,98.6722
Oakland,populstat,other,,1890,1898,7.9,1,50200,86751,1.728,up,1400-1900,1500000,37.8044,-122.2712
Wanxian,populstat,other,,1993,1995,2.0,1,905000,1563286,1.727,up,1900+,1570000,30.8079,108.4087
Kunming,populstat,seam,,2001,2003,2.0,2,4880000,2825628,1.727,down,1900+,4880000,24.8797,102.8332
Dortmund,buringh,other,,1864,1872,7.9,4,27399,47294,1.726,up,1400-1900,748000,51.5136,7.4653
Querétaro,populstat,other,,1867,1875,7.9,3,47600,27599,1.725,down,1400-1900,880000,20.5888,-100.3899
Calcutta,populstat,seam,,1999,2001,2.0,2,10799999,18596807,1.722,up,1900+,22500000,22.5744,88.3629
Chicago,populstat,other,,1870,1878,7.9,1,340999,586338,1.719,up,1400-1900,3730000,41.8781,-87.6298
Calcutta,populstat,other,,1710,1718,7.9,1,11000,18907,1.719,up,1400-1900,22500000,22.5744,88.3629
Calcutta,populstat,other,,1732,1740,7.9,1,49568,85199,1.719,up,1400-1900,22500000,22.5744,88.3629
Neukölln,populstat,other,,1895,1901,5.7,1,59900,102942,1.719,up,1900+,262000,52.4408,13.4445
Soria,buringh,fade,,1100,1125,25.0,1,5060,2947,1.717,down,AD1-1400,34000,41.7664,-2.4791
Jiangyou,populstat,other,,1992,1994,2.0,1,491086,843000,1.717,up,1900+,843000,31.7569,104.7246
Chisinâu,populstat,step,flat100/226,1930,1932,2.0,2,200000,116555,1.716,down,1900+,719000,47.0105,28.8638
Dimashq,populstat,other,,622,647,25.0,1,49999,85773,1.715,up,AD1-1400,4290000,33.5132,36.2768
Dimashq,populstat,other,,680,705,25.0,1,174879,300000,1.715,up,AD1-1400,4290000,33.5132,36.2768
Pinheirinho,populstat,terminal,frozen34y,1989,1991,2.0,1,764110,1310000,1.714,up,1900+,1310000,-25.5279,-49.2919
Baghdád,populstat,other,,932,957,25.0,1,1100000,641634,1.714,down,AD1-1400,6390000,33.3152,44.3661
Baghdád,populstat,other,,1125,1150,25.0,1,17143,10000,1.714,down,AD1-1400,6390000,33.3152,44.3661
Jinxi,populstat,other,,1982,1984,2.0,1,336030,575999,1.714,up,1900+,1930000,31.181,120.9014
Leeds,buringh,other,,1821,1829,7.9,2,65000,111406,1.714,up,1400-1900,1080000,53.8008,-1.5491
El-Djazaïr,populstat,step,flat201/0,1838,1846,7.9,2,73000,42600,1.714,down,1400-1900,3250000,36.7712,3.0612
Dar es Salaam,populstat,seam,,2000,2002,2.0,2,1360000,2330068,1.713,up,1900+,7800000,-6.8165,39.2894
Béziers,buringh,other,,1410,1418,7.9,1,7330,4280,1.713,down,1400-1900,84900,43.3442,3.2158
Béziers,buringh,step,flat192/0,1400,1408,7.9,1,14500,8465,1.713,down,1400-1900,84900,43.3442,3.2158
Changde,populstat,seam,,2000,2002,2.0,2,1230000,718545,1.712,down,1900+,1230000,29.0316,111.6985
Tynemouth,buringh,other,,1853,1861,7.9,2,58099,34000,1.709,down,1400-1900,69800,55.0176,-1.4256
Badajoz,buringh,fade,,800,825,25.0,1,1000,1707,1.707,up,AD1-1400,136000,38.8781,-6.9705
Badajoz,buringh,fade,,875,900,25.0,1,4978,8500,1.707,up,AD1-1400,136000,38.8781,-6.9705
Cuttack,populstat,step,flat422/516,1700,1708,7.9,1,60000,35147,1.707,down,1400-1900,770000,20.4625,85.883
Chengdu,populstat,seam,,2001,2003,2.0,2,10200000,5976214,1.707,down,1900+,10200000,30.5723,104.0665
Bergamo,buringh,other,,1849,1857,7.9,2,34099,20000,1.705,down,1400-1900,398000,45.6942,9.6707
"Iskandarîyah, Al-",populstat,step,flat400/0,300,325,25.0,1,499999,293365,1.704,down,AD1-1400,7270000,31.2001,29.9187
"Iskandarîyah, Al-",populstat,step,flat0/70,340,365,25.0,2,213045,124999,1.704,down,AD1-1400,7270000,31.2001,29.9187
Shijiazhuang,populstat,seam,,1995,1997,2.0,2,3839999,2256550,1.702,down,1900+,3840000,38.0428,114.5143
Calcutta,populstat,other,,1790,1798,7.9,1,152999,260357,1.702,up,1400-1900,22500000,22.5744,88.3629
Calcutta,populstat,step,flat0/62,1802,1810,7.9,1,343189,584000,1.702,up,1400-1900,22500000,22.5744,88.3629
San Luis Potosí,populstat,other,,1882,1890,7.9,2,37300,63433,1.701,up,1400-1900,1010000,22.1521,-100.9733
Carthage (La Marsa),populstat,other,,-300,-250,50.0,1,499999,294108,1.7,down,pre-AD1,500000,36.8891,10.3223
Carthage (La Marsa),populstat,other,,-250,-200,50.0,1,294108,172999,1.7,down,pre-AD1,500000,36.8891,10.3223
Dunkerque,buringh,step,flat0/157,1767,1775,7.9,1,15294,26000,1.7,up,1400-1900,191000,51.0344,2.3768
Zigong,populstat,seam,,1994,1996,2.0,2,1006619,593000,1.698,down,1900+,1020000,29.3392,104.7784
Lorca,buringh,step,flat62/0,1849,1857,7.9,2,38700,22800,1.697,down,1400-1900,74500,37.6736,-1.6968
Multân,populstat,seam,,1999,2001,2.0,2,1166576,1979999,1.697,up,1900+,2960000,30.1864,71.4886
Yokohama,populstat,other,,1892,1900,7.9,3,135953,230643,1.696,up,1900+,3430000,35.4437,139.638
Granada,buringh,fade,,800,825,25.0,1,1000,1696,1.696,up,AD1-1400,381000,37.1825,-3.6012
Granada,buringh,fade,,875,900,25.0,1,4881,8280,1.696,up,AD1-1400,381000,37.1825,-3.6012
Babrujsk,buringh,other,,1889,1897,7.9,2,58142,34300,1.695,down,1400-1900,228000,53.145,29.2355
Middelburg,buringh,step,flat976/88,1790,1798,7.9,3,30000,17699,1.695,down,1400-1900,43300,51.4988,3.611
Newark,populstat,other,,1840,1848,7.9,1,24900,42200,1.695,up,1400-1900,439000,40.7315,-74.1745
Yantai,populstat,step,flat0/125,1982,1984,2.0,2,368000,623471,1.694,up,1900+,1320000,37.4635,121.448
Nanyang,populstat,seam,,1987,1989,2.0,2,662000,390828,1.694,down,1900+,792000,32.9907,112.5285
Poznan,buringh,step,flat862/0,1789,1797,7.9,2,21000,12399,1.694,down,1400-1900,584000,52.4057,16.9313
Perth,populstat,step,flat755/0,1970,1972,2.0,1,233999,396085,1.693,up,1900+,1360000,-31.9514,115.8617
Perth,populstat,step,flat0/403,1972,1974,2.0,1,399368,675999,1.693,up,1900+,1360000,-31.9514,115.8617
Lanzhou,populstat,step,flat226/0,1935,1937,2.0,2,122000,206496,1.693,up,1900+,2970000,36.0614,103.8342
Nanchang,populstat,step,flat0/251,1982,1984,2.0,2,1045922,1769999,1.692,up,1900+,4400000,28.682,115.8579
Ningbo,populstat,other,,1982,1984,2.0,2,465096,786000,1.69,up,1900+,3090000,29.8683,121.544
Bratislava,buringh,other,,1793,1801,7.9,2,28700,17000,1.688,down,1400-1900,450000,48.1486,17.1077
Frankfurt am Main,buringh,other,,1647,1655,7.9,2,21102,12499,1.688,down,1400-1900,1450000,50.1109,8.6821
Chifeng,populstat,seam,,1995,1997,2.0,2,1040000,616318,1.687,down,1900+,1040000,42.2586,118.8889
Braunschweig,buringh,fade,,1075,1100,25.0,1,4801,8100,1.687,up,AD1-1400,300000,52.2678,10.5246
El Paso,populstat,step,flat251/0,1950,1952,2.0,2,130000,219306,1.687,up,1900+,606000,31.7619,-106.485
Moskva,buringh,other,,1865,1873,7.9,2,362921,611999,1.686,up,1400-1900,14500000,55.7569,37.6151
Durban,populstat,seam,,1995,1997,2.0,2,1259999,2124613,1.686,up,1900+,3180000,-29.8587,31.0218
Lu'an,populstat,seam,,1987,1989,2.0,2,608000,360786,1.685,down,1900+,755000,31.7349,116.5232
Preslav,buringh,other,,800,825,25.0,1,4000,6733,1.683,up,AD1-1400,60000,43.1645,26.818
Preslav,buringh,other,,905,930,25.0,1,35643,60000,1.683,up,AD1-1400,60000,43.1645,26.818
Ciudad de México,populstat,other,,1896,1901,5.0,2,329999,555212,1.682,up,1900+,19000000,19.4326,-99.1332
Moskva,buringh,fade,,1175,1200,25.0,2,4756,8000,1.682,up,AD1-1400,14500000,55.7569,37.6151
Shanghai,populstat,step,flat125/6,1845,1853,7.9,1,120000,201746,1.681,up,1400-1900,29600000,31.2304,121.4737
Colchester,buringh,step,flat245/0,1853,1861,7.9,2,40000,23800,1.681,down,1400-1900,141000,51.8959,0.8919
Salem,populstat,seam,,1991,1993,2.0,2,578000,971398,1.681,up,1900+,1340000,11.6643,78.146
Xiamen,populstat,step,flat69/18,1889,1897,7.9,2,161999,96400,1.68,down,1400-1900,1900000,24.4795,118.0895
Siena,buringh,other,,1540,1548,7.9,1,24999,14876,1.68,down,1400-1900,65900,43.3185,11.3306
Qingdao,populstat,step,flat251/75,1994,1996,2.0,1,3420000,5746571,1.68,up,1900+,7100000,36.0662,120.383
Anshan,populstat,other,,1948,1950,2.0,1,165999,278778,1.679,up,1900+,1440000,41.1078,122.9946
Anshan,populstat,other,,1950,1952,2.0,1,281054,471999,1.679,up,1900+,1440000,41.1078,122.9946
Montpellier,buringh,other,,1175,1200,25.0,2,9956,16700,1.677,up,AD1-1400,324000,43.6109,3.8761
Sivas,populstat,other,,1517,1525,7.9,1,8887,5300,1.677,down,1400-1900,376000,39.7505,37.015
Sivas,populstat,step,flat629/0,1500,1508,7.9,1,26999,16101,1.677,down,1400-1900,376000,39.7505,37.015
Fès,populstat,other,,1069,1094,25.0,1,30000,50292,1.676,up,AD1-1400,1360000,34.0181,-5.0078
Fès,populstat,other,,1125,1150,25.0,1,95441,160000,1.676,up,AD1-1400,1360000,34.0181,-5.0078
Beograd,buringh,step,flat749/25,1840,1848,7.9,2,30000,17900,1.676,down,1400-1900,1190000,44.8125,20.4612
Bharûch,populstat,step,flat377/0,1796,1804,7.9,2,37699,22500,1.676,down,1400-1900,411000,21.7051,72.9959
Kalyân,populstat,seam,,1990,1992,2.0,2,841842,1409999,1.675,up,1900+,3160000,19.2403,73.1305
Masqat,populstat,other,,1812,1820,7.9,1,26272,44000,1.675,up,1400-1900,781000,23.588,58.3829
Leyton,populstat,other,,1892,1900,7.9,1,55363,92683,1.674,up,1900+,128000,51.5702,-0.0147
Kôbe,populstat,other,,1892,1900,7.9,3,141779,236910,1.671,up,1900+,1490000,34.6901,135.1956
Saint Louis,populstat,other,,1850,1858,7.9,1,110000,183783,1.671,up,1400-1900,857000,38.6274,-90.1982
Gdansk,buringh,other,,1946,1948,2.0,2,117999,197088,1.67,up,1900+,494000,54.352,18.6466
Chongqing,populstat,step,flat352/251,1983,1985,2.0,2,2779999,4639999,1.669,up,1900+,7210000,29.5657,106.5512
Bharûch,populstat,step,flat0/176,1804,1812,7.9,1,22500,37548,1.669,up,1400-1900,411000,21.7051,72.9959
Chicago,populstat,other,,1860,1868,7.9,2,179000,298560,1.668,up,1400-1900,3730000,41.8781,-87.6298
Rennes,buringh,step,flat440/0,1718,1726,7.9,2,31000,18599,1.667,down,1400-1900,264000,48.1173,-1.6778
Gouda,buringh,step,flat440/100,1787,1795,7.9,2,19500,11699,1.667,down,1400-1900,79200,52.0115,4.7105
Ni`'znij Novgorod,buringh,step,flat220/0,1774,1782,7.9,2,15000,8999,1.667,down,1400-1900,1540000,56.3269,44.0059
Suzhou,chandler_modelski,step,flat0/100,-430,-380,50.0,2,60000,100000,1.667,up,pre-AD1,7730000,31.3,120.6
Yaoundé,populstat,seam,,1987,1989,2.0,2,560999,934522,1.666,up,1900+,5110000,3.8617,11.5202
Ephesus (Selçuk),populstat,other,,-100,-50,50.0,1,71399,118891,1.665,up,pre-AD1,200000,37.9508,27.37
Ephesus (Selçuk),populstat,other,,-49,1,50.0,1,120109,200000,1.665,up,AD1-1400,200000,37.9508,27.37
Nancy,buringh,step,flat478/0,1726,1734,7.9,1,7969,13269,1.665,up,1400-1900,331000,48.6921,6.1844
Nancy,buringh,other,,1737,1745,7.9,2,16217,26999,1.665,up,1400-1900,331000,48.6921,6.1844
Jinan,populstat,step,flat352/251,1983,1985,2.0,2,1450000,2413908,1.665,up,1900+,5690000,36.6518,117.1201
Mahilëu,buringh,other,,1855,1863,7.9,2,28961,48200,1.664,up,1400-1900,386000,53.8981,30.3325
Baoji,populstat,seam,,1993,1995,2.0,2,454330,755999,1.664,up,1900+,863000,34.3632,107.2378
Semarang,populstat,other,,1850,1858,7.9,1,49999,30119,1.66,down,1400-1900,2690000,-6.9838,110.41
Shashi,populstat,step,flat125/0,1989,1991,2.0,1,399000,662206,1.66,up,1900+,1430000,30.311,112.2549
Shashi,populstat,other,,1992,1994,2.0,1,861619,1429999,1.66,up,1900+,1430000,30.311,112.2549
Nottingham,buringh,other,,1881,1889,7.9,1,112000,185860,1.659,up,1400-1900,650000,52.954,-1.155
Odesa,buringh,other,,1866,1874,7.9,3,119000,197316,1.658,up,1400-1900,1110000,46.4702,30.7306
Tampa,populstat,other,,1950,1952,2.0,2,124999,207238,1.658,up,1900+,552000,27.9517,-82.4588
Calgary,populstat,seam,,2000,2002,2.0,2,927408,560000,1.656,down,1900+,1200000,51.0447,-114.0719
Âgra,populstat,step,flat0/81,1844,1852,7.9,2,75509,124999,1.655,up,1400-1900,2790000,27.1767,78.0081
Edinburgh,buringh,other,,1550,1558,7.9,2,16000,26482,1.655,up,1400-1900,537000,55.9533,-3.1883
Gwalior,populstat,step,flat251/0,1909,1911,2.0,2,138999,84000,1.655,down,1900+,1550000,26.2124,78.1772
Krung Thep,populstat,step,flat81/0,1822,1830,7.9,2,49999,82667,1.653,up,1400-1900,18200000,13.7563,100.5018
Vicenza,buringh,other,,1650,1658,7.9,2,26500,16034,1.653,down,1400-1900,114000,45.5462,11.5414
Guntûr,populstat,seam,,1990,1992,2.0,2,459577,758999,1.652,up,1900+,862000,16.3067,80.4365
Xi'an,populstat,seam,,2001,2003,2.0,2,6949999,4209526,1.651,down,1900+,6950000,34.2658,108.9541
Port Louis,populstat,other,,1838,1846,7.9,1,27379,45200,1.651,up,1400-1900,560000,-20.1609,57.5012
Mannheim,buringh,other,,1969,1971,2.0,1,316999,523139,1.65,up,1900+,1120000,49.4873,8.4646
Mannheim,buringh,step,flat0/428,1972,1974,2.0,1,678672,1120000,1.65,up,1900+,1120000,49.4873,8.4646
Lahore,populstat,seam,,1999,2001,2.0,2,4975091,8209999,1.65,up,1900+,15200000,31.5204,74.3587
T'bilisi,populstat,step,flat75/0,1911,1913,2.0,2,191999,316786,1.65,up,1900+,1380000,41.6938,44.8015
Magdeburg,buringh,other,,1885,1893,7.9,1,114000,187935,1.649,up,1400-1900,337000,52.1132,11.6081
Willesden,populstat,other,,1891,1899,7.9,1,61300,101006,1.648,up,1400-1900,188000,51.5476,-0.2369
Vilnius,buringh,fade,,1325,1350,25.0,1,12139,20000,1.648,up,AD1-1400,589000,54.6872,25.2797
Barcelona,buringh,other,,1887,1895,7.9,1,272000,447992,1.647,up,1400-1900,3980000,41.3874,2.1686
Toronto,populstat,step,flat62/0,1871,1879,7.9,1,46099,75902,1.646,up,1400-1900,5490000,43.6532,-79.3832
Kingston,populstat,other,,1774,1782,7.9,1,11000,18109,1.646,up,1400-1900,608000,18.0179,-76.8099
Montevideo,populstat,other,,1869,1877,7.9,2,55423,91200,1.646,up,1400-1900,1450000,-34.9055,-56.1851
Vadodara,populstat,seam,,2000,2002,2.0,2,1060000,1741251,1.643,up,1900+,2270000,22.3,73.2065
Saint Louis,populstat,other,,1840,1848,7.9,1,58900,96705,1.642,up,1400-1900,857000,38.6274,-90.1982
Funza,populstat,step,flat604/50,1998,2000,2.0,2,2759999,4530000,1.641,up,1900+,4530000,4.7177,-74.2119
New York,populstat,seam,,2000,2002,2.0,2,8009999,13145177,1.641,up,1900+,14000000,40.7128,-74.006
Luoyang,populstat,step,flat99/0,-500,-450,50.0,1,200000,121901,1.641,down,pre-AD1,1850000,34.6181,112.454
Carthage (La Marsa),populstat,step,flat99/0,-500,-450,50.0,1,100000,60950,1.641,down,pre-AD1,500000,36.8891,10.3223
Bauru,populstat,other,,1998,2000,2.0,1,595435,976000,1.639,up,1900+,976000,-22.3155,-49.0708
Rouen,buringh,other,,1530,1538,7.9,1,78000,47622,1.638,down,1400-1900,392000,49.4435,1.0984
Rouen,buringh,other,,1542,1550,7.9,1,36852,22500,1.638,down,1400-1900,392000,49.4435,1.0984
Fukuoka,populstat,seam,,2000,2002,2.0,2,1339999,2194615,1.638,up,1900+,2270000,33.5902,130.4017
Tulungagung,populstat,step,flat0/302,1987,1989,2.0,1,497713,815000,1.637,up,1900+,815000,-8.0912,111.9642
Mumbaî,populstat,seam,,2000,2002,2.0,2,9930000,16250518,1.637,up,1900+,20200000,18.9582,72.8321
Makijivka,populstat,other,,1936,1938,2.0,1,114000,186537,1.636,up,1900+,438000,48.046,37.9667
Barnet,populstat,step,flat0/755,1958,1960,2.0,1,178860,292000,1.633,up,1900+,331000,51.6569,-0.1949
Detroit,populstat,other,,1850,1858,7.9,1,29400,47986,1.632,up,1400-1900,1850000,42.3297,-83.0425
Cartagena,buringh,other,,1869,1877,7.9,1,46512,75899,1.632,up,1400-1900,182000,37.6253,-0.9972
Cotonou,populstat,seam,,2002,2004,2.0,2,719999,1173934,1.63,up,1900+,2510000,6.3562,2.4278
Ludhiâna,populstat,seam,,2000,2002,2.0,2,1040000,1694419,1.629,up,1900+,2250000,30.901,75.8573
Odesa,buringh,other,,1832,1840,7.9,1,41751,68000,1.629,up,1400-1900,1110000,46.4702,30.7306
Lanzhou,populstat,seam,,2001,2003,2.0,2,2969999,1823738,1.629,down,1900+,2970000,36.0614,103.8342
Kochi,populstat,other,,1968,1970,2.0,1,247088,401999,1.627,up,1900+,5080000,9.9312,76.2673
Bochum,buringh,other,,1892,1900,7.9,2,48980,79676,1.627,up,1900+,401000,51.4818,7.2162
Suceava,buringh,fade,,1175,1200,25.0,2,4303,7000,1.627,up,AD1-1400,117000,47.6635,26.2732
Torino,buringh,other,,1850,1858,7.9,2,126046,204999,1.626,up,1400-1900,1170000,45.0703,7.6869
Venezia,buringh,step,flat62/94,1820,1828,7.9,2,161000,98999,1.626,down,1400-1900,411000,45.4404,12.316
Strasbourg,buringh,step,flat220/94,1779,1787,7.9,2,76399,46999,1.626,down,1400-1900,408000,48.5734,7.7521
Halab,populstat,other,,2010,2012,2.0,1,3769999,2320525,1.625,down,1900+,3770000,36.2021,37.1343
Halab,populstat,other,,2013,2015,2.0,1,1803341,1110000,1.625,down,1900+,3770000,36.2021,37.1343
Mandalay,populstat,seam,,1982,1984,2.0,2,520135,845000,1.625,up,1900+,1540000,21.9588,96.0891
Fukuoka,populstat,step,flat730/0,1969,1971,2.0,1,335999,545650,1.624,up,1900+,2270000,33.5902,130.4017
Fukuoka,populstat,other,,1972,1974,2.0,1,701987,1140000,1.624,up,1900+,2270000,33.5902,130.4017
Gelibolu,populstat,other,,1675,1683,7.9,1,18000,11088,1.623,down,1400-1900,44300,40.414,26.67
Gelibolu,populstat,other,,1685,1693,7.9,1,9739,5999,1.623,down,1400-1900,44300,40.414,26.67
São Gonçalo,populstat,seam,,1999,2001,2.0,2,874785,1420000,1.623,up,1900+,1680000,-22.8235,-43.0478
Cleveland,populstat,other,,1860,1868,7.9,2,59800,97007,1.622,up,1400-1900,915000,41.4993,-81.6944
Warszawa,buringh,step,flat100/0,1942,1944,2.0,1,1270000,782918,1.622,down,1900+,1880000,52.2297,21.0122
Warszawa,buringh,other,,1944,1946,2.0,1,777002,479000,1.622,down,1900+,1880000,52.2297,21.0122
Qom,populstat,seam,,2002,2004,2.0,2,894000,551236,1.622,down,1900+,894000,34.6416,50.8746
Hakodate,populstat,other,,1896,1901,5.0,2,50299,81549,1.621,up,1900+,319000,41.7687,140.7291
Torino,buringh,other,,1377,1401,23.6,2,3500,5672,1.621,up,1400-1900,1170000,45.0703,7.6869
Harbin,populstat,seam,,1995,1997,2.0,2,4990000,3080280,1.62,down,1900+,4990000,45.7567,126.6424
Norwich,buringh,other,,1311,1336,25.0,1,24999,15435,1.62,down,AD1-1400,196000,52.6293,1.2979
Norwich,buringh,other,,1352,1377,25.0,2,11337,7000,1.62,down,AD1-1400,196000,52.6293,1.2979
Wahrân,populstat,other,,1874,1882,7.9,2,36147,58499,1.618,up,1400-1900,1210000,35.6987,-0.6349
Dhânbâd,populstat,seam,,1991,1993,2.0,2,815000,1318198,1.617,up,1900+,2020000,23.7957,86.4304
Merthyr Tydfil,buringh,other,,1870,1878,7.9,2,83899,51899,1.617,down,1400-1900,83900,51.7487,-3.3816
San José (cantón),populstat,seam,,1997,1999,2.0,2,939000,1517882,1.616,up,1900+,2170000,9.9281,-84.0907
Xinhui,populstat,terminal,frozen31y,1992,1994,2.0,1,520931,842000,1.616,up,1900+,842000,22.4588,113.0323
Novgorod,buringh,step,flat314/239,1500,1508,7.9,1,60000,37139,1.616,down,1400-1900,231000,58.5256,31.2742
Lille,buringh,other,,1961,1963,2.0,1,197999,319708,1.615,up,1900+,996000,50.6244,3.0679
Lille,buringh,other,,1965,1967,2.0,1,522081,843000,1.615,up,1900+,996000,50.6244,3.0679
Huaide,populstat,other,,1982,1984,2.0,1,510896,824000,1.613,up,1900+,998000,43.8806,124.7603
Dunkerque,buringh,step,flat138/88,1720,1728,7.9,2,13199,8190,1.612,down,1400-1900,191000,51.0344,2.3768
Pingdingshan,populstat,other,,1981,1983,2.0,1,454265,732000,1.611,up,1900+,833000,33.7661,113.1924
Budapest,buringh,step,flat0/314,1686,1694,7.9,2,29000,18000,1.611,down,1400-1900,2110000,47.4979,19.0402
Jammu,populstat,seam,,1991,1993,2.0,2,1209999,751463,1.61,down,1900+,1210000,32.7266,74.857
Nanchang,populstat,other,,1936,1938,2.0,1,275000,170922,1.609,down,1900+,4400000,28.682,115.8579
Bergamo,buringh,step,flat188/0,1768,1776,7.9,2,25699,16000,1.606,down,1400-1900,398000,45.6942,9.6707
Vancouver,populstat,seam,,2001,2003,2.0,2,1989999,1239372,1.606,down,1900+,1990000,49.2827,-123.1207
Kingston,populstat,other,,1920,1922,2.0,2,62199,99849,1.605,up,1900+,608000,18.0179,-76.8099
"Iskandarîyah, Al-",populstat,other,,856,881,25.0,2,99676,160000,1.605,up,AD1-1400,7270000,31.2001,29.9187
Homjel',buringh,step,flat151/0,1919,1921,2.0,2,97899,61000,1.605,down,1900+,540000,52.4313,30.9937
Kiel,buringh,other,,1892,1900,7.9,2,73875,118552,1.605,up,1900+,275000,54.3233,10.1228
Praha,buringh,fade,,800,825,25.0,1,1000,1604,1.604,up,AD1-1400,1210000,50.0755,14.4378
Praha,buringh,fade,,875,900,25.0,1,4127,6620,1.604,up,AD1-1400,1210000,50.0755,14.4378
Tasikmalaya,populstat,seam,,2001,2003,2.0,2,1330000,2133043,1.604,up,1900+,2830000,-7.3506,108.2172
Potosí,populstat,step,flat69/0,1790,1798,7.9,1,22600,36225,1.603,up,1400-1900,244000,-19.5723,-65.755
Potosí,populstat,step,flat0/62,1802,1810,7.9,1,46290,74200,1.603,up,1400-1900,244000,-19.5723,-65.755
Sheffield,buringh,other,,1821,1829,7.9,1,35999,57667,1.602,up,1400-1900,607000,53.3811,-1.4701
Sheffield,buringh,other,,1833,1841,7.9,1,73663,117999,1.602,up,1400-1900,607000,53.3811,-1.4701
Bucuresti,buringh,step,flat0/132,1866,1874,7.9,4,138635,222000,1.601,up,1400-1900,2210000,44.4268,26.1025
Santos,populstat,seam,,2000,2002,2.0,2,1470000,918492,1.6,down,1900+,1470000,-23.9592,-46.3318
Riga,buringh,other,,1891,1899,7.9,2,180000,287960,1.6,up,1400-1900,908000,56.9677,24.1056
Qazvîn,populstat,step,flat333/0,1860,1868,7.9,2,40000,25091,1.594,down,1400-1900,356000,36.2795,50.0046
Ponorogo,populstat,step,flat0/302,1987,1989,2.0,1,481833,767999,1.594,up,1900+,768000,-7.8667,111.4666
Ancona,buringh,step,flat0/125,1858,1866,7.9,2,28799,45902,1.594,up,1400-1900,110000,43.6071,13.5102
Hangzhou,populstat,other,,1170,1195,25.0,1,146000,232523,1.593,up,AD1-1400,7500000,30.2741,120.1552
Rouen,buringh,other,,1350,1375,25.0,2,40000,63691,1.592,up,AD1-1400,392000,49.4435,1.0984
Schöneberg,populstat,other,,1895,1901,5.7,1,62700,99791,1.592,up,1900+,175000,53.8512,10.9272
Queimados,populstat,step,flat0/226,1988,1990,2.0,1,748236,1190000,1.59,up,1900+,1190000,-22.7111,-43.5691
Hangzhou,populstat,step,flat251/75,1994,1996,2.0,1,3210000,5101438,1.589,up,1900+,7500000,30.2741,120.1552
Dakar,populstat,other,,1940,1942,2.0,2,109000,173159,1.589,up,1900+,3850000,14.7167,-17.4677
Ni`'znij Novgorod,buringh,step,flat314/0,1500,1508,7.9,1,55000,34659,1.587,down,1400-1900,1540000,56.3269,44.0059
Guiyang,populstat,seam,,2001,2003,2.0,2,3359999,2118035,1.586,down,1900+,3360000,26.6476,106.6302
Cali,populstat,step,flat327/0,1963,1965,2.0,1,265000,420160,1.586,up,1900+,2700000,3.4516,-76.532
Cali,populstat,other,,1965,1967,2.0,1,423207,671000,1.586,up,1900+,2700000,3.4516,-76.532
T'ainan,populstat,step,flat119/12,1890,1898,7.9,1,70000,44159,1.585,down,1400-1900,1030000,22.9999,120.2269
Pergamon (Bergama),populstat,other,,-100,-50,50.0,1,63199,100097,1.584,up,pre-AD1,165000,39.1214,27.1799
Pergamon (Bergama),populstat,step,flat0/198,-49,1,50.0,1,101021,160000,1.584,up,AD1-1400,165000,39.1214,27.1799
Tarâbulus,populstat,step,flat0/75,1972,1974,2.0,1,425000,672575,1.583,up,1900+,1500000,32.8877,13.1872
Benxi,populstat,seam,,1994,1996,2.0,2,946999,598417,1.583,down,1900+,947000,41.2941,123.7669
Ernakulam,populstat,other,,1969,1971,2.0,1,312286,494000,1.582,up,1900+,494000,9.9816,76.2999
Brussel,devries,other,,1631,1639,7.9,1,30000,47451,1.582,up,1400-1900,1410000,50.8477,4.3572
Augsburg,buringh,other,,1620,1628,7.9,1,45000,71176,1.582,up,1400-1900,344000,48.3705,10.8978
Marrakech,populstat,step,flat100/0,1300,1325,25.0,1,124999,79056,1.581,down,AD1-1400,1020000,31.6225,-7.9898
Marrakech,populstat,step,flat100/0,1325,1350,25.0,1,79056,49999,1.581,down,AD1-1400,1020000,31.6225,-7.9898
Carthage (La Marsa),populstat,other,,-350,-300,50.0,1,316227,499999,1.581,up,pre-AD1,500000,36.8891,10.3223
Vijayanagara (Hospet),populstat,other,,1300,1325,25.0,1,40000,63245,1.581,up,AD1-1400,480000,15.2689,76.3909
Vijayanagara (Hospet),populstat,other,,1325,1350,25.0,1,63245,100000,1.581,up,AD1-1400,480000,15.2689,76.3909
Ur,chandler_modelski,other,,-2200,-2150,50.0,1,40000,63245,1.581,up,pre-AD1,100000,30.9627,46.1032
Ur,chandler_modelski,step,flat0/99,-2150,-2100,50.0,1,63245,100000,1.581,up,pre-AD1,100000,30.9627,46.1032
Baotou,populstat,other,,1952,1954,2.0,1,136000,214958,1.581,up,1900+,1490000,40.6578,109.8402
Baotou,populstat,other,,1955,1957,2.0,1,272684,430999,1.581,up,1900+,1490000,40.6578,109.8402
Athínai,populstat,other,,-430,-380,50.0,2,155000,98100,1.58,down,pre-AD1,3380000,37.9838,23.7275
Zürich,buringh,other,,1890,1898,7.9,2,92417,146000,1.58,up,1400-1900,690000,47.3769,8.5417
Indianapolis,populstat,other,,1860,1868,7.9,2,29400,46442,1.58,up,1400-1900,792000,39.7691,-86.158
Jodhpur,populstat,step,flat94/0,1880,1888,7.9,2,150000,94999,1.579,down,1400-1900,1520000,26.2389,73.0243
Qûqon,populstat,other,,1891,1899,7.9,2,54500,85980,1.578,up,1400-1900,308000,40.5341,70.9309
Allahâbâd,populstat,other,,1810,1818,7.9,1,18300,28846,1.576,up,1400-1900,2350000,25.4683,81.8546
Allahâbâd,populstat,other,,1824,1832,7.9,1,40981,64600,1.576,up,1400-1900,2350000,25.4683,81.8546
Nagoya,populstat,other,,1898,1901,3.5,1,131999,208072,1.576,up,1900+,7280000,35.1815,136.9066
Toulon,buringh,other,,1840,1848,7.9,1,37000,58313,1.576,up,1400-1900,453000,43.1257,5.9285
Buenos Aires,populstat,other,,1852,1860,7.9,2,76000,119729,1.575,up,1400-1900,14000000,-34.6037,-58.3821
Maputo,chandler_modelski,seam,,2000,2002,2.0,2,1020000,1605656,1.574,up,1900+,3170000,-25.9667,32.5833
Konya,populstat,other,,1250,1275,25.0,2,100000,63527,1.574,down,AD1-1400,959000,37.8746,32.4932
Halifax,buringh,other,,1861,1869,7.9,1,37000,58222,1.574,up,1400-1900,105000,53.727,-1.8575
Subotica,buringh,other,,1851,1859,7.9,1,33900,53310,1.573,up,1400-1900,114000,46.0999,19.6628
Datong,populstat,other,,1950,1952,2.0,1,126622,198999,1.572,up,1900+,1570000,40.0764,113.3
Kermân,populstat,step,flat415/0,1857,1865,7.9,2,55000,35000,1.571,down,1400-1900,517000,30.2839,57.0834
Kyjiv,buringh,step,flat151/0,1789,1797,7.9,2,30000,19099,1.571,down,1400-1900,2900000,50.4504,30.5245
Avellaneda,populstat,other,,1912,1914,2.0,1,73227,115000,1.57,up,1900+,399000,-34.6611,-58.367
Hong Kong,populstat,seam,,2000,2002,2.0,2,6840000,4356986,1.57,down,1900+,6840000,22.2885,114.1928
Mumbaî,populstat,other,,1718,1726,7.9,1,16000,25107,1.569,up,1400-1900,20200000,18.9582,72.8321
Mumbaî,populstat,other,,1736,1744,7.9,1,44607,70000,1.569,up,1400-1900,20200000,18.9582,72.8321
Krasnojarsk,populstat,seam,,2000,2002,2.0,2,916347,584000,1.569,down,1900+,917000,56.0153,92.8932
Caracas,populstat,other,,1832,1840,7.9,1,21043,32999,1.568,up,1400-1900,3050000,10.4806,-66.9036
Guangzhou,populstat,step,flat0/62,1875,1883,7.9,3,669999,1050000,1.567,up,1400-1900,27600000,23.1291,113.2644
Saratov,buringh,other,,1782,1790,7.9,1,11043,17299,1.567,up,1400-1900,957000,51.5462,46.0154
Shûsh,populstat,step,flat199/0,-1300,-1250,50.0,1,10000,15652,1.565,up,pre-AD1,74600,32.1958,48.2543
Shûsh,populstat,step,flat199/0,-1250,-1200,50.0,1,15652,24500,1.565,up,pre-AD1,74600,32.1958,48.2543
Lübeck,buringh,fade,,1075,1100,25.0,1,3833,5999,1.565,up,AD1-1400,250000,53.8655,10.6866
Polizzi Generosa,buringh,fade,,1175,1200,25.0,2,3833,5999,1.565,up,AD1-1400,7920,37.8,14.02
Sevastopil',buringh,fade,,1782,1790,7.9,1,10734,16800,1.565,up,1400-1900,368000,44.6166,33.5254
Trakai,buringh,step,flat541/0,1500,1508,7.9,1,49999,31988,1.563,down,1400-1900,50000,54.6376,24.9341
Milwaukee,populstat,other,,1870,1878,7.9,1,81500,127344,1.563,up,1400-1900,741000,43.041,-87.9097
Chorzów,buringh,other,,1905,1907,2.0,1,66100,103267,1.562,up,1900+,500000,50.294,18.9545
Chorzów,buringh,step,flat0/151,1912,1914,2.0,1,320042,499999,1.562,up,1900+,500000,50.294,18.9545
Meerut,populstat,seam,,1990,1992,2.0,2,813428,1270000,1.561,up,1900+,2210000,28.9845,77.7064
Reims,buringh,other,,1801,1809,7.9,2,20299,31689,1.561,up,1400-1900,212000,49.2583,4.0317
Kryvyi Rih,buringh,other,,1936,1938,2.0,1,100999,157652,1.561,up,1900+,726000,47.9105,33.3918
Sevilla,buringh,other,,1642,1650,7.9,2,120258,77099,1.56,down,1400-1900,703000,37.3891,-5.9845
Lucknow,populstat,other,,1750,1758,7.9,1,49999,77962,1.559,up,1400-1900,5050000,26.8467,80.9462
Burgos,buringh,step,flat314/0,1500,1508,7.9,1,37500,24052,1.559,down,1400-1900,163000,42.3505,-3.6894
Burgos,buringh,other,,1522,1530,7.9,1,10913,7000,1.559,down,1400-1900,163000,42.3505,-3.6894
Granada,buringh,other,,1638,1646,7.9,1,45000,28866,1.559,down,1400-1900,381000,37.1825,-3.6012
Baghdád,populstat,step,flat62/31,1870,1878,7.9,1,77799,121271,1.559,up,1400-1900,6390000,33.3152,44.3661
Léon,populstat,other,,1880,1888,7.9,1,78900,50619,1.559,down,1400-1900,1370000,21.125,-101.686
Magelang,populstat,seam,,2000,2002,2.0,2,1009999,647999,1.559,down,1900+,1010000,-7.4797,110.2177
Jerusalem,populstat,step,flat200/0,597,622,25.0,2,77899,49999,1.558,down,AD1-1400,920000,31.7769,35.2224
Antwerpen,buringh,step,flat321/0,1747,1755,7.9,2,67100,43099,1.557,down,1400-1900,653000,51.2199,4.415
Shanghai,populstat,other,,1865,1873,7.9,1,146000,227297,1.557,up,1400-1900,29600000,31.2304,121.4737
Lingling,populstat,other,,1993,1995,2.0,1,652999,1016467,1.557,up,1900+,1020000,26.2225,111.6311
Pittsburgh,populstat,other,,1870,1878,7.9,1,63000,98056,1.556,up,1400-1900,677000,40.4387,-79.9972
Kron`'stadt,buringh,step,flat0/88,1858,1866,7.9,2,29099,45264,1.555,up,1400-1900,68300,59.9959,29.7655
Astrachan',buringh,other,,1883,1891,7.9,2,67507,105000,1.555,up,1400-1900,524000,46.3586,48.0569
Barcelona,buringh,step,flat0/132,1716,1724,7.9,2,32800,51000,1.555,up,1400-1900,3980000,41.3874,2.1686
Nâgpur,populstat,seam,,2000,2002,2.0,2,1630000,2533406,1.554,up,1900+,3260000,21.1458,79.0882
Tegal,populstat,other,,1997,1999,2.0,1,927243,1439999,1.553,up,1900+,1860000,-6.8797,109.1256
Praha,buringh,other,,1867,1875,7.9,3,154649,240000,1.552,up,1400-1900,1210000,50.0755,14.4378
Baghdád,populstat,other,,1964,1966,2.0,1,486000,754072,1.552,up,1900+,6390000,33.3152,44.3661
Baghdád,populstat,other,,1967,1969,2.0,1,947415,1470000,1.552,up,1900+,6390000,33.3152,44.3661
Altona,buringh,other,,1861,1869,7.9,3,45500,70566,1.551,up,1400-1900,251000,53.5792,9.8746
Nagasaki,populstat,step,flat88/409,1710,1718,7.9,2,64499,41599,1.55,down,1400-1900,449000,32.7503,129.8779
Lubumbashi,populstat,seam,,1993,1995,2.0,2,815300,526000,1.55,down,1900+,2830000,-11.6876,27.5026
Belém,populstat,other,,1876,1884,7.9,2,61999,40000,1.55,down,1400-1900,2180000,-1.4563,-48.5013
Amarapura,populstat,step,flat0/314,1832,1840,7.9,2,32717,50699,1.55,up,1400-1900,180000,21.9039,96.0494
Nagoya,populstat,other,,1887,1895,7.9,2,131999,204536,1.55,up,1400-1900,7280000,35.1815,136.9066
Montréal,populstat,seam,,2000,2002,2.0,2,3408497,2200000,1.549,down,1900+,3430000,45.5019,-73.5674
Santo Domingo,populstat,seam,,2002,2004,2.0,2,2059999,3190943,1.549,up,1900+,4600000,18.4626,-69.9361
Charkiv,buringh,other,,1866,1874,7.9,2,60000,92934,1.549,up,1400-1900,1610000,50.002,36.3074
Charkiv,buringh,other,,1877,1885,7.9,1,110400,171000,1.549,up,1400-1900,1610000,50.002,36.3074
Wroclaw,buringh,fade,,1217,1242,25.0,2,7747,12000,1.549,up,AD1-1400,642000,51.1093,17.0386
Lisboa,buringh,seam,,2000,2002,2.0,2,1090000,1687508,1.548,up,1900+,1910000,38.7223,-9.1393
Bucuresti,buringh,step,flat850/0,1790,1798,7.9,1,49999,32310,1.547,down,1400-1900,2210000,44.4268,26.1025
Hyderâbâd,populstat,seam,,1999,2001,2.0,2,4170000,6452478,1.547,up,1900+,9190000,17.4065,78.4772
Mykolajiv,buringh,step,flat0/62,1832,1840,7.9,1,23277,35999,1.547,up,1400-1900,516000,46.9661,32.0032
Donec'k,buringh,other,,1936,1938,2.0,1,239000,369609,1.546,up,1900+,1020000,48.0159,37.8028
Manila,populstat,seam,,1989,1991,2.0,2,9313414,14399999,1.546,up,1900+,24700000,14.5995,120.9842
Thành Phô Hô' Chí Minh,populstat,seam,,1992,1994,2.0,2,3020000,4668985,1.546,up,1900+,14100000,10.8231,106.6297
Dunkerque,buringh,step,flat75/0,1793,1801,7.9,2,25199,16300,1.546,down,1400-1900,191000,51.0344,2.3768
Recife,populstat,step,flat0/113,1830,1838,7.9,1,52799,81619,1.546,up,1400-1900,3690000,-8.0578,-34.8829
Gdansk,buringh,other,,1942,1944,2.0,1,283000,183363,1.543,down,1900+,494000,54.352,18.6466
Gdansk,buringh,other,,1944,1946,2.0,1,182119,117999,1.543,down,1900+,494000,54.352,18.6466
Jersey City,populstat,other,,1860,1868,7.9,2,49299,75968,1.541,up,1400-1900,299000,40.7195,-74.043
Venezia,buringh,other,,800,825,25.0,1,5999,9243,1.541,up,AD1-1400,411000,45.4404,12.316
Venezia,buringh,step,flat0/188,881,906,25.0,1,24340,37500,1.541,up,AD1-1400,411000,45.4404,12.316
Baghdád,populstat,other,,1638,1646,7.9,1,30000,19473,1.541,down,1400-1900,6390000,33.3152,44.3661
Hohhot,populstat,other,,1993,1995,2.0,1,895000,1378760,1.541,up,1900+,2120000,40.8415,111.752
Buenos Aires,populstat,seam,,2000,2002,2.0,2,7820000,12045661,1.54,up,1900+,14000000,-34.6037,-58.3821
Vilnius,buringh,step,flat113/0,1858,1866,7.9,2,51100,78692,1.54,up,1400-1900,589000,54.6872,25.2797
Mumbaî,populstat,other,,1826,1834,7.9,1,161999,249470,1.54,up,1400-1900,20200000,18.9582,72.8321
Mumbaî,populstat,other,,1841,1849,7.9,1,367546,565999,1.54,up,1400-1900,20200000,18.9582,72.8321
Bharatpur,populstat,step,flat0/1064,1883,1891,7.9,2,66200,42999,1.54,down,1400-1900,403000,27.2152,77.503
Pâtan,populstat,step,flat64/206,1150,1175,25.0,1,135000,87700,1.539,down,AD1-1400,224000,23.85,72.121
Warszawa,buringh,other,,1857,1865,7.9,1,157999,243176,1.539,up,1400-1900,1880000,52.2297,21.0122
Kunming,populstat,step,flat75/0,1999,2001,2.0,1,3159999,4863530,1.539,up,1900+,4880000,24.8797,102.8332
Luoyang,populstat,other,,1952,1954,2.0,1,149000,229203,1.538,up,1900+,1850000,34.6181,112.454
Luoyang,populstat,other,,1955,1957,2.0,1,286684,440999,1.538,up,1900+,1850000,34.6181,112.454
Haikou,populstat,other,,1955,1957,2.0,1,230820,355000,1.538,up,1900+,1460000,20.0442,110.1999
Milwaukee,populstat,other,,1860,1868,7.9,2,47399,72881,1.538,up,1400-1900,741000,43.041,-87.9097
Delhi,populstat,other,,1193,1218,25.0,1,30000,46126,1.538,up,AD1-1400,30200000,28.7041,77.1025
Delhi,populstat,step,flat0/100,1225,1250,25.0,1,52030,80000,1.538,up,AD1-1400,30200000,28.7041,77.1025
Liaoyang,populstat,step,flat100/0,1200,1225,25.0,1,60000,39024,1.537,down,AD1-1400,669000,41.2681,123.2374
Liaoyang,populstat,other,,1263,1288,25.0,2,20294,13199,1.537,down,AD1-1400,669000,41.2681,123.2374
Ecatepec de Morelos,populstat,other,,1987,1989,2.0,1,754503,1159999,1.537,up,1900+,1900000,19.5671,-99.0445
Jodhpur,populstat,step,flat56/277,1890,1898,7.9,2,94999,61800,1.537,down,1400-1900,1520000,26.2389,73.0243
Melbourne,populstat,other,,1854,1862,7.9,1,71199,109435,1.537,up,1400-1900,3640000,-37.8136,144.9631
Melbourne,populstat,other,,1867,1875,7.9,2,144435,222000,1.537,up,1400-1900,3640000,-37.8136,144.9631
Wahrân,populstat,step,flat277/0,1997,1999,2.0,1,631999,971180,1.537,up,1900+,1210000,35.6987,-0.6349
Magdeburg,buringh,other,,1631,1639,7.9,1,24999,16268,1.537,down,1400-1900,337000,52.1132,11.6081
Magdeburg,buringh,other,,1642,1650,7.9,1,13737,8940,1.537,down,1400-1900,337000,52.1132,11.6081
Smolensk,buringh,step,flat100/140,1200,1225,25.0,1,40000,26042,1.536,down,AD1-1400,356000,54.7903,32.0504
"Iskandarîyah, Al-",populstat,other,,-200,-150,50.0,1,424000,651152,1.536,up,pre-AD1,7270000,31.2001,29.9187
"Iskandarîyah, Al-",populstat,step,flat0/99,-150,-100,50.0,1,651152,1000000,1.536,up,pre-AD1,7270000,31.2001,29.9187
New York,populstat,other,,1830,1838,7.9,1,285999,439215,1.536,up,1400-1900,14000000,40.7128,-74.006
Szeged,buringh,other,,1846,1854,7.9,2,35899,55109,1.535,up,1400-1900,181000,46.253,20.1414
Nashville-Davidson,populstat,other,,1870,1878,7.9,1,31299,48042,1.535,up,1400-1900,570000,36.1627,-86.7816
Padova,buringh,step,flat0/100,1837,1845,7.9,1,35199,54018,1.535,up,1400-1900,263000,45.4105,11.8782
Huainan,populstat,seam,,1999,2001,2.0,2,1259686,820999,1.534,down,1900+,1260000,32.6255,116.9998
Guangzhou,populstat,step,flat0/251,1982,1984,2.0,1,3140000,4813847,1.533,up,1900+,27600000,23.1291,113.2644
Rio de Janeiro,populstat,other,,1867,1875,7.9,4,420000,274000,1.533,down,1400-1900,9500000,-22.9068,-43.1729
León,buringh,step,flat0/365,1814,1822,7.9,1,20876,32000,1.533,up,1400-1900,156000,42.5984,-5.5719
Nezahualcóyotl,populstat,terminal,frozen25y,1999,2001,2.0,2,1899999,1239999,1.532,down,1900+,1900000,19.3995,-98.9897
Leeds,buringh,other,,1775,1783,7.9,1,17100,26201,1.532,up,1400-1900,1080000,53.8008,-1.5491
Kaliningrad,buringh,fade,,1275,1300,25.0,2,3591,5499,1.531,up,AD1-1400,438000,54.7104,20.4522
Alcázar de San Juan,buringh,other,,1375,1400,25.0,1,7182,11000,1.531,up,1400-1900,29000,39.3901,-3.2101
Barbastro,buringh,fade,,700,725,25.0,2,1000,1531,1.531,up,AD1-1400,17600,42.036,0.1284
Barbastro,buringh,fade,,775,800,25.0,2,3591,5499,1.531,up,AD1-1400,17600,42.036,0.1284
Rostock,buringh,fade,,1175,1200,25.0,2,3591,5499,1.531,up,AD1-1400,251000,54.0924,12.0991
Greenwich,buringh,other,,1890,1898,7.9,1,53099,81287,1.531,up,1400-1900,218000,51.4934,0.0098
Detroit,populstat,other,,1870,1878,7.9,1,85400,130714,1.531,up,1400-1900,1850000,42.3297,-83.0425
Rennes,buringh,other,,1550,1558,7.9,1,21000,13721,1.53,down,1400-1900,264000,48.1173,-1.6778
Rennes,buringh,other,,1560,1568,7.9,1,12243,8000,1.53,down,1400-1900,264000,48.1173,-1.6778
Kaohsiung,populstat,seam,,2001,2003,2.0,2,1490000,2279451,1.53,up,1900+,2280000,22.6273,120.3014
Almaty,populstat,other,,1931,1933,2.0,1,128798,197000,1.53,up,1900+,2370000,43.238,76.8829
Torreón,populstat,seam,,2000,2002,2.0,2,529000,808993,1.529,up,1900+,1230000,25.5428,-103.4068
Bogotá,populstat,other,,1963,1965,2.0,1,798999,1221537,1.529,up,1900+,10600000,4.711,-74.0721
Bogotá,populstat,other,,1965,1967,2.0,1,1229695,1879999,1.529,up,1900+,10600000,4.711,-74.0721
Rotterdam,buringh,other,,1891,1899,7.9,3,209396,320000,1.528,up,1400-1900,1070000,51.9244,4.4777
Orléans,buringh,other,,1642,1650,7.9,2,23566,35999,1.528,up,1400-1900,260000,47.9032,1.9085
T'bilisi,populstat,seam,,2002,2004,2.0,2,1380000,903609,1.527,down,1900+,1380000,41.6938,44.8015
Rio de Janeiro,populstat,other,,1882,1890,7.9,2,337229,514999,1.527,up,1400-1900,9500000,-22.9068,-43.1729
Chengdu,populstat,other,,1345,1370,25.0,2,50386,32999,1.527,down,AD1-1400,10200000,30.5723,104.0665
Sete Pontes,populstat,terminal,frozen34y,1989,1991,2.0,1,510240,778999,1.527,up,1900+,779000,-22.846,-43.062
Nairobi,populstat,other,,1998,2000,2.0,2,2059999,1350000,1.526,down,1900+,6130000,-1.2921,36.8219
Bucuresti,buringh,other,,1939,1941,2.0,1,647999,988719,1.526,up,1900+,2210000,44.4268,26.1025
New York,populstat,other,,1840,1848,7.9,1,491000,746970,1.521,up,1400-1900,14000000,40.7128,-74.006
Santiago,populstat,other,,1825,1833,7.9,1,40000,60809,1.52,up,1400-1900,6730000,-33.4489,-70.6693
Adelaide,populstat,seam,,2000,2002,2.0,2,1090000,717629,1.519,down,1900+,1090000,-34.9285,138.6007
Tasikmalaya,populstat,step,flat0/302,1987,1989,2.0,1,875803,1330000,1.519,up,1900+,2830000,-7.3506,108.2172
Pikine,populstat,terminal,frozen31y,1992,1994,2.0,1,563136,855000,1.518,up,1900+,855000,14.7547,-17.3939
Qingdao,populstat,other,,1924,1926,2.0,1,177876,269999,1.518,up,1900+,7100000,36.0662,120.383
Louisville,populstat,other,,1840,1848,7.9,1,28500,43250,1.518,up,1400-1900,378000,38.2469,-85.7664
Cleveland,populstat,other,,1870,1878,7.9,1,110000,166904,1.517,up,1400-1900,915000,41.4993,-81.6944
Oslo,buringh,other,,1875,1883,7.9,1,76899,116659,1.517,up,1400-1900,875000,59.9139,10.7522
São Paulo,populstat,other,,1892,1900,7.9,1,128137,194310,1.516,up,1900+,18900000,-23.5558,-46.6396
Qiqihar,populstat,seam,,2000,2002,2.0,2,1420000,937067,1.515,down,1900+,1430000,47.3543,123.918
Dijon,buringh,step,flat170/0,1779,1787,7.9,2,30299,20000,1.515,down,1400-1900,236000,47.3301,5.048
Orel,buringh,other,,1863,1871,7.9,2,35000,53020,1.515,up,1400-1900,346000,52.9668,36.0625
Kyôto,populstat,other,,1550,1558,7.9,1,100000,151476,1.515,up,1400-1900,1470000,35.0116,135.7681
Kyôto,populstat,other,,1563,1571,7.9,1,198049,300000,1.515,up,1400-1900,1470000,35.0116,135.7681
T'aipei,populstat,other,,1919,1921,2.0,1,107999,163467,1.514,up,1900+,9230000,25.033,121.5654
Columbus,populstat,other,,1870,1878,7.9,1,37199,56300,1.513,up,1400-1900,731000,39.9625,-83.0032
Debrecen,buringh,other,,1850,1858,7.9,1,55100,36418,1.513,down,1400-1900,212000,47.5289,21.6254
Nantong,populstat,seam,,1993,1995,2.0,2,556534,842000,1.513,up,1900+,1680000,31.9796,120.8937
Messina,buringh,step,flat566/0,1740,1748,7.9,1,44000,29094,1.512,down,1400-1900,275000,38.1937,15.5542
Dallas,populstat,seam,,1999,2001,2.0,2,1176372,777999,1.512,down,1900+,1520000,32.7767,-96.797
Chaves,buringh,step,flat0/1448,1782,1790,7.9,1,17861,26999,1.512,up,1400-1900,44500,41.7159,-7.4814
Luanda,populstat,other,,2005,2007,2.0,1,1249999,1889472,1.512,up,1900+,11400000,-8.8147,13.2302
Luanda,populstat,other,,2008,2010,2.0,1,2341923,3539999,1.512,up,1900+,11400000,-8.8147,13.2302
Sydney,populstat,other,,1843,1851,7.9,2,33746,51000,1.511,up,1400-1900,4150000,-33.8688,151.2093
Washington,populstat,other,,1850,1858,7.9,1,46199,69800,1.511,up,1400-1900,3270000,38.9067,-77.0366
Pune,populstat,other,,1750,1758,7.9,1,37500,56641,1.51,up,1400-1900,6820000,18.5246,73.8786
Pune,populstat,step,flat0/188,1762,1770,7.9,1,70177,106000,1.51,up,1400-1900,6820000,18.5246,73.8786
Bandung,populstat,other,,1901,1903,2.0,1,109000,72187,1.51,down,1900+,8910000,-6.9175,107.6191
Berlin,buringh,other,,1859,1867,7.9,3,463999,700494,1.51,up,1400-1900,4340000,52.52,13.405
Sunderland,buringh,other,,1813,1821,7.9,1,23185,35000,1.51,up,1400-1900,287000,54.9044,-1.3812
Rio de Janeiro,populstat,other,,1807,1815,7.9,4,49999,75434,1.509,up,1400-1900,9500000,-22.9068,-43.1729
Laon,buringh,other,,922,947,25.0,1,18566,28000,1.508,up,AD1-1400,29800,49.5641,3.6199
Laon,buringh,other,,800,825,25.0,1,2499,3770,1.508,up,AD1-1400,29800,49.5641,3.6199
Luoyang,populstat,other,,-300,-250,50.0,1,249999,165831,1.508,down,pre-AD1,1850000,34.6181,112.454
Luoyang,populstat,other,,-250,-200,50.0,1,165831,110000,1.508,down,pre-AD1,1850000,34.6181,112.454
Toulon,buringh,other,,1801,1809,7.9,2,20499,30900,1.507,up,1400-1900,453000,43.1257,5.9285
Beijing,populstat,step,flat260/0,1400,1408,7.9,1,400000,265521,1.506,down,1400-1900,17000000,39.9042,116.4074
Beijing,populstat,other,,1411,1419,7.9,1,225970,150000,1.506,down,1400-1900,17000000,39.9042,116.4074
Baltimore,populstat,other,,1790,1798,7.9,1,13500,20335,1.506,up,1400-1900,1150000,39.2905,-76.6104
Baltimore,populstat,other,,1812,1820,7.9,1,42155,63500,1.506,up,1400-1900,1150000,39.2905,-76.6104
Aix-en-Provence,devries,step,flat629/0,1800,1808,7.9,2,28000,18591,1.506,down,1400-1900,134000,43.5323,5.451
T'bilisi,populstat,other,,1867,1875,7.9,2,60899,91696,1.506,up,1400-1900,1380000,41.6938,44.8015
Elberfeld,buringh,other,,1856,1864,7.9,2,41100,61876,1.506,up,1400-1900,167000,51.2494,7.1496
Washington,populstat,other,,1830,1838,7.9,1,18699,28145,1.505,up,1400-1900,3270000,38.9067,-77.0366
Paris,buringh,other,,1856,1864,7.9,2,1179999,1775218,1.504,up,1400-1900,10100000,48.8575,2.3514
Bogotá,populstat,other,,1860,1868,7.9,2,40900,61517,1.504,up,1400-1900,10600000,4.711,-74.0721
Harare,populstat,seam,,2000,2002,2.0,2,1190000,1789851,1.504,up,1900+,2120000,-17.8263,31.0504
Milano,buringh,seam,,1999,2001,2.0,2,3759999,2499999,1.504,down,1900+,3760000,45.4685,9.1824
Zacatecas,populstat,step,flat0/529,1889,1897,7.9,3,60000,39900,1.504,down,1400-1900,272000,22.7728,-102.5766
Genève,buringh,other,,1886,1894,7.9,3,52799,79370,1.503,up,1400-1900,437000,46.2044,6.1432
Kaliningrad,buringh,step,flat125/0,1930,1932,2.0,1,278999,185667,1.503,down,1900+,438000,54.7104,20.4522
Sefton,buringh,other,,1958,1960,2.0,1,187013,280999,1.503,up,1900+,306000,53.5034,-2.9704
Athínai,populstat,other,,1871,1879,7.9,1,48100,72256,1.502,up,1400-1900,3380000,37.9838,23.7275
Toledo,populstat,other,,1870,1878,7.9,1,34799,52272,1.502,up,1400-1900,378000,41.6528,-83.5379
Reims,buringh,step,flat560/0,1919,1921,2.0,2,115000,76600,1.501,down,1900+,212000,49.2583,4.0317
Smolensk,buringh,other,,1000,1025,25.0,1,3500,5252,1.501,up,AD1-1400,356000,54.7903,32.0504
Smolensk,buringh,step,flat0/100,1125,1150,25.0,1,26651,40000,1.501,up,AD1-1400,356000,54.7903,32.0504
Rochdale,buringh,step,flat132/0,1861,1869,7.9,1,38099,57150,1.5,up,1400-1900,209000,53.6097,-2.1561
Napoli,buringh,step,flat0/100,1340,1365,25.0,2,60000,40000,1.5,down,AD1-1400,2850000,40.8518,14.2681
Yinchuan,populstat,step,flat856/0,1856,1864,7.9,2,90000,60000,1.5,down,1400-1900,1790000,38.4863,106.2325
Thessaloniki,buringh,step,flat377/0,1706,1714,7.9,2,45000,30000,1.5,down,1400-1900,799000,40.6401,22.9444
Qacentina,populstat,step,flat0/251,1808,1816,7.9,2,20000,30000,1.5,up,1400-1900,520000,36.3569,6.6389
Bukhara,chandler_modelski,step,flat629/0,1747,1755,7.9,2,90000,60000,1.5,down,1400-1900,250000,39.7659,64.4223
Gauda,chandler_modelski,step,flat0/150,1200,1225,25.0,2,60000,90000,1.5,up,AD1-1400,210000,24.8667,88.1333
Versailles,buringh,other,,1793,1801,7.9,2,37500,24999,1.5,down,1400-1900,206000,48.8023,2.1297
Jerez de la Frontera,buringh,step,flat188/0,1814,1822,7.9,2,30000,20000,1.5,down,1400-1900,187000,36.685,-6.1261
